day,L=1|z_min=0.0,L=1|z_min=0.5,L=3|z_min=0.0,L=3|z_min=0.5
2024-01-01,0.0,0.0,0.0,0.0
2024-01-02,0.0,0.0,0.0,0.0
2024-01-03,0.0,0.0,0.0,0.0
2024-01-04,0.0,0.0,0.0,0.0
2024-01-05,0.0,0.0,0.0,0.0
2024-01-06,0.0,0.0,0.0,0.0
2024-01-07,0.0,0.0,0.0,0.0
2024-01-08,0.0,0.0,0.0,0.0
2024-01-09,0.0,0.0,0.0,0.0
2024-01-10,0.0,0.0,0.0,0.0
2024-01-11,0.0,0.0,0.0,0.0
2024-01-12,0.0,0.0,0.0,0.0
2024-01-13,0.0,0.0,0.0,0.0
2024-01-14,0.0,0.0,0.0,0.0
2024-01-15,0.0,0.0,0.0,0.0
2024-01-16,0.0,0.0,0.0,0.0
2024-01-17,0.0,0.0,0.0,0.0
2024-01-18,0.0,0.0,0.0,0.0
2024-01-19,0.0,0.0,0.0,0.0
2024-01-20,0.0,0.0,0.0,0.0
2024-01-21,0.0,0.0,0.0,0.0
2024-01-22,0.0,0.0,0.0,0.0
2024-01-23,0.0,0.0,0.0,0.0
2024-01-24,0.0,0.0,0.0,0.0
2024-01-25,0.0,0.0,0.0,0.0
2024-01-26,0.0,0.0,0.0,0.0
2024-01-27,0.0,0.0,0.0,0.0
2024-01-28,0.0,0.0,0.0,0.0
2024-01-29,0.0,0.0,0.0,0.0
2024-01-30,0.0,0.0,0.0,0.0
2024-01-31,0.0,0.0,0.0,0.0
2024-02-01,0.0,0.0,0.0,0.0
2024-02-02,0.0,0.0,0.0,0.0
2024-02-03,0.0,0.0,0.0,0.0
2024-02-04,0.0,0.0,0.0,0.0
2024-02-05,0.0,0.0,0.0,0.0
2024-02-06,0.0,0.0,0.0,0.0
2024-02-07,0.0,0.0,0.0,0.0
2024-02-08,0.0,0.0,0.0,0.0
2024-02-09,0.0,0.0,0.0,0.0
2024-02-10,0.0,0.0,0.0,0.0
2024-02-11,0.0,0.0,0.0,0.0
2024-02-12,0.0,0.0,0.0,0.0
2024-02-13,0.0,0.0,0.0,0.0
2024-02-14,0.0,0.0,0.0,0.0
2024-02-15,0.0,0.0,0.0,0.0
2024-02-16,0.0,0.0,0.0,0.0
2024-02-17,0.0,0.0,0.0,0.0
2024-02-18,0.0,0.0,0.0,0.0
2024-02-19,0.0,0.0,0.0,0.0
2024-02-20,0.0,0.0,0.0,0.0
2024-02-21,0.0,0.0,0.0,0.0
2024-02-22,0.0,0.0,0.0,0.0
2024-02-23,0.0,0.0,0.0,0.0
2024-02-24,0.0,0.0,0.0,0.0
2024-02-25,0.0,0.0,0.0,0.0
2024-02-26,0.0,0.0,0.0,0.0
2024-02-27,0.0,0.0,0.0,0.0
2024-02-28,0.0,0.0,0.0,0.0
2024-02-29,0.0,0.0,0.0,0.0
2024-03-01,0.0,0.0,0.0,0.0
2024-03-02,0.0,0.0,0.0,0.0
2024-03-03,0.0,0.0,0.0,0.0
2024-03-04,0.0,0.0,0.0,0.0
2024-03-05,0.0,0.0,0.0,0.0
2024-03-06,0.0,0.0,0.0,0.0
2024-03-07,0.0,0.0,0.0,0.0
2024-03-08,0.0,0.0,0.0,0.0
2024-03-09,0.0,0.0,0.0,0.0
2024-03-10,0.0,0.0,0.0,0.0
2024-03-11,0.0,0.0,0.0,0.0
2024-03-12,0.0,0.0,0.0,0.0
2024-03-13,0.0,0.0,0.0,0.0
2024-03-14,0.0,0.0,0.0,0.0
2024-03-15,0.0,0.0,0.0,0.0
2024-03-16,0.0,0.0,0.0,0.0
2024-03-17,0.0,0.0,0.0,0.0
2024-03-18,0.0,0.0,0.0,0.0
2024-03-19,0.0,0.0,0.0,0.0
2024-03-20,0.0,0.0,0.0,0.0
2024-03-21,0.0,0.0,0.0,0.0
2024-03-22,0.0,0.0,0.0,0.0
2024-03-23,0.0,0.0,0.0,0.0
2024-03-24,0.0,0.0,0.0,0.0
2024-03-25,0.0,0.0,0.0,0.0
2024-03-26,0.0,0.0,0.0,0.0
2024-03-27,0.0,0.0,0.0,0.0
2024-03-28,0.0,0.0,0.0,0.0
2024-03-29,0.0,0.0,0.0,0.0
2024-03-30,0.0,0.0,0.0,0.0
2024-03-31,0.00689396719644643,0.0,0.0,0.0
2024-04-01,-9.008431737752984e-05,0.0,0.0,0.0
2024-04-02,-0.014113798356451391,-0.014113798356451391,-0.014113798356451391,0.0
2024-04-03,0.0018851444824738053,0.0018851444824738053,0.0018851444824738053,0.0017956152822904315
2024-04-04,-9.18562961088086e-05,-9.18562961088086e-05,0.004769087157369991,0.004769087157369991
2024-04-05,0.0,0.0,-0.0015518147044356152,-0.0015518147044356152
2024-04-06,0.002839060248124664,0.0,-9.315374302250142e-05,-9.315374302250142e-05
2024-04-07,-9.276541786520332e-05,0.0,0.0,0.0
2024-04-08,0.0,0.0,0.007519507456231963,0.0
2024-04-09,0.0,0.0,-9.273757195470332e-05,0.0
2024-04-10,0.003572089751138186,0.003572089751138186,0.004780582488525585,0.0
2024-04-11,-9.181972819695748e-05,-9.181972819695748e-05,-9.181972819695748e-05,0.0
2024-04-12,-0.013434219102668288,0.0,-0.013434219102668288,-0.013434219102668288
2024-04-13,-0.013623098950729263,-0.013713259096856641,-0.013623098950729263,-0.013623098950729263
2024-04-14,0.008256443464883354,0.008256443464883354,0.008256443464883354,0.008256443464883354
2024-04-15,-8.837753856223777e-05,-8.837753856223777e-05,-0.005628299776367574,-0.005628299776367574
2024-04-16,-0.00012316351499313134,-0.00012316351499313134,-3.4814495719381175e-05,-3.4814495719381175e-05
2024-04-17,-0.00726064844109257,-8.860677063174937e-05,-0.00883600390931739,-8.860677063174937e-05
2024-04-18,0.0075370582763281705,0.007527523075806336,0.0075370582763281705,0.007527523075806336
2024-04-19,-9.803693451537971e-05,-9.803693451537971e-05,0.0003456901646425138,-9.803693451537971e-05
2024-04-20,0.008998208573620936,0.0,0.006983693555783219,0.0
2024-04-21,-0.00011260857292122927,0.0,-0.00011260857292122927,0.0
2024-04-22,0.006333329753852164,0.0,0.0,0.0
2024-04-23,-0.00011354750117562902,0.0,0.0,0.0
2024-04-24,-0.009856436372398964,0.0,0.0,0.0
2024-04-25,0.0011278183221820688,0.0011278140867336192,0.0011278140867336192,0.0009154987479347788
2024-04-26,-0.0035202911965888355,-0.00012050795054996187,-0.0028732150756138634,-0.003402157798795822
2024-04-27,0.005001681890037173,-0.0017268298234953473,0.0051200934389272435,0.005001681890037173
2024-04-28,-0.0017045941714019176,-0.00012022979945290554,-0.0017045941714019176,-0.0017045941714019176
2024-04-29,-0.0005464378467123646,0.0,0.0035239819761764676,0.0035239819761764676
2024-04-30,-0.019486073392918524,-0.019486073392918524,-0.015399692586925097,-0.00011944252382345035
2024-05-01,-0.008372443436138823,-0.008372443436138823,-0.008372443436138823,-0.008374466404082874
2024-05-02,0.0026794114056333603,0.003782178189271323,0.0026794114056333603,0.0026794114056333603
2024-05-03,-0.0001263086629076994,-0.0001263086629076994,0.016181181901976073,0.016181181901976073
2024-05-04,0.0,0.0,-0.00012519670005163762,-0.00012519670005163762
2024-05-05,0.0,0.0,0.0,0.0
2024-05-06,-0.004072992823646558,0.0,0.0,0.0
2024-05-07,-0.004974535120063288,-0.004975482920130676,-0.004975482920130676,0.0
2024-05-08,-0.004669472331275777,-0.004669472331275777,-0.004669472331275777,-0.004789496979588224
2024-05-09,0.008426856933091694,0.0099902134999983,0.008426856933091694,0.008426856933091694
2024-05-10,-0.00013154786812267526,-0.00013154786812267526,-0.012921705890922664,-0.00013154786812267526
2024-05-11,2.250057132961264e-05,2.250057132961264e-05,0.00014957106611145706,2.250057132961264e-05
2024-05-12,0.0026943471530580508,-0.00012987214823417673,0.0026943471530580508,-0.00012987214823417673
2024-05-13,-0.0001357100301496318,0.0,0.005690091808192932,0.0055543817780433005
2024-05-14,0.0,0.0,-0.00014876278289085052,-0.00014876278289085052
2024-05-15,0.024760503920896626,0.024760503920896626,0.020179908590381015,0.0
2024-05-16,-0.0001572826655663964,-0.0001572826655663964,-0.0001572826655663964,0.0
2024-05-17,0.01355397309670015,0.01355397309670015,0.01763353939970241,0.0
2024-05-18,-0.00014263225900667246,-0.00014263225900667246,-0.00014263225900667246,0.0
2024-05-19,-0.0035307389491044438,0.0,0.0,0.0
2024-05-20,0.04777417105015383,0.06794846607819505,0.0,0.0
2024-05-21,-0.00014078364227750766,-0.00014078364227750766,0.0,0.0
2024-05-22,-0.003585511301433345,-0.003585511301433345,0.0,0.0
2024-05-23,-0.0008909814233424003,-0.00010034949278082104,0.0,0.0
2024-05-24,0.0020011884819550823,0.0020011884819550823,0.0020011884819550823,0.0020011884819550823
2024-05-25,0.0011845486216746257,-0.00010143913447800805,0.0019032304980539456,0.0026219123744332653
2024-05-26,-0.00010135059693469388,0.0,-0.0030719845977839988,-0.00010135059693469388
2024-05-27,0.003301890173017881,0.0,-0.00010156340125060717,0.0
2024-05-28,-0.0001017660270459236,0.0,0.0,0.0
2024-05-29,-0.004146226948648217,0.0,-0.0029855418241605137,0.0
2024-05-30,0.0005968644773132361,-0.0016592220348633497,0.0005007315492575365,0.0
2024-05-31,0.0008103991131719194,-0.00010731935560154636,-0.0012246642394179318,0.0008103991131719194
2024-06-01,0.0005882888538772508,0.0,0.002257661248806178,-0.00010837256919739496
2024-06-02,-0.00010833540143470129,0.0,-0.00010833540143470129,0.0
2024-06-03,-0.0013245954107072204,0.0,0.004108307279263026,0.0
2024-06-04,0.003174027458004062,0.0,-0.00011196080739630234,0.0
2024-06-05,-0.0001117895998487305,0.0,0.0,0.0
2024-06-06,0.0,0.0,0.0,0.0
2024-06-07,-0.008264531675789477,0.0,0.0,0.0
2024-06-08,-6.0009231227584654e-05,-0.0001745852982577123,-0.0001745852982577123,-2.2283487441134022e-05
2024-06-09,-0.00011473477511859191,-0.00011473477511859191,0.0015959437403369153,0.0014830493690784364
2024-06-10,0.0,0.0,-0.0018077887516726571,-0.00011657517897870497
2024-06-11,-0.01170071583638627,0.0,-0.00011655812253919872,0.0
2024-06-12,0.004555375031777719,0.004439151223680763,0.004439151223680763,0.004439151223680763
2024-06-13,-0.00011639049930231115,-0.00011639049930231115,-0.0068228519275907425,-0.007489414490892154
2024-06-14,-0.0014121737603980753,-0.0014121737603980753,-0.0012984151108847949,-0.0014047407616644134
2024-06-15,0.0005849271099714957,-0.00012119164824694264,0.004101429303962389,-0.00012119164824694264
2024-06-16,-0.00012092899031607221,0.0,0.0018422256274385378,0.0018422256274385378
2024-06-17,0.0,0.0,-0.00012397961930978613,-0.00012397961930978613
2024-06-18,-0.004491258747976205,-0.002596181440660079,0.0,0.0
2024-06-19,0.005725015324698031,-0.002627607283715264,0.005600839459910767,0.0
2024-06-20,-0.001151614845455998,-0.00025725655037997454,-0.0048037358123195545,-0.001151614845455998
2024-06-21,-0.0034348627335549697,0.0,-0.007612156149370981,-0.007355646538007384
2024-06-22,0.0007473193467569668,0.0,0.001002711970656277,-0.0002566737728359169
2024-06-23,-0.01431582130246324,0.0,-0.01241592435702376,0.0
2024-06-24,-0.021726985441916865,-0.021729582346530548,-0.021473698371146734,-0.03030497791428884
2024-06-25,0.011639402148792678,0.011639402148792678,0.011639402148792678,0.01138554085951465
2024-06-26,-0.0002538612892780281,-0.0002538612892780281,-0.00674748221049788,-0.00951683035712377
2024-06-27,0.01054058767996141,0.007558424842893811,0.010768084673298945,0.007785921836231344
2024-06-28,-0.00023611328816489885,-0.00023611328816489885,-0.00023611328816489885,-0.00023611328816489885
2024-06-29,0.002064583139212547,0.002064583139212547,0.002064583139212547,0.0
2024-06-30,-0.0002298692864024331,-0.0002298692864024331,-0.0002298692864024331,0.0
2024-07-01,0.0,0.0,0.0,0.0
2024-07-02,0.0,0.0,0.0,0.0
2024-07-03,-0.01868806982994346,0.0,0.0,0.0
2024-07-04,-0.03479477438991292,-0.03501151293399592,-0.03501151293399592,-0.03501151293399592
2024-07-05,-0.009139263971455296,-0.009139263971455296,-0.009139263971455296,-0.009139263971455296
2024-07-06,0.012873070407117215,0.012730480451060342,0.012873070407117215,0.012873070407117215
2024-07-07,-0.00018233056910911777,-0.00018233056910911777,-0.01981455668028552,-0.01981455668028552
2024-07-08,0.00961869968204251,0.00961869968204251,0.009784687594424265,0.012800225201348719
2024-07-09,-0.00017561773769157168,-0.00017561773769157168,-0.00017561773769157168,-0.00017561773769157168
2024-07-10,0.0,0.0,0.0,0.0
2024-07-11,-0.003093471319457871,0.0,0.0,0.0
2024-07-12,0.003998103255632256,0.0,0.0,0.0
2024-07-13,-0.00016773413250543837,0.0,0.0,0.0
2024-07-14,0.0,0.0,0.0,0.0
2024-07-15,0.0,0.0,0.0,0.0
2024-07-16,0.0,0.0,0.0,0.0
2024-07-17,-0.006028404270047197,0.0,0.0,0.0
2024-07-18,0.0015883916015309724,0.0015876913444361894,0.0,0.0
2024-07-19,0.014527633954030388,-0.00014165967956780262,0.011129015095607243,0.0
2024-07-20,-0.00014111782239656343,0.0,-0.00014111782239656343,0.0
2024-07-21,0.0,0.0,0.0,0.0
2024-07-22,0.0,0.0,0.0,0.0
2024-07-23,-0.0021101539134955587,0.0040993802381624565,0.0040993802381624565,0.0
2024-07-24,-0.003292140625009177,-0.003430884316869765,-0.009232955927417562,-0.003292140625009177
2024-07-25,-0.0076567045646839076,-0.017511871985432206,-0.0075156100605420235,-0.0076567045646839076
2024-07-26,0.01078514588573028,0.010923311674148579,0.01104945213173883,0.01104945213173883
2024-07-27,-0.00014042960577419114,-0.00014042960577419114,-0.0028163503259121393,-0.0028163503259121393
2024-07-28,0.001699453546450206,0.0,0.002005113917724261,0.002005113917724261
2024-07-29,-0.0001380695044304143,0.0,-0.0001380695044304143,-0.0001380695044304143
2024-07-30,-0.003281894270744025,-0.003281894270744025,-0.003281894270744025,-0.003281894270744025
2024-07-31,-0.00681249193848559,-0.00013971559595183454,-0.008268304676303961,-0.008268304676303961
2024-08-01,0.0002595362507206779,0.00012008689058613597,0.00011998533124976833,0.0038281375331432397
2024-08-02,-0.024009009837751352,-0.00013955091947090957,-0.022489533519666954,-0.022625925610144072
2024-08-03,-0.008745012500640213,-0.008765235771542895,-0.008622526023078194,-0.008622526023078194
2024-08-04,-0.02086751950311971,-0.026716093043678838,-0.02086751950311971,-0.02086751950311971
2024-08-05,-0.03103243172584772,-0.031174947792048997,-0.03103243172584772,-0.03103243172584772
2024-08-06,0.009355941028076858,0.009355941028076858,0.009355941028076858,0.009355941028076858
2024-08-07,-0.0001387815442953626,-0.0001387815442953626,-0.009608135371118445,-0.009608135371118445
2024-08-08,0.0392423864022322,0.0392423864022322,0.03936058447989322,0.03936058447989322
2024-08-09,-0.00011914082621431024,-0.00011914082621431024,-0.00011914082621431024,-0.00011914082621431024
2024-08-10,0.0005396877945326865,0.0005396877945326865,0.0,0.0
2024-08-11,-9.02999207450181e-05,-9.02999207450181e-05,0.0,0.0
2024-08-12,0.008457579957089999,0.008457579957089999,0.008457579957089999,0.008457579957089999
2024-08-13,-9.033627559920272e-05,-9.033627559920272e-05,0.0045801080915270805,0.0045801080915270805
2024-08-14,-0.003692395161691542,0.0,-0.0073966295253127265,-9.045388333864315e-05
2024-08-15,-0.006416516311395747,-0.0046409810651892,-0.004546924377091683,0.0
2024-08-16,0.0038033833551660034,0.0037094335734072087,0.0037094335734072087,0.0037096919355253987
2024-08-17,-9.394978175879471e-05,-9.394978175879471e-05,0.002193738362671158,0.002193738362671158
2024-08-18,0.0,0.0,-0.00031246462825744616,-9.356894665211922e-05
2024-08-19,0.004017938801509525,0.004017938801509525,-9.469661449474022e-05,0.0
2024-08-20,-9.456742186839146e-05,-9.456742186839146e-05,0.0,0.0
2024-08-21,0.006849630461659999,0.005208953322737932,0.006849630461659999,0.0
2024-08-22,-9.459413863562984e-05,-9.459413863562984e-05,-9.459413863562984e-05,0.0
2024-08-23,0.014140031820940062,0.0,0.0,0.0
2024-08-24,-9.35425768075476e-05,0.0,0.0,0.0
2024-08-25,0.0,0.0,0.0,0.0
2024-08-26,-0.005538865420211645,0.0,0.0,0.0
2024-08-27,-0.015849200048842618,-0.015849280913946395,-0.015849280913946395,0.0
2024-08-28,0.002591821875302675,0.002591821875302675,0.002591821875302675,0.002501333317158854
2024-08-29,0.00107120797657738,-9.086127578303104e-05,0.0005298212181214379,0.0005298212181214379
2024-08-30,-8.694543563928975e-05,0.0,-0.0004896707668337666,-0.0004896707668337666
2024-08-31,-0.0006661647828052926,0.0,-0.0006661647828052926,-8.684331787195054e-05
2024-09-01,-0.007220172747230105,0.0,-8.682571134028456e-05,0.0
2024-09-02,0.008867842325130654,0.008777715498331605,0.008777715498331605,0.0071999194632502775
2024-09-03,-9.046705596825556e-05,-9.046705596825556e-05,-9.046705596825556e-05,-9.046705596825556e-05
2024-09-04,0.0022828693955387726,0.0022828693955387726,0.0022828693955387726,0.0
2024-09-05,-0.00010033063933460418,-0.00010033063933460418,-0.00010033063933460418,0.0
2024-09-06,-0.012726018434818012,-0.012726018434818012,-0.012726018434818012,-0.012726018434818012
2024-09-07,0.004394737932432755,0.004394737932432755,0.004394737932432755,0.004394737932432755
2024-09-08,-0.00013747755896132037,-0.00013747755896132037,0.003842332474223344,0.003842332474223344
2024-09-09,0.0,0.0,0.010928077055357695,-0.00013150282273039713
2024-09-10,0.0,0.0,-0.00013074449609784002,0.0
2024-09-11,0.0,0.0,0.0,0.0
2024-09-12,0.0036863867281384283,0.0,0.0,0.0
2024-09-13,-0.00013274491305832373,0.0,0.0,0.0
2024-09-14,0.0,0.0,0.0,0.0
2024-09-15,-0.00944403909659299,0.0,0.0,0.0
2024-09-16,-0.004001167780764469,-0.002997602729021959,-0.002997602729021959,0.0
2024-09-17,0.00903594789713018,0.011364100167852604,0.008906159382045078,0.008908207262902649
2024-09-18,-0.0001297885150851021,-0.0001297885150851021,0.004472664811636525,-0.0001297885150851021
2024-09-19,0.0,0.0,-0.00013018658404701034,0.0
2024-09-20,0.0,0.0,0.0,0.0
2024-09-21,0.0,0.0,0.0,0.0
2024-09-22,0.0,0.0,0.0,0.0
2024-09-23,0.008478638171390562,0.0,0.0,0.0
2024-09-24,0.004755971286711391,0.0,0.0,0.0
2024-09-25,-0.0001357257614603396,0.0,0.0,0.0
2024-09-26,0.010132941414221443,0.010132941414221443,0.012485785839959294,0.0
2024-09-27,-0.000158867089580581,-0.000158867089580581,-0.000158867089580581,0.0
2024-09-28,0.0,0.0,0.0,0.0
2024-09-29,-0.0027302187177321207,0.0,0.0,0.0
2024-09-30,-0.010728802093354013,0.0,0.0,0.0
2024-10-01,-0.019811764625122737,-0.01611727172133348,-0.01996409644188767,-0.01611727172133348
2024-10-02,-0.007482723079710919,-0.007639116569576774,-0.007482723079710919,-0.007639116569576774
2024-10-03,-0.0008825482360174144,-0.0025198438833152186,-0.0008825482360174144,-0.0008825482360174144
2024-10-04,0.010289376725533678,-0.00015396982724785472,0.00936678403933955,0.00936678403933955
2024-10-05,-0.00015247265693949167,0.0,-0.0002440024741428676,-0.00015247265693949167
2024-10-06,0.005125291006488047,0.0,-0.00015816182829243405,0.0
2024-10-07,-0.00017266956304729146,0.0,0.0,0.0
2024-10-08,0.0011548368440223013,0.0,0.0,0.0
2024-10-09,-0.01127524007955768,0.0,0.0,0.0
2024-10-10,5.230563560226049e-05,5.161463668097805e-05,5.161463668097805e-05,-0.0025639945414477755
2024-10-11,0.015919979212597666,-0.0001798035455708473,0.01287381258382864,0.016090588600330056
2024-10-12,-0.00017520646665161887,0.0,-0.00017520646665161887,-0.00017520646665161887
2024-10-13,0.0,0.0,0.0,0.0
2024-10-14,0.022702166271139638,0.0,0.0,0.0
2024-10-15,-0.00017922192358298125,0.0,0.0,0.0
2024-10-16,0.0003243036357546659,0.0,0.0,0.0
2024-10-17,-0.00016611872105657083,0.0,0.0,0.0
2024-10-18,0.0060944946650532605,0.0,0.0,0.0
2024-10-19,-0.0001713147601417254,0.0,0.0,0.0
2024-10-20,0.00399411490505831,0.0,0.0,0.0
2024-10-21,-0.00017753464921496296,0.0,0.0,0.0
2024-10-22,-0.003864095132265945,-0.003864095132265945,-6.208425258794628e-05,0.0
2024-10-23,-0.016147195646226898,-0.000175035429234992,-0.004911480029595182,0.0
2024-10-24,0.005525979051313137,0.00164262596473567,0.005525979051313137,0.00552619617249701
2024-10-25,-0.00016950190752737496,-0.00016950190752737496,-0.01616787840458661,-0.01616787840458661
2024-10-26,0.004735550840913755,0.004735550840913755,0.004738827323896768,0.007267029297329427
2024-10-27,-0.0001722023495410266,-0.0001722023495410266,0.003973192969648367,-0.0001722023495410266
2024-10-28,0.0,0.0,-0.00016826863329477712,0.0
2024-10-29,0.0,0.0,0.0,0.0
2024-10-30,0.0,0.0,0.0,0.0
2024-10-31,-0.012992980625648347,0.0,0.0,0.0
2024-11-01,-0.0036718110886701165,-0.003676377001704934,-0.0015771384300745954,0.0
2024-11-02,-0.0010861002720633454,-0.00018553700852236762,-0.002227334880142412,-0.002211846693003653
2024-11-03,-0.005313080320423246,0.0,-0.005145321618196035,-0.005145321618196035
2024-11-04,-0.008275297573426214,0.0,-0.008275297573426214,-0.006106216841515031
2024-11-05,0.006809551042377045,0.006639147463037317,0.006809551042377045,0.006638337940373734
2024-11-06,-0.00017121310200331115,-0.00017121310200331115,0.04509900767446092,0.05223147403305818
2024-11-07,0.0,0.0,-0.00016897781212326702,-0.00016897781212326702
2024-11-08,0.0,0.0,0.0,0.0
2024-11-09,0.0,0.0,0.0,0.0
2024-11-10,0.015110100519173806,0.0,0.0,0.0
2024-11-11,-0.00012640847279022396,0.0,0.0,0.0
2024-11-12,0.0,0.0,0.0,0.0
2024-11-13,0.00121914491692476,0.00121914491692476,0.0,0.0
2024-11-14,-0.011730928583566703,-0.011730928583566703,-0.011730928583566703,0.0
2024-11-15,0.007304551592100993,0.007304551592100993,0.007304551592100993,0.007304546860443583
2024-11-16,-0.00011500180989191984,-0.00011500180989191984,0.0036398054630039475,0.0036398054630039475
2024-11-17,-0.0024785461317651013,0.0,-0.0038472750656871105,-0.00011111689445384203
2024-11-18,0.006582012058461968,0.011592347458084204,-0.00011059015627505348,0.0
2024-11-19,-0.00011067298680506397,-0.00011067298680506397,0.005267907248428098,0.0
2024-11-20,-0.0037040151817744013,-0.0037040151817744013,-0.0038143092166963597,0.0
2024-11-21,0.026142540443106738,-0.00011207782020153121,0.026142540443106738,0.0
2024-11-22,-0.00011223365084629017,0.0,-0.00011223365084629017,0.0
2024-11-23,0.005051916081994827,0.0,0.0,0.0
2024-11-24,0.0003116886174742375,0.00042000042899508616,0.0,0.0
2024-11-25,-0.005005073035589185,-0.00011126491231886538,-0.005004915172450507,0.0
2024-11-26,-0.003400241019090574,-0.003400241019090574,-0.003400241019090574,-0.003400241019090574
2024-11-27,0.01902620635927729,0.01902620635927729,0.01902620635927729,0.011391212493193994
2024-11-28,-0.00010947486696241675,-0.00010947486696241675,-0.0008069158600514593,-0.0006982945918307446
2024-11-29,0.0027028122473664695,0.0007363651836213563,-0.00010904806759156572,-0.00010904806759156572
2024-11-30,-0.00010321164931154924,-0.00010321164931154924,0.0,0.0
2024-12-01,0.001969702161710891,0.001969702161710891,0.001969702161710891,0.0
2024-12-02,-0.005194704585781521,-0.0001074311493839122,-0.0001074311493839122,0.0
2024-12-03,-0.001345886157844521,-0.0013468971371853999,-0.0001794892304422936,-0.0001794892304422936
2024-12-04,0.012210633506631404,-0.00010897969611542156,0.012102009466875492,0.016556126326990078
2024-12-05,-0.00010933535247492965,0.0,-0.005106275983332335,-0.00010933535247492965
2024-12-06,0.013192747485548106,0.013192747485548106,0.008977514583003375,0.0
2024-12-07,-0.00012611314754640865,-0.00012611314754640865,-0.00012611314754640865,0.0
2024-12-08,0.0019912927348269905,0.0,0.0037231557250778017,0.0
2024-12-09,-0.022995058407172732,0.0,-0.00012298037853271227,0.0
2024-12-10,-0.004966120373964176,-0.0049676975432234,-0.0049676975432234,-0.0049676975432234
2024-12-11,0.01658843418411949,0.01658843418411949,0.01658843418411949,0.01658843418411949
2024-12-12,-0.00013040273773805224,-0.00013040273773805224,0.00020773969082258132,0.004070760013927724
2024-12-13,0.004135623036684512,0.004135623036684512,-0.00013158845807601126,-0.00013158845807601126
2024-12-14,-0.0001253461632561359,-0.0001253461632561359,0.0,0.0
2024-12-15,0.008605889310125993,0.0,0.008605889310125993,0.0
2024-12-16,-0.00013179778434744324,0.0,-0.00013179778434744324,0.0
2024-12-17,0.0,0.0,0.0,0.0
2024-12-18,-0.02070873152131873,-0.022800925147774813,-0.022800925147774813,0.0
2024-12-19,-0.014084802497587057,-0.014216596100726517,-0.014216596100726517,-0.014216009070387493
2024-12-20,0.0027691841355802853,0.0027691841355802853,0.0027691841355802853,0.0027691841355802853
2024-12-21,-0.0017997792768253557,-0.00011935539670586805,-0.006890815736135094,-0.006890815736135094
2024-12-22,-0.006254265536526275,-0.005519894453864172,-0.006129323923163311,-0.006129323923163311
2024-12-23,0.00604116761484279,0.0059175174827577805,0.00604116761484279,0.00604116761484279
2024-12-24,0.011966970352687657,-0.0001236501320850095,0.009206524985911312,0.011966970352687657
2024-12-25,-0.00012273436454402417,0.0,-0.00012273436454402417,-0.00012273436454402417
2024-12-26,-0.014329675728289266,0.0,0.0,0.0
2024-12-27,-0.002902944530261932,-0.002916783587145264,-0.002916783587145264,-0.0003234339675752014
2024-12-28,0.005080402637090343,0.0032510220861774646,0.005080402637090343,0.004950141346055228
2024-12-29,-0.0001302612910351149,-0.0001302612910351149,-0.005010373683340834,-0.005565838235458476
2024-12-30,-0.0016165979898407254,-0.00345624092484669,-0.00345624092484669,-0.003326654036011032
2024-12-31,0.0001489524749455558,0.002661950790265334,0.002661950790265334,0.002661950790265334
2025-01-01,0.001996207792487055,-0.00012967622439372865,0.0026808078397213622,0.0034939356719738187
2025-01-02,-0.00013025044408151808,0.0,0.009026155912288884,-0.00013025044408151808
2025-01-03,0.0,0.0,-0.0001302517719174484,0.0
2025-01-04,0.0,0.0,0.0,0.0
2025-01-05,0.0003532082992327457,0.0,0.0,0.0
2025-01-06,0.00893890621798136,0.0,0.013283775400619409,0.0
2025-01-07,-0.00013855251001048115,0.0,-0.00013855251001048115,0.0
2025-01-08,-0.006873014226565833,-0.006873014226565833,-0.006873014226565833,-0.006873014226565833
2025-01-09,-0.009772552484070801,-0.009772552484070801,-0.009772552484070801,-0.009772552484070801
2025-01-10,0.006661714615861745,0.006661714615861745,0.006661714615861745,0.006661714615861745
2025-01-11,-0.00014118921643055233,-0.00014118921643055233,0.0005977054122973543,0.0005977054122973543
2025-01-12,-0.00041644315907270006,0.0,-0.0010348761914345875,-0.00013880999385499138
2025-01-13,-0.007043306425445853,0.0,-0.000137592560479753,0.0
2025-01-14,0.008635752626264204,0.00966587012960773,0.008498278538183636,0.00966587012960773
2025-01-15,-0.00014107221018855185,-0.00014107221018855185,0.024539162969767495,-0.00014107221018855185
2025-01-16,0.0,0.0,-0.00014126950599190462,0.0
2025-01-17,0.015563698462157155,0.017092778765047202,0.0,0.0
2025-01-18,-0.0001386047377277628,-0.0001386047377277628,0.0,0.0
2025-01-19,-0.010239389041846505,-0.009771284850061956,-0.009771284850061956,-0.009771284850061956
2025-01-20,0.005131262199585976,0.004995060080014607,0.004995060080014607,0.007216850978024728
2025-01-21,-0.00013627614490153352,-0.00013627614490153352,0.008485076563499396,0.008350563237669093
2025-01-22,0.0,0.0,-0.000134513325830303,-0.000134513325830303
2025-01-23,0.005116419657500891,0.005116419657500891,0.0,0.0
2025-01-24,0.0028499657281767267,-0.00013587978573513417,0.0,0.0
2025-01-25,0.0006273168535589099,0.0,9.617905774916499e-05,-0.0005688433930066785
2025-01-26,-0.008403859194696755,0.0,-0.007381768706869203,-0.0001394124622077708
2025-01-27,-0.0036497068007917614,-0.0037894788322078467,-0.003788739743044337,-0.0037894788322078467
2025-01-28,-0.007087790830431941,-0.00014051112057959417,-0.007087790830431941,-0.007087790830431941
2025-01-29,0.0061125499066452555,0.003902312354856786,0.0061125499066452555,0.0061125499066452555
2025-01-30,-0.00013883597049571777,-0.00013883597049571777,0.008886179611661865,0.014492738051757971
2025-01-31,0.0,0.0,-0.00013725348966937023,-0.00013725348966937023
2025-02-01,-0.0061257104421522796,-0.0061257104421522796,-0.0061257104421522796,0.0
2025-02-02,-0.01915372920379173,-0.01915372920379173,-0.01915372920379173,-0.010349682098021111
2025-02-03,0.006925852291364739,0.006925852291364739,0.006925852291364739,0.006790653740205369
2025-02-04,-0.00013519855115937045,-0.00013519855115937045,-0.013813559362096377,-0.013813559362096377
2025-02-05,0.0013145058278016633,0.0013145058278016633,0.0014414810292869484,0.0014414810292869484
2025-02-06,-0.0002961820721585789,-0.0002961820721585789,-0.006274706482392966,-0.0002961820721585789
2025-02-07,-0.004381662416223725,-0.008481378104721533,-0.004246564943219831,-0.004381662416223725
2025-02-08,0.0005813262566597399,0.0013075445547870873,0.0005813262566597399,0.0005813262566597399
2025-02-09,-0.00015388145064312668,-0.00013795468089902176,-0.0003519986866842144,-0.0008260252845233456
2025-02-10,0.003388046510687057,0.0,0.003920449949746259,-0.0001393330949602132
2025-02-11,-0.00013933875860692999,0.0,-0.00013933875860692999,0.0
2025-02-12,0.012752584234011731,0.012752584234011731,0.012752584234011731,0.0
2025-02-13,-0.00013972130708659838,-0.00013972130708659838,-0.00013972130708659838,0.0
2025-02-14,0.005005315637311481,0.005005315637311481,0.003208913038245617,0.0
2025-02-15,-0.00014937299084345098,-0.00014937299084345098,-0.00014937299084345098,0.0
2025-02-16,-0.005628251886825981,0.0,-0.005628251886825981,0.0
2025-02-17,0.005605075158287377,-0.0015975884360134595,0.005605075158287377,0.0
2025-02-18,-0.0008162058972004555,-0.00016314348799749453,-0.0008162058972004555,-0.0008162058972004555
2025-02-19,0.005277071984857226,0.006561761353478154,0.005277071984857226,0.004158200343393012
2025-02-20,-0.00016685244243781901,-0.00016685244243781901,-0.00016685244243781901,-0.00016685244243781901
2025-02-21,0.0,0.0,0.0,0.0
2025-02-22,0.008874263356652432,0.008874263356652432,0.0,0.0
2025-02-23,-0.00017365219710073826,-0.00017365219710073826,-0.0014703088542282969,0.0
2025-02-24,-0.020578342245343075,0.0,-0.02041572365029373,-0.020578342245343075
2025-02-25,-0.008301569613380282,-0.008303023522103723,-0.008301569613380282,-0.008301569613380282
2025-02-26,-0.020103528079840314,-0.01780179848841996,-0.020103528079840314,-0.020103528079840314
2025-02-27,-0.001274221817024155,-0.001414907432287443,-0.001274221817024155,-0.001274221817024155
2025-02-28,-0.010346525549610389,-0.000140877182494541,-0.005874055933239744,-0.005874055933239744
2025-03-01,0.0018314511231544853,-0.0032397107160890564,0.001961462875977436,0.001961462875977436
2025-03-02,0.046689082578145046,-0.00013835541327715005,0.046689082578145046,0.046689082578145046
2025-03-03,-0.00013831543110252246,0.0,-0.00013831543110252246,-0.00013831543110252246
2025-03-04,0.00297443372691082,0.00297443372691082,0.002733890245434655,0.002733890245434655
2025-03-05,-0.00010876077268089928,-0.00010876077268089928,0.0073991043973268755,-0.00010876077268089928
2025-03-06,0.0,0.0,-0.003037735421913178,-0.0030389397017765484
2025-03-07,-0.007279609686363171,0.0,-9.371745123281458e-05,-9.371745123281458e-05
2025-03-08,0.002564481692119767,0.002472425785747439,-0.0016202440596291999,0.0
2025-03-09,-0.014702212505121612,-9.220295392259187e-05,-0.014611419109094255,-0.014702212505121612
2025-03-10,-0.011844507457059008,-0.01184428890277306,-0.011844507457059008,-0.011844507457059008
2025-03-11,0.009330029985861946,0.009330029985861946,0.009330029985861946,0.009330029985861946
2025-03-12,-8.680653665858507e-05,-8.680653665858507e-05,9.39213186207325e-05,9.39213186207325e-05
2025-03-13,0.0,0.0,-0.0048523793037832455,-0.0048523793037832455
2025-03-14,0.006307579897547298,0.0073719126992510126,-8.341441478566255e-05,-8.341441478566255e-05
2025-03-15,-8.499927065243889e-05,-8.499927065243889e-05,0.0,0.0
2025-03-16,0.0,0.0,0.0,0.0
2025-03-17,0.0038834263849028684,0.00350006197446717,0.0,0.0
2025-03-18,-8.375750443020746e-05,-8.375750443020746e-05,0.0,0.0
2025-03-19,0.010342387434349065,0.010342387434349065,0.010342387434349065,0.0
2025-03-20,-8.338298819660166e-05,-8.338298819660166e-05,-8.338298819660166e-05,0.0
2025-03-21,-0.001174600812512884,-0.001174600812512884,0.0,0.0
2025-03-22,0.0014311486530637514,-8.061064481043668e-05,0.0,0.0
2025-03-23,0.005211757909396713,0.0,0.003893347875870431,0.00529214363165735
2025-03-24,-8.060827291596507e-05,0.0,-8.060827291596507e-05,-8.060827291596507e-05
2025-03-25,0.0,0.0,0.0,0.0
2025-03-26,-0.005848023111826738,0.0,0.0,0.0
2025-03-27,-2.916217444151259e-05,-0.0007348917572961272,0.0,0.0
2025-03-28,-8.439224602276881e-05,-8.439224602276881e-05,-0.009383876652912015,0.0
2025-03-29,-0.0063302167341872575,-0.0063302167341872575,-0.006243395187954319,-0.0063302167341872575
2025-03-30,-0.0015207197033841712,-0.0015207197033841712,-0.0015207197033841712,-0.0015207197033841712
2025-03-31,0.0010549117163331848,-8.554309976777083e-05,0.0010549117163331848,0.0010549117163331848
2025-04-01,-8.502032165381038e-05,0.0,0.009674529988682151,-8.502032165381038e-05
2025-04-02,0.0,0.0,-0.00010101393821917029,0.0
2025-04-03,0.002998232813280516,0.002998232813280516,0.0,0.0
2025-04-04,-0.00012058191397669439,-0.00012058191397669439,0.0,0.0
2025-04-05,0.0,0.0,-0.001682205169570956,0.0
2025-04-06,-0.01874901588283118,0.0,-0.00011982336153453097,0.0
2025-04-07,-0.00133414295631043,-0.0013346644437433758,-0.0013346644437433758,-0.0013346644437433758
2025-04-08,-0.014882560182001911,-0.00012203952505518794,-0.012567643057820342,-0.012567643057820342
2025-04-09,0.032244185511216,0.03223903577251852,0.03235401115927575,0.03235401115927575
2025-04-10,-0.00012012512545471823,-0.00012012512545471823,-0.00012012512545471823,-0.00012012512545471823
2025-04-11,0.009471834304164792,0.009471834304164792,0.007150118253222517,0.0
2025-04-12,-9.914823755257384e-05,-9.914823755257384e-05,-9.914823755257384e-05,0.0
2025-04-13,0.0,0.0,0.0,0.0
2025-04-14,0.0029337306065747564,0.0022011175238171644,0.0,0.0
2025-04-15,-9.307140376929627e-05,-9.307140376929627e-05,0.0,0.0
2025-04-16,-0.00041205969906586194,0.0,-0.00041205969906586194,0.0
2025-04-17,-9.332288832550223e-05,0.0,-9.332288832550223e-05,0.0
2025-04-18,0.0,0.0,0.0,0.0
2025-04-19,0.0017091055172200242,0.0,0.0,0.0
2025-04-20,-9.8450465970232e-05,0.0,0.0,0.0
2025-04-21,-0.0013679404903736664,0.0,0.0,0.0
2025-04-22,-9.822109639156645e-05,0.0,0.0,0.0
2025-04-23,0.0,0.0,0.0,0.0
2025-04-24,0.0,0.0,0.0,0.0
2025-04-25,0.001784795472602439,0.0,0.0,0.0
2025-04-26,-8.996506078079721e-05,0.0,0.0,0.0
2025-04-27,0.0,0.0,0.0,0.0
2025-04-28,0.0020881746703864112,0.0,0.0030701848520444377,0.0
2025-04-29,-9.284870878267756e-05,0.0,-9.284870878267756e-05,0.0
2025-04-30,-0.0002630634982238182,0.0,-0.0002630634982238182,0.0
2025-05-01,-9.264532265527598e-05,0.0,-9.264532265527598e-05,0.0
2025-05-02,0.0,0.0,0.0,0.0
2025-05-03,0.0,0.0,0.0,0.0
2025-05-04,-0.004060718003446688,0.0,0.0,0.0
2025-05-05,0.0012636287337097298,0.001095571356400274,0.001095571356400274,0.001095571356400274
2025-05-06,-9.608605875221132e-05,-9.608605875221132e-05,0.006059787896899621,-9.608605875221132e-05
2025-05-07,0.0,0.0,-0.00010979062340962015,0.0
2025-05-08,0.0,0.0,0.0,0.0
2025-05-09,0.0,0.0,0.0,0.0
2025-05-10,0.004759225544075301,0.0,0.0,0.0
2025-05-11,-0.00011002687065126994,0.0,0.0,0.0
2025-05-12,-0.00292088863902838,-0.0022389267915984197,0.0,0.0
2025-05-13,0.011726136143768646,-0.000107710566352521,0.0033693343012030402,0.0
2025-05-14,-0.00010844358549937143,0.0,-0.0016682556179238414,0.0
2025-05-15,-0.002961942596917731,-0.006455903998366321,0.0006393321474629619,0.0
2025-05-16,-0.0014252320011153773,-0.00010743687509850865,-0.00010743687509850865,0.0
2025-05-17,-0.0037472122371867765,0.0,-0.0037463502823501665,-0.006521438359338056
2025-05-18,0.005425682706895448,0.0,0.005425682706895448,0.0024088960757284073
2025-05-19,-0.00010533729345688829,0.0,0.002987672982583712,-0.00010533729345688829
2025-05-20,0.0029996862531169502,0.0,-0.00010425821390117343,0.0
2025-05-21,-0.00010476886744596907,0.0,0.0,0.0
2025-05-22,0.0,0.0,0.0,0.0
2025-05-23,0.0,0.0,0.0,0.0
2025-05-24,0.0006348148832372039,0.0006348148832372039,0.0009882933704214994,0.0
2025-05-25,-0.00011542877821541029,-0.00011542877821541029,0.002551740083441421,0.0
2025-05-26,0.0,0.0,0.0011495336152458594,0.0010403111818994332
2025-05-27,0.0,0.0,-0.00010929161078732479,-0.00010929161078732479
2025-05-28,-0.0030886949743253807,0.0,0.0,0.0
2025-05-29,-0.00563617575603533,0.0,-0.005746310472907022,0.0
2025-05-30,-0.007525461243142328,-0.004308367433368353,-0.004197919020953313,-0.004308367433368353
2025-05-31,0.0005952061631386674,0.0004858805646556382,0.0004858805646556382,0.0004858805646556382
2025-06-01,0.0009998206600056563,-0.00010932559848302921,0.0018752879280872455,0.0018752879280872455
2025-06-02,-0.00010723937430543582,0.0,0.0038953446872176545,0.007120617422018937
2025-06-03,-0.0013924463162378932,0.0,-0.00010759930358460479,-0.00010759930358460479
2025-06-04,-0.000270099806306954,0.0,0.0,0.0
2025-06-05,-0.008356768200084016,0.0,-0.008356768200084016,0.0
2025-06-06,0.007107772112736188,0.007107765158204453,0.007107772112736188,0.007107765158204453
2025-06-07,-0.00010818176681439182,-0.00010818176681439182,0.0059326537027555235,0.0071514237974008125
2025-06-08,0.0,0.0,-0.000897172780101254,-0.002380379711048217
2025-06-09,0.023712164185334488,0.0,-0.00015306916839807734,-0.00015306916839807734
2025-06-10,-0.0001721619268694587,0.0,0.0,0.0
2025-06-11,-0.006065851629211107,0.0,0.0,0.0
2025-06-12,-0.015361922991503702,-0.011460293662925999,0.0,0.0
2025-06-13,-0.0040942025081319704,-0.004257567640957985,-0.004257688357935573,0.0014471914968257923
2025-06-14,-0.007508422924556336,-0.007508422924556336,-0.004924684620240793,-0.005080663569742852
2025-06-15,0.0014021894981524933,0.002491475103916728,0.0015576474024054216,0.0015576474024054216
2025-06-16,0.004291556570222055,-0.0001554579042529282,0.0019446987404037738,-0.0007130748979203626
2025-06-17,-0.005661877142659799,0.0,-0.006835777556211408,-0.00015563836414330114
2025-06-18,0.0015464901071996077,0.001032818496503413,0.0017040793279552722,0.0
2025-06-19,-0.00015758922075566443,-0.00015758922075566443,-0.0007144894304166711,0.0
2025-06-20,-0.011779540974113007,0.0,-0.011623436524468754,-0.005348300053808128
2025-06-21,-0.011796787733224233,-0.0119546844238792,-0.011796787733224233,-0.01194846624018278
2025-06-22,-0.00891176995638151,-0.00891176995638151,-0.00891176995638151,-0.00891176995638151
2025-06-23,0.026337188158799398,0.026337188158799398,0.026337188158799398,0.026337188158799398
2025-06-24,-0.00016708750208451,-0.00016708750208451,0.006227037642131584,-0.00016708750208451
2025-06-25,0.0,0.0,-0.00016615072166270824,0.0
2025-06-26,-0.0005989725870778226,0.0,0.0,0.0
2025-06-27,0.0005613278469529363,0.0,0.0009615874827091381,0.0
2025-06-28,0.0006077851831866248,0.0,0.0018777571922761038,0.0
2025-06-29,0.003662529819340261,0.0,0.006608553643795723,0.0
2025-06-30,-0.00014961217823962621,0.0,-0.00014961217823962621,0.0
2025-07-01,-0.008704457396302127,-0.005191663797048612,-0.005191663797048612,0.0
2025-07-02,0.01836717705616658,0.018219455021433243,0.018219455021433243,0.010961320724774775
2025-07-03,-0.00014893106070002616,-0.00014893106070002616,0.002317241670198617,-0.00014893106070002616
2025-07-04,0.0,0.0,-0.00014678501220597137,0.0
2025-07-05,0.0008143186185129519,0.0008143186185129519,0.0,0.0
2025-07-06,0.0056425317950083076,-0.00014886236423960951,0.005494098588657102,0.0
2025-07-07,-0.000148647785295408,0.0,-0.0036876246107112793,0.0
2025-07-08,0.006264641815881681,0.0021168740952878344,0.006412511782166593,0.0
2025-07-09,-0.0001487548234246407,-0.0001487548234246407,0.008575813512332074,0.0
2025-07-10,0.0,0.0,-0.00016441163004636498,0.0
2025-07-11,0.0,0.0,0.0,0.0
2025-07-12,-0.002175559020242952,0.0,0.0,0.0
2025-07-13,0.004308725839297918,0.0,0.0,0.0
2025-07-14,-0.00015331955264929337,0.0,0.005212290206590991,0.0
2025-07-15,0.0,0.0,0.015951906960545426,0.0
2025-07-16,0.0025198916258939758,0.0025198916258939758,0.002365597944772733,0.0
2025-07-17,-0.00015416720864161248,-0.00015416720864161248,0.001815856625608699,0.0
2025-07-18,0.0,0.0,-0.004176611093249464,-0.00432205492266732
2025-07-19,-0.0005270536613460771,-0.0005270536613460771,-0.0003760084057945919,-0.00015109383649331395
2025-07-20,-0.002138665789143995,-0.00015106954602239954,-0.002138665789143995,-0.0022897353351663944
2025-07-21,0.0002732804741024882,0.0,0.0002732804741024882,0.0002732804741024882
2025-07-22,0.003776258407327344,0.0,0.00974099770682878,-0.0001674244890652644
2025-07-23,-0.015890273367423328,0.0,-0.00017405792372576038,0.0
2025-07-24,0.004119512551560021,0.004119505888586724,0.01031814412443325,0.01031814412443325
2025-07-25,-0.003156222536436038,-0.00019655293503222137,0.0021316007651028357,0.0021316007651028357
2025-07-26,0.0012922734079341036,0.0008999830847038421,0.0012922734079341036,0.000711797445539177
2025-07-27,0.016291427441276197,-0.00018948462650495375,0.005819812641940787,0.006008424681204111
2025-07-28,-0.0001890483328841392,0.0,-0.0001890483328841392,-0.0001890483328841392
2025-07-29,-0.0008780166992285699,-0.0008780166992285699,-0.0008780166992285699,0.0
2025-07-30,0.0007042350502554356,-0.0001877846362812351,0.0007042350502554356,0.0
2025-07-31,-0.01152092265697849,0.0,-0.01152092265697849,-0.011706014696945244
2025-08-01,-0.020694831654960208,-0.02088898185371738,-0.020694831654960208,-0.020694831654960208
2025-08-02,-0.008426240328770719,-0.008426240328770719,-0.008426240328770719,-0.008426240328770719
2025-08-03,0.010425998231811208,0.013923631197281176,0.010425998231811208,0.010425998231811208
2025-08-04,-0.00018767859038532368,-0.00018767859038532368,0.0163437181312016,0.0163437181312016
2025-08-05,0.0,0.0,-0.00018300407984938677,-0.00018300407984938677
2025-08-06,0.0057920130040713105,0.0057920130040713105,0.0,0.0
2025-08-07,-0.0001774286121961499,-0.0001774286121961499,0.0,0.0
2025-08-08,0.0,0.0,0.0,0.0
2025-08-09,-0.001144767002873374,-0.001144767002873374,0.0,0.0
2025-08-10,0.011468863415347419,-0.00019096285934162372,0.0,0.0
2025-08-11,-0.0035181394334109495,0.0,0.0,0.0
2025-08-12,0.022827720677560948,0.0,0.0,0.0
2025-08-13,-0.00018633936121526475,0.0,0.0,0.0
2025-08-14,0.0,0.0,0.0,0.0
2025-08-15,-0.007252533272802588,-0.007252533272802588,-0.0038010898686047603,0.0
2025-08-16,-0.0007825577559516639,-0.0007825577559516639,-0.0009435769004063052,-0.0009294469663097137
2025-08-17,0.0022532462477725937,-0.00016101914445464124,0.0022532462477725937,0.0022532462477725937
2025-08-18,-0.004138225052372531,0.0,-0.009068699226813836,-0.014315755348479172
2025-08-19,-0.0170612070748654,-0.017062717433662767,-0.016904258187463668,-0.0170612070748654
2025-08-20,0.014855950670670746,0.014855950670670746,0.014855950670670746,0.014855950670670746
2025-08-21,-0.00015635206951437539,-0.00015635206951437539,-0.007612574887895787,-0.007612574887895787
2025-08-22,0.03274105968750146,0.03274105968750146,0.03288172572075133,0.03288172572075133
2025-08-23,-0.00014403487192510349,-0.00014403487192510349,-0.00014403487192510349,-0.00014403487192510349
2025-08-24,-0.0026600165019251653,-0.005178034577997909,0.0,0.0
2025-08-25,-0.01695124141151116,-0.008890736170813013,0.0,0.0
2025-08-26,0.009797405804166139,0.009679833030208584,0.009679255465763467,0.009679255465763467
2025-08-27,-0.00011872790284778838,-0.00011872790284778838,-0.0035215709165903166,-0.0035215709165903166
2025-08-28,0.0015989920461265896,0.00012054066686690735,0.0017073872971327014,0.0017073872971327014
2025-08-29,-0.009282433235991185,-0.00011012816755722195,-0.00011012816755722195,-0.00011012816755722195
2025-08-30,0.0008177217267909735,0.0008164168689242003,0.0008164168689242003,0.0008164168689242003
2025-08-31,0.0010018179645005553,-0.0001110006493646715,-0.00016750447431820043,-0.00016750447431820043
2025-09-01,-0.0013143196434132272,0.0,-0.0012035802336796543,-0.0012035802336796543
2025-09-02,0.000621172933520127,0.000621172933520127,0.000621172933520127,-0.00011244147102654419
2025-09-03,0.008213382383754726,-0.00011305488995051539,0.008213382383754726,0.0
2025-09-04,-0.00011514762166698181,0.0,-0.009940722018157861,0.0
2025-09-05,0.00010999920890545857,0.00010999920890545857,0.0006940437270430031,0.0
2025-09-06,-0.001833984932388948,-0.00011588018154655757,-0.0019477208727959442,0.0
2025-09-07,0.0023280845418508648,0.0,0.0023280845418508648,0.002210060119164746
2025-09-08,-0.0001181856842299825,0.0,-0.00015159156125009305,-0.0001181856842299825
2025-09-09,0.0001243803880456411,0.0,0.00024457646154261834,0.0
2025-09-10,0.004421800900598825,0.0,0.002678595112923832,0.0
2025-09-11,-0.00012035855141738319,0.0,0.007895860373533832,0.0
2025-09-12,0.0,0.0,-0.0001270586897739667,0.0
2025-09-13,0.0,0.0,0.0,0.0
2025-09-14,-0.003307250042323857,0.0,0.0,0.0
2025-09-15,-0.0027992066642907767,-0.005912439166039342,5.2330887761546305e-05,0.0
2025-09-16,0.0012081795559261072,-0.0016356721962992728,0.0010774877106785332,-0.0017660977668155818
2025-09-17,0.0063558828579588535,-0.00013069184524757395,0.0063558828579588535,0.006486574703206428
2025-09-18,0.0014985969544125122,0.0,-0.0002723882250188692,-0.0001321795142562931
2025-09-19,-0.00959162479081419,0.0,-0.00931399769504453,0.0
2025-09-20,0.00042086055472468134,0.0004187164931237713,0.00042086055472468134,1.90013105868853e-05
2025-09-21,-0.002974174950038366,-0.0001458127699341237,-0.002974174950038366,-0.004286036375453839
2025-09-22,-0.019483114166930063,0.0,-0.019483114166930063,-0.019680748277780703
2025-09-23,-0.0035912241569533133,-0.003791280923551652,-0.0035912241569533133,-0.0035912241569533133
2025-09-24,0.0024040349929043817,-0.00020038776679403902,0.0024040349929043817,0.0024040349929043817
2025-09-25,-0.04070171683348726,0.0,-0.031837940204859985,-0.031837940204859985
2025-09-26,0.013872317631922674,0.013870476134397888,0.014112854842427575,0.014112854842427575
2025-09-27,-0.0002442202055544729,-0.0002442202055544729,-0.0009667815205798025,-0.0009667815205798025
2025-09-28,0.013907438799879462,0.0,0.014113317147674002,0.014113317147674002
2025-09-29,-0.00021165397759993608,0.0,-0.00021165397759993608,-0.00021165397759993608
2025-09-30,0.0,0.0,0.0,0.0
2025-10-01,0.021925984055715178,0.024204816792855247,0.0,0.0
2025-10-02,-0.0001991228727626121,-0.0001991228727626121,0.0,0.0
2025-10-03,0.0,0.0,0.0,0.0
2025-10-04,0.0,0.0,0.0,0.0
2025-10-05,0.003124910331955677,0.0,0.0,0.0
2025-10-06,0.01697564361345778,0.0,0.01697564361345778,0.0
2025-10-07,-0.00018344376559986978,0.0,-0.00018344376559986978,0.0
2025-10-08,0.007324614189730428,0.007324614189730428,0.007324614189730428,0.0
2025-10-09,-0.00018004595365252475,-0.00018004595365252475,-0.01018050278491363,0.0
2025-10-10,-0.04159433735042151,-0.04159433735042151,-0.04142721203282874,-0.04159433735042151
2025-10-11,-0.008002249126750516,-0.008002249126750516,-0.008002249126750516,-0.008002249126750516
2025-10-12,0.02374819850618765,0.02374819850618765,0.02374819850618765,0.02374819850618765
2025-10-13,-0.00012909821171662876,-0.00012909821171662876,0.0037665832145347797,0.0037665832145347797
2025-10-14,0.0,0.0,-0.00012841892095561197,-0.00012841892095561197
2025-10-15,-0.007819943519917652,-0.007819943519917652,0.0,0.0
2025-10-16,-0.006530345183428289,-0.006530345183428289,-0.006642530176191136,-0.006642530176191136
2025-10-17,-0.004518829643790646,-0.004518829643790646,-0.004518829643790646,-0.004518829643790646
2025-10-18,0.0030482952699370396,0.0018647771481377813,0.0030482952699370396,0.0030482952699370396
2025-10-19,-0.00011141801760064984,-0.00011141801760064984,0.005249589147638328,0.0037051406789111135
2025-10-20,0.0,0.0,-0.00011158187214900104,-0.00011158187214900104
2025-10-21,-0.007524376707664824,0.0,0.0,0.0
2025-10-22,-0.0035073624138095955,-0.003509848218221432,-0.005014865593512917,0.0
2025-10-23,0.005095016156727742,-0.0001128513117887153,0.004983075942654305,0.003632998620387464
2025-10-24,-0.00011194021407343624,0.0,0.003989523660363098,-0.00011194021407343624
2025-10-25,0.0,0.0,-0.00011180109346118068,0.0
2025-10-26,0.0,0.0,0.0,0.0
2025-10-27,0.0,0.0,0.0,0.0
2025-10-28,-0.006656994223849063,0.0,0.0,0.0
2025-10-29,-0.00649224747256481,-0.006607833150275374,0.0,0.0
2025-10-30,-0.005856706122646688,-0.005856706122646688,-0.005971106407516573,-0.005971106407516573
2025-10-31,0.0034365920016645596,0.0034365920016645596,0.0034365920016645596,0.0034365920016645596
2025-11-01,-0.00011903424751453919,-0.00011903424751453919,0.001593992023804525,0.001593992023804525
2025-11-02,0.0,0.0,0.0023532425203475127,-0.00012012585369747242
2025-11-03,0.0,0.0,-0.000120025696260074,0.0
2025-11-04,-0.020530603827023552,-0.020530603827023552,-0.020530603827023552,-0.020530603827023552
2025-11-05,0.00945167321005866,0.00945167321005866,0.00945167321005866,0.00945167321005866
2025-11-06,-0.00011588718651093766,-0.00011588718651093766,-0.007824144483620787,-0.007824144483620787
2025-11-07,0.0074658631495531985,0.0074658631495531985,0.007572643611697138,0.007572643611697138
2025-11-08,-0.00010865613670546097,-0.00010865613670546097,-0.00010865613670546097,-0.00010865613670546097
2025-11-09,0.011839874026572097,0.0,0.007179480912857514,0.0
2025-11-10,-0.00012504966368217114,0.0,-0.00012504966368217114,0.0
2025-11-11,-0.014760808217540783,0.0,0.0,0.0
2025-11-12,-0.0026836338200132903,-0.00268431620936028,0.0,0.0
2025-11-13,-0.006796987999883337,-0.006796987999883337,-0.012726155883609744,-0.012726155883609744
2025-11-14,-0.015538395725772534,-0.015538395725772534,-0.015402837279771035,-0.015402837279771035
2025-11-15,0.0048100676919104555,0.0048100676919104555,0.0048100676919104555,0.0048100676919104555
2025-11-16,-0.00013679014778712571,-0.00013679014778712571,-0.006183954277266623,-0.006183954277266623
2025-11-17,-0.007208174596792729,-0.0073900149816808645,-0.0070768611335910005,-0.0073900149816808645
2025-11-18,0.006328557863093933,0.0026183851440750843,0.006328557863093933,-0.00013169303869234954
2025-11-19,-0.00013316448179307282,-0.00013316448179307282,-0.005237711937128832,0.0
2025-11-20,-0.019478381851227987,-0.019478381851227987,-0.01947970342149829,-0.017902333203836565
2025-11-21,-0.006843487099411295,-0.006843487099411295,-0.006843487099411295,-0.0069746536185113775
2025-11-22,-0.0005455863922964098,-0.0016597322231699284,-0.0005455863922964098,-0.0005455863922964098
2025-11-23,0.007807049074089306,-0.0001257243394602014,0.005776345093227905,0.005776345093227905
2025-11-24,-0.00012703758863771516,0.0,-0.00012703758863771516,-0.00012703758863771516
2025-11-25,0.0,0.0,0.0,0.0
2025-11-26,0.011096338577650675,0.0,0.0,0.0
2025-11-27,-0.00012620163810368273,0.0,0.0,0.0
2025-11-28,0.0,0.0,0.0,0.0
2025-11-29,-0.00041238992145279437,0.0,0.0,0.0
2025-11-30,-8.217123217144626e-05,0.0,0.0,0.0
2025-12-01,-0.014355381601707016,0.0,-0.014231110775889295,0.0
2025-12-02,0.01994992099162094,0.0199494809547731,0.01994992099162094,0.0199494809547731
2025-12-03,-0.00012515477583705176,-0.00012515477583705176,-0.00012515477583705176,-0.00012515477583705176
2025-12-04,0.0,0.0,0.0,0.0
2025-12-05,-0.01005076672473614,-0.009164012182052086,0.0,0.0
2025-12-06,0.0006399829277746652,0.0005203570263302644,-0.000445792318039834,0.0
2025-12-07,-0.00012200551718423658,-0.00012200551718423658,0.0029109581466280625,0.0029106532585741396
2025-12-08,0.0,0.0,0.003662136547044665,-0.00012231040523815956
2025-12-09,0.0,0.0,-0.00012229346728688474,0.0
2025-12-10,0.0,0.0,0.0,0.0
2025-12-11,0.0015292775223451345,0.0,0.0,0.0
2025-12-12,-0.014773215144081605,-0.014650010065488089,0.0,0.0
2025-12-13,0.0013072019873820058,0.0013072019873820058,0.001304111045027375,0.0029071755346825046
2025-12-14,-0.00012636827966313574,-0.00012636827966313574,-0.006371371681025193,-0.005321195068684815
2025-12-15,-0.008503566625412608,-0.00645420584307497,-0.00837534050724837,-0.008502991241483602
2025-12-16,0.0025229174839339324,0.002394247036243787,0.0025229174839339324,0.005178304743143834
2025-12-17,-0.00012867044769014556,-0.00012867044769014556,-0.00996722573496552,-0.014200265892903807
2025-12-18,-0.0017898250061976243,-0.0017898250061976243,-0.0016617740537048602,-0.0005391989222663056
2025-12-19,0.009630155793430857,-0.0001290422454379877,0.01688035658590531,-0.0001290422454379877
2025-12-20,-0.00012789162428534682,0.0,-0.00012789162428534682,0.0
2025-12-21,0.0,0.0,0.0,0.0
2025-12-22,0.0,0.0,0.0,0.0
2025-12-23,0.0,0.0,0.0,0.0
2025-12-24,-0.0008830855623182649,0.0,0.0,0.0
2025-12-25,-0.005371759118928874,0.0,-0.0036736213250717444,0.0
2025-12-26,0.0015736427995155413,0.0,0.0017091475563502723,0.0
2025-12-27,-0.00014200438426273198,0.0,-0.00014200438426273198,0.0
2025-12-28,0.0,0.0,0.0,0.0
2025-12-29,0.0,0.0,0.0,0.0
2025-12-30,0.004858668856895632,0.0,0.0,0.0
2025-12-31,-0.00014157295878693973,0.0,0.0,0.0
2026-01-01,0.005849343004883268,0.0,0.0,0.0
2026-01-02,-0.00018016494692390836,0.0,0.0,0.0
2026-01-03,0.0,0.0,0.0,0.0
2026-01-04,0.0,0.0,0.0,0.0
2026-01-05,0.0,0.0,0.0,0.0
2026-01-06,0.0,0.0,0.0,0.0
2026-01-07,0.0,0.0,0.0,0.0
2026-01-08,-0.006466114990278055,-0.006466114990278055,0.0,0.0
2026-01-09,-0.003304818160950054,-0.00021797815914287555,-0.003049713892172183,-0.0027946096233943123
2026-01-10,-0.0008343942211707544,0.0,-0.0006297413252862251,-0.0008343942211707544
2026-01-11,-0.00020465289588452929,0.0,0.006194923151761288,-0.00020465289588452929
2026-01-12,0.0,0.0,-0.00022091916661321398,0.0
2026-01-13,0.04193309208172659,0.0,0.0,0.0
2026-01-14,-0.00022651044424267574,0.0,0.0,0.0
2026-01-15,0.0,0.0,0.0,0.0
2026-01-16,-0.002194744385039005,-0.0006438252357704697,0.0,0.0
2026-01-17,0.001879475578033182,-0.00020815229094384735,0.001879475578033182,0.0
2026-01-18,-0.00935548589936028,0.0,-0.006902942235833353,0.0
2026-01-19,-0.011428253671452872,-0.006407578783346577,-0.011203857573994891,0.0
2026-01-20,-0.03430265702616708,-0.04384919009049208,-0.03430265702616708,-0.025416319201488353
2026-01-21,0.0068930593437925855,0.006678932023089091,0.0068930593437925855,0.006678932023089091
2026-01-22,-0.00021412732070349522,-0.00021412732070349522,-0.0020134910820306514,-0.0020134910820306514
2026-01-23,0.00035735120709130954,0.0,0.0003297493428385993,0.0003297493428385993
2026-01-24,-0.000175288903470526,0.0,-0.000175288903470526,-0.000175288903470526
2026-01-25,-0.012835882858500706,0.0,0.0,0.0
2026-01-26,0.012935848613903752,0.01293567865329035,0.01293567865329035,0.01293567865329035
2026-01-27,-0.00017626416709881745,-0.00017626416709881745,0.0039917231886938504,-0.00017626416709881745
2026-01-28,0.0,0.0,-0.0001666209125383642,0.0
2026-01-29,-0.02519705183335254,0.0,0.0,0.0
2026-01-30,-0.009277377508401777,-0.00927752205082424,-0.00927752205082424,-0.0020448889758678574
2026-01-31,-0.028960715625727308,-0.03428014053481665,-0.028960715625727308,-0.029105648364169158
2026-02-01,-0.017687353187602426,-0.017830384824697166,-0.017687353187602426,-0.017687353187602426
2026-02-02,0.009059689390519078,0.009059689390519078,0.009059689390519078,0.009059689390519078
2026-02-03,-0.0001273360662031022,-0.0001273360662031022,-0.013231948855697277,-0.013231948855697277
2026-02-04,-0.011255770734987252,-0.011255770734987252,-0.011133368547116563,-0.011133368547116563
2026-02-05,-0.0439465390944452,-0.0439465390944452,-0.0439465390944452,-0.0439465390944452
2026-02-06,0.038117864542436826,0.038117864542436826,0.038117864542436826,0.038117864542436826
2026-02-07,-0.00012056870227079293,-0.00012056870227079293,-0.0008134455096574132,-0.0008134455096574132
2026-02-08,0.0028060129485357696,0.0,0.0015537194690967606,0.0028060129485357696
2026-02-09,-7.66293942979341e-05,0.0,-7.66293942979341e-05,-7.66293942979341e-05
2026-02-10,0.0,0.0,0.0,0.0
2026-02-11,-0.006330480211768657,-0.007726907611086103,-0.007726907611086103,0.0
2026-02-12,-0.0008421960371907893,-0.0009155834595763883,-0.0009155834595763883,-0.0009187959814486687
2026-02-13,0.007700986554887369,-7.981246613015988e-05,0.009062978246095315,0.009062978246095315
2026-02-14,-8.007152193615189e-05,0.0,-8.007152193615189e-05,-8.007152193615189e-05
2026-02-15,0.0,0.0,0.0,0.0
2026-02-16,0.0016000206546326365,0.0030839949518878538,0.0,0.0
2026-02-17,-7.725719371749487e-05,-7.725719371749487e-05,-0.0007218444814674767,0.0
2026-02-18,-0.0030808688483106796,-0.0030808688483106796,-0.0033044161532766966,0.0
2026-02-19,0.00042931152985835054,-7.666792853317367e-05,0.0015545963050261464,0.0015545963050261464
2026-02-20,-7.829594007485888e-05,0.0,0.0024007576330519263,-7.829594007485888e-05
2026-02-21,0.0,0.0,-7.86615000207997e-05,0.0
2026-02-22,0.0,0.0,0.0,0.0
2026-02-23,-0.009436786214544118,0.0,0.0,0.0
2026-02-24,-0.0011374996271665643,-0.0012157402852425734,-0.0012157402852425734,-0.0012157402852425734
2026-02-25,0.01200257605355671,-7.8721107933545e-05,0.01698144439515572,0.01698144439515572
2026-02-26,-7.89326387093728e-05,0.0,-7.89326387093728e-05,-7.89326387093728e-05
2026-02-27,-0.00673128103510487,0.0,0.0,0.0
2026-02-28,0.003299170552427693,0.0032253727845262654,0.0,0.0
2026-03-01,-7.510062023068864e-05,-7.510062023068864e-05,-0.002931227223130755,0.0
2026-03-02,0.008855554675493432,0.008933713223608546,0.008930335272236571,0.0
2026-03-03,-7.760249243915436e-05,-7.760249243915436e-05,-7.760249243915436e-05,0.0
2026-03-04,0.01318252032741736,0.0,0.0,0.0
2026-03-05,-7.780019301417771e-05,0.0,0.0,0.0
2026-03-06,-0.00816450552727274,-0.00816450552727274,0.0,0.0
2026-03-07,-0.002032648010445925,-0.002032648010445925,0.0,0.0
2026-03-08,-0.005639962276859831,-9.424679143735451e-05,-0.005214660571448793,-0.005214660571448793
2026-03-09,0.009459995904559128,0.010639586836653609,0.009574879876918962,0.009574879876918962
2026-03-10,-0.00011488397235983568,-0.00011488397235983568,-0.00011488397235983568,-0.00011488397235983568
2026-03-11,0.0,0.0,0.0,0.0
2026-03-12,0.0,0.0,0.0,0.0
2026-03-13,0.0,0.0,0.0,0.0
2026-03-14,0.0,0.0,0.0,0.0
2026-03-15,0.0,0.0,0.0,0.0
2026-03-16,0.0,0.0,0.0,0.0
2026-03-17,0.0,0.0,0.0,0.0
2026-03-18,-0.012480227217901195,0.0,0.0,0.0
2026-03-19,-0.006951300069741187,-0.007066663602915937,-0.005443842749551883,0.0
2026-03-20,0.0017418477414059756,0.0017418477414059756,0.0016299129195624224,0.0016335122556781667
2026-03-21,-0.00011193482184355328,-0.00011193482184355328,-0.007099819826107477,-0.007099819826107477
2026-03-22,-0.00422259591915937,-0.00422259591915937,-0.004112096555368703,-0.004112096555368703
2026-03-23,0.01264360186249327,-0.00011065459955243755,0.01264360186249327,-0.00011065459955243755
2026-03-24,-0.00010922795702353785,0.0,-0.00010922795702353785,0.0
2026-03-25,0.0028902948452793195,0.0,0.0,0.0
2026-03-26,-0.00011022949728714142,0.0,0.0,0.0
2026-03-27,-0.010759853692593004,-0.010759853692593004,-0.010759853692593004,0.0
2026-03-28,0.00011626114497038837,0.00011626114497038837,0.00011626114497038837,-2.044821875097692e-09
2026-03-29,-0.00012093278453253495,-0.00012093278453253495,-0.0015654891665143344,-0.0015654891665143344
2026-03-30,0.0035089470625538394,0.0,0.005059010008464348,0.0035089470625538394
2026-03-31,-0.00012199561194527249,0.0,-0.00012199561194527249,-0.00012199561194527249
2026-04-01,0.0,0.0,0.0,0.0
2026-04-02,0.0,0.0,0.0,0.0
2026-04-03,-0.00023055440552021138,-0.0006471276371835606,0.0,0.0
2026-04-04,-0.00014025777655854663,-0.00014025777655854663,0.0017013931242852358,0.0
2026-04-05,0.0,0.0,0.00868605242253433,0.0
2026-04-06,0.0,0.0,-0.00014684152783595703,0.0
2026-04-07,0.0,0.0,0.0,0.0
2026-04-08,0.0,0.0,0.0,0.0
2026-04-09,0.0016210494647315955,0.0,0.0,0.0
2026-04-10,-0.00014124705542377608,0.0,0.0,0.0
2026-04-11,0.0,0.0,0.0,0.0
2026-04-12,0.0,0.0,0.0,0.0
2026-04-13,0.022948522304295643,0.022948522304295643,0.01787872006251255,0.0
2026-04-14,-0.0001385551440697797,-0.0001385551440697797,-0.0001385551440697797,0.0
2026-04-15,0.004058683070144434,0.0,0.0,0.0
2026-04-16,-0.0001317126857260027,0.0,0.0,0.0
2026-04-17,0.010256468049577652,0.0,0.0,0.0
2026-04-18,-0.0001381035023254614,0.0,0.0,0.0
2026-04-19,-0.010755129722836302,-0.010755129722836302,0.0,0.0
2026-04-20,0.008688419790896353,0.008688419790896353,0.008549810665826068,0.0
2026-04-21,-0.0001391436449927447,-0.0001391436449927447,0.002160856853807126,0.0018953579476613867
2026-04-22,0.0,0.0,0.006918567062487379,-0.0001360462452923849
2026-04-23,0.0,0.0,-0.00014112430447886217,0.0
2026-04-24,-0.0023218222322545236,0.0,0.0,0.0
2026-04-25,0.0007053271899383441,0.0,0.0,0.0
2026-04-26,-0.0001482594233715814,0.0,0.00660133764683772,0.0
2026-04-27,0.0,0.0,-0.00015475484633056122,0.0
2026-04-28,-0.0038530927813194126,-0.0023865380983389617,0.0,0.0
2026-04-29,-0.004441833655749113,-0.00015486273910346134,-0.004590052175053685,0.0
2026-04-30,0.0018854632107659453,0.0,0.0018854632107659453,0.0017339225815619288
2026-05-01,-0.0001538734037455759,0.0,0.007957185859332552,-0.0001538734037455759
2026-05-02,0.0,0.0,-0.00015280373645339997,0.0
2026-05-03,0.0,0.0,0.0,0.0
2026-05-04,0.006314688162017524,0.0,0.0,0.0
2026-05-05,-0.0001568125914901021,0.0,0.0,0.0
2026-05-06,0.0,0.0,0.0,0.0
2026-05-07,-0.011140796154423266,0.0,0.0,0.0
2026-05-08,0.0019429851714187086,0.0019398174097950665,0.0019398174097950665,0.002998988789519561
2026-05-09,-0.00017712832524051348,-0.00017712832524051348,0.0030207611788276804,0.003476201650596673
2026-05-10,0.0,0.0,0.008335319746698518,-0.00017257681385799532
2026-05-11,0.0,0.0,-0.00017489117105269644,0.0
2026-05-12,-0.010193827917146805,0.0,0.0,0.0
2026-05-13,-0.006440105515908918,-0.00662575863461055,-0.00662575863461055,-0.004413822938824604
2026-05-14,0.009351841866092826,0.012378281354388738,0.009351841866092826,0.009123623892430977
2026-05-15,-0.00022821797366184788,-0.00022821797366184788,-0.014246115210032688,-0.014839853612573789
2026-05-16,-0.009285670397238693,-0.009285670397238693,-0.009065365505431603,-0.009289662622156396
2026-05-17,-0.008980194088795619,-0.008980194088795619,-0.008980194088795619,-0.008980194088795619
2026-05-18,-0.001924289549833928,-0.0005171164910756406,-0.001924289549833928,-0.001924289549833928
2026-05-19,-0.0033438569189349703,-0.0002310557084684382,-0.0033438569189349703,-0.0033438569189349703
2026-05-20,0.005555770511686097,0.0,0.005555770511686097,0.005555770511686097
2026-05-21,-0.0002580443677064532,0.0,0.0008732038198843107,-0.0002580443677064532
2026-05-22,0.0,0.0,-0.0002590122259140297,0.0
2026-05-23,0.013581853758755202,0.013581853758755202,0.013581853758755202,0.010480961479968149
2026-05-24,-0.0002719395974514347,-0.0002719395974514347,-0.0015227723345375907,-0.0002719395974514347
2026-05-25,0.0033447781278348092,0.0,0.0027430181523906616,0.0
2026-05-26,-0.00024389746125456547,0.0,-0.00024389746125456547,0.0
2026-05-27,-0.01452010538273234,-0.01452010538273234,-0.01452010538273234,0.0
2026-05-28,-0.005989249929618268,-0.005989249929618268,-0.005989249929618268,-0.0062398435863985375
2026-05-29,-0.00014819862219332406,-0.0017663046331976577,-0.00014819862219332406,-0.00014819862219332406
2026-05-30,0.0032945984458641257,-0.00024889971244757193,0.002990740913230628,0.002990740913230628
2026-05-31,-0.0002489827403139156,0.0,-0.0021704182502610774,-0.0002489827403139156
2026-06-01,-0.010544823126181366,0.0,-0.00026169197778248517,0.0
2026-06-02,-0.04340813735192964,-0.04340813735192964,-0.04340813735192964,-0.04340813735192964
2026-06-03,-0.02190752716078273,-0.02190752716078273,-0.02190752716078273,-0.02190752716078273
2026-06-04,-0.007122399561778112,-0.007122399561778112,-0.007122399561778112,-0.007122399561778112
2026-06-05,-0.037096225704196524,-0.05248693933789305,-0.037096225704196524,-0.037096225704196524
2026-06-06,-0.00283184380548673,-0.003027878077093149,-0.00283184380548673,-0.00283184380548673
2026-06-07,0.024316648593426603,-0.00019902106045267741,0.024316648593426603,0.024316648593426603
2026-06-08,-0.00016567339442032217,0.0,-0.000828833744822677,-0.00019820532989489048
2026-06-09,-0.008082175591242607,0.0,-0.00016767371895605842,-0.00016767371895605842
2026-06-10,-0.0027529048217080805,-0.0027526187483771156,0.0,0.0
2026-06-11,0.012109628938816723,-0.0001464338938700252,0.011964197191187666,0.011964197191187666
2026-06-12,-0.0001459328207495409,0.0,-0.0016538408808948713,-0.0001459328207495409
2026-06-13,0.0030033584311353408,0.0,-0.00014589777955688216,0.0
2026-06-14,-0.00014119443888457636,0.0,0.0,0.0
2026-06-15,0.0,0.0,0.0,0.0
2026-06-16,0.0,0.0,0.0,0.0
2026-06-17,-0.00610982359523453,0.0,0.0,0.0
2026-06-18,-0.007970614252848868,-0.00797061389345321,-0.008226338634885002,0.0
2026-06-19,0.0015582188958480911,0.0015582188958480911,0.0014238214856476254,0.001423860395078681
2026-06-20,-0.00013439741020046566,-0.00013439741020046566,0.004858792365790653,0.004858792365790653
2026-06-21,0.0,0.0,-0.00013372469817423953,-0.00013372469817423953
2026-06-22,0.0038115734562250065,0.0038115734562250065,0.0,0.0
2026-06-23,-0.00013595937889434123,-0.00013595937889434123,0.0,0.0
2026-06-24,-0.009119117588975928,-0.009119117588975928,-0.009119117588975928,-0.009119117588975928
2026-06-25,-0.009129664508604769,-0.009129664508604769,-0.009129664508604769,-0.009129664508604769
2026-06-26,0.0019684037281288303,0.0019684037281288303,0.0019684037281288303,0.0019684037281288303
2026-06-27,-0.0001333023803747893,-0.0001333023803747893,-0.000722985712389517,-0.000722985712389517
2026-06-28,0.0,0.0,-0.0012407065263593997,-0.0001320342277186591
2026-06-29,0.0035433669882231965,0.0,-0.00013163339977490798,0.0
2026-06-30,-0.00013203735142060022,0.0,0.0,0.0
2026-07-01,0.007652520610542992,0.007652520610542992,0.007652520610542992,0.0
2026-07-02,-0.00013168438017339753,-0.00013168438017339753,-0.00013168438017339753,0.0
2026-07-03,0.0,0.0,0.0,0.0
2026-07-04,0.0,0.0,0.0,0.0
2026-07-05,0.0,0.0,0.0,0.0
2026-07-06,0.0,0.0,0.0,0.0
2026-07-07,0.0,0.0,0.0,0.0
2026-07-08,-0.009480407685971226,0.0,0.0,0.0
2026-07-09,0.008557848056015066,0.008340577617057737,0.008340577617057737,0.0
