date,total_circulating_usd
2017-11-29,110105
2017-11-30,110105
2017-12-01,110105
2017-12-02,110105
2017-12-03,110105
2017-12-04,110105
2017-12-05,110105
2017-12-06,110105
2017-12-07,110105
2017-12-08,110105
2017-12-09,110105
2017-12-10,110105
2017-12-11,110105
2017-12-12,110105
2017-12-13,110105
2017-12-14,110105
2017-12-15,110105
2017-12-16,110105
2017-12-17,110105
2017-12-18,110105
2017-12-19,110105
2017-12-20,110105
2017-12-21,110105
2017-12-22,110105
2017-12-23,110105
2017-12-24,110105
2017-12-25,110105
2017-12-26,110105
2017-12-27,110105
2017-12-28,110105
2017-12-29,110105
2017-12-30,110105
2017-12-31,110105
2018-01-01,110105
2018-01-02,110105
2018-01-03,110105
2018-01-04,110105
2018-01-05,110105
2018-01-06,110105
2018-01-07,110105
2018-01-08,110105
2018-01-09,110105
2018-01-10,110105
2018-01-11,30146817
2018-01-12,30146817
2018-01-13,30146817
2018-01-14,30146817
2018-01-15,30146817
2018-01-16,30146817
2018-01-17,30146817
2018-01-18,30146817
2018-01-19,30146817
2018-01-20,30146817
2018-01-21,30146817
2018-01-22,30146817
2018-01-23,30146817
2018-01-24,30146817
2018-01-25,30146817
2018-01-26,30146817
2018-01-27,30146817
2018-01-28,30146817
2018-01-29,60183528
2018-01-30,60183528
2018-01-31,60183528
2018-02-01,60183528
2018-02-02,60183528
2018-02-03,60183528
2018-02-04,60183528
2018-02-05,60183528
2018-02-06,60183528
2018-02-07,60183528
2018-02-08,60183528
2018-02-09,60183528
2018-02-10,60183528
2018-02-11,60183528
2018-02-12,60183528
2018-02-13,60183528
2018-02-14,60183528
2018-02-15,60183528
2018-02-16,60183528
2018-02-17,60183528
2018-02-18,60183528
2018-02-19,60183528
2018-02-20,60183528
2018-02-21,60183528
2018-02-22,60183528
2018-02-23,60183528
2018-02-24,60183528
2018-02-25,60183528
2018-02-26,60183528
2018-02-27,60183528
2018-02-28,60183528
2018-03-01,60183528
2018-03-02,60183528
2018-03-03,60183528
2018-03-04,60183528
2018-03-05,60183528
2018-03-06,60183528
2018-03-07,60183528
2018-03-08,60183528
2018-03-09,60183528
2018-03-10,60183528
2018-03-11,60183528
2018-03-12,60183528
2018-03-13,60183528
2018-03-14,60183528
2018-03-15,60183528
2018-03-16,60183528
2018-03-17,60183528
2018-03-18,60183528
2018-03-19,60183528
2018-03-20,60183528
2018-03-21,60183528
2018-03-22,60183528
2018-03-23,60183528
2018-03-24,60183528
2018-03-25,60183528
2018-03-26,60183528
2018-03-27,60183528
2018-03-28,60183528
2018-03-29,60183528
2018-03-30,60183528
2018-03-31,60183528
2018-04-01,60183528
2018-04-02,60183528
2018-04-03,60183528
2018-04-04,60183528
2018-04-05,60183528
2018-04-06,60183528
2018-04-07,60183528
2018-04-08,60183528
2018-04-09,60183528
2018-04-10,60183528
2018-04-11,60183528
2018-04-12,60183528
2018-04-13,60183528
2018-04-14,60183528
2018-04-15,60183528
2018-04-16,60183528
2018-04-17,60183528
2018-04-18,60183528
2018-04-19,60183528
2018-04-20,60183528
2018-04-21,60183528
2018-04-22,60183528
2018-04-23,60183528
2018-04-24,60183528
2018-04-25,60183528
2018-04-26,60183528
2018-04-27,60183528
2018-04-28,60183528
2018-04-29,60183528
2018-04-30,60183528
2018-05-01,60183528
2018-05-02,60183528
2018-05-03,60183528
2018-05-04,60183528
2018-05-05,60183528
2018-05-06,60183528
2018-05-07,60183528
2018-05-08,60183528
2018-05-09,60183528
2018-05-10,60183528
2018-05-11,60183528
2018-05-12,60183528
2018-05-13,60183528
2018-05-14,60183528
2018-05-15,60183528
2018-05-16,60183528
2018-05-17,60183528
2018-05-18,60183528
2018-05-19,60183528
2018-05-20,60183528
2018-05-21,60183528
2018-05-22,60183528
2018-05-23,60183528
2018-05-24,60183528
2018-05-25,60183528
2018-05-26,60183528
2018-05-27,60183528
2018-05-28,60183528
2018-05-29,60183528
2018-05-30,60183528
2018-05-31,60183528
2018-06-01,60183528
2018-06-02,60183528
2018-06-03,60183528
2018-06-04,60183528
2018-06-05,60183528
2018-06-06,60183528
2018-06-07,60183528
2018-06-08,60183528
2018-06-09,60183528
2018-06-10,60183060
2018-06-11,60183060
2018-06-12,60183060
2018-06-13,60183060
2018-06-14,60183060
2018-06-15,60183060
2018-06-16,60183060
2018-06-17,60183060
2018-06-18,60183060
2018-06-19,60183060
2018-06-20,60183060
2018-06-21,60183060
2018-06-22,60183060
2018-06-23,60183060
2018-06-24,60183060
2018-06-25,60183060
2018-06-26,60183060
2018-06-27,60183060
2018-06-28,60183060
2018-06-29,60183060
2018-06-30,60183060
2018-07-01,60183060
2018-07-02,60183060
2018-07-03,60183060
2018-07-04,60183060
2018-07-05,60183060
2018-07-06,60183060
2018-07-07,60183060
2018-07-08,60183060
2018-07-09,60183060
2018-07-10,60183060
2018-07-11,60183060
2018-07-12,60183060
2018-07-13,60183060
2018-07-14,60183060
2018-07-15,60183060
2018-07-16,60183060
2018-07-17,60183060
2018-07-18,60183060
2018-07-19,60183060
2018-07-20,60183060
2018-07-21,60183060
2018-07-22,60183060
2018-07-23,60183060
2018-07-24,60183060
2018-07-25,60183060
2018-07-26,60183060
2018-07-27,60183060
2018-07-28,60183060
2018-07-29,30146348
2018-07-30,30146348
2018-07-31,15127992
2018-08-01,15127992
2018-08-02,15127992
2018-08-03,15127992
2018-08-04,15127992
2018-08-05,15127992
2018-08-06,15127992
2018-08-07,15127992
2018-08-08,15127992
2018-08-09,15127992
2018-08-10,15127992
2018-08-11,15127992
2018-08-12,15127992
2018-08-13,15127992
2018-08-14,15127992
2018-08-15,15127992
2018-08-16,15127992
2018-08-17,15127992
2018-08-18,15127992
2018-08-19,15127992
2018-08-20,15127992
2018-08-21,15127992
2018-08-22,15127992
2018-08-23,15127992
2018-08-24,15127992
2018-08-25,15127992
2018-08-26,15127992
2018-08-27,15127992
2018-08-28,15127992
2018-08-29,15127992
2018-08-30,15127992
2018-08-31,15127992
2018-09-01,15127992
2018-09-02,15127992
2018-09-03,15127992
2018-09-04,15127992
2018-09-05,15127992
2018-09-06,25140229
2018-09-07,25140229
2018-09-08,25140229
2018-09-09,25140229
2018-09-10,25140229
2018-09-11,25140712
2018-09-12,25392059
2018-09-13,25391909
2018-09-14,25392288
2018-09-15,25392288
2018-09-16,25392288
2018-09-17,25392288
2018-09-18,25392985
2018-09-19,26695998
2018-09-20,26696474
2018-09-21,33244652
2018-09-22,36823225
2018-09-23,37324489
2018-09-24,37324489
2018-09-25,38337242
2018-09-26,38337244
2018-09-27,40453807
2018-09-28,42437155
2018-09-29,43376361
2018-09-30,43376612
2018-10-01,43376903
2018-10-02,45388458
2018-10-03,45388413
2018-10-04,56823466
2018-10-05,57993365
2018-10-06,61183499
2018-10-07,61183499
2018-10-08,61183499
2018-10-09,60182585
2018-10-10,61552634
2018-10-11,61360426
2018-10-12,61746551
2018-10-13,69255061
2018-10-14,71929080
2018-10-15,71929080
2018-10-16,95242214
2018-10-17,109711981
2018-10-18,122669962
2018-10-19,122417342
2018-10-20,135981661
2018-10-21,141215783
2018-10-22,141215783
2018-10-23,151222891
2018-10-24,217243483
2018-10-25,257103694
2018-10-26,256515556
2018-10-27,268778018
2018-10-28,268894610
2018-10-29,268869717
2018-10-30,267841333
2018-10-31,275451031
2018-11-01,272496133
2018-11-02,269210270
2018-11-03,292132330
2018-11-04,294058746
2018-11-05,294033663
2018-11-06,298266865
2018-11-07,297779746
2018-11-08,297547742
2018-11-09,298054794
2018-11-10,296708736
2018-11-11,296708736
2018-11-12,296021542
2018-11-13,292118872
2018-11-14,297041913
2018-11-15,298967249
2018-11-16,299882149
2018-11-17,302927985
2018-11-18,303953269
2018-11-19,304152930
2018-11-20,305428397
2018-11-21,319244243
2018-11-22,326123561
2018-11-23,328024067
2018-11-24,333262460
2018-11-25,332267337
2018-11-26,332211506
2018-11-27,328550723
2018-11-28,330659500
2018-11-29,334987955
2018-11-30,345832864
2018-12-01,367519554
2018-12-02,369084000
2018-12-03,369085003
2018-12-04,387312583
2018-12-05,378001146
2018-12-06,366256061
2018-12-07,374919630
2018-12-08,381748882
2018-12-09,385657551
2018-12-10,385820137
2018-12-11,387395091
2018-12-12,380981952
2018-12-13,376954688
2018-12-14,374938971
2018-12-15,381787156
2018-12-16,382039817
2018-12-17,382024207
2018-12-18,389327690
2018-12-19,389560576
2018-12-20,397844173
2018-12-21,401433768
2018-12-22,410390309
2018-12-23,410363120
2018-12-24,410339228
2018-12-25,409321624
2018-12-26,409367178
2018-12-27,406994581
2018-12-28,412902606
2018-12-29,413094578
2018-12-30,417643665
2018-12-31,417700790
2019-01-01,418703521
2019-01-02,426564735
2019-01-03,441434209
2019-01-04,445431052
2019-01-05,656909286
2019-01-06,657861456
2019-01-07,668087067
2019-01-08,678079079
2019-01-09,686145503
2019-01-10,703514342
2019-01-11,705507303
2019-01-12,714602946
2019-01-13,724437741
2019-01-14,731674142
2019-01-15,731738123
2019-01-16,729362227
2019-01-17,686093928
2019-01-18,686127155
2019-01-19,693185573
2019-01-20,697968355
2019-01-21,697915422
2019-01-22,699320589
2019-01-23,702324563
2019-01-24,683428650
2019-01-25,694331097
2019-01-26,695918449
2019-01-27,694057902
2019-01-28,699972824
2019-01-29,684559282
2019-01-30,679941688
2019-01-31,677980074
2019-02-01,656437527
2019-02-02,656405523
2019-02-03,654566639
2019-02-04,654848641
2019-02-05,643315124
2019-02-06,642871918
2019-02-07,640843963
2019-02-08,627132420
2019-02-09,611597009
2019-02-10,611475070
2019-02-11,610173405
2019-02-12,610558760
2019-02-13,609291859
2019-02-14,593576990
2019-02-15,594209465
2019-02-16,593853460
2019-02-17,593390804
2019-02-18,592819777
2019-02-19,591365386
2019-02-20,592981187
2019-02-21,592856781
2019-02-22,575529413
2019-02-23,607983505
2019-02-24,607429187
2019-02-25,606147704
2019-02-26,604917530
2019-02-27,607194119
2019-02-28,608018395
2019-03-01,604631800
2019-03-02,609457831
2019-03-03,614875880
2019-03-04,614066103
2019-03-05,617503191
2019-03-06,617183684
2019-03-07,616311266
2019-03-08,605705037
2019-03-09,611676177
2019-03-10,612117513
2019-03-11,612152961
2019-03-12,615786107
2019-03-13,617293944
2019-03-14,616581546
2019-03-15,617405906
2019-03-16,616504073
2019-03-17,616440390
2019-03-18,615168972
2019-03-19,619934631
2019-03-20,620783471
2019-03-21,620504007
2019-03-22,626348097
2019-03-23,627092805
2019-03-24,627265746
2019-03-25,627372647
2019-03-26,627569909
2019-03-27,626551023
2019-03-28,626906132
2019-03-29,624022441
2019-03-30,623555382
2019-03-31,623329180
2019-04-01,624879301
2019-04-02,626365738
2019-04-03,629623776
2019-04-04,629220955
2019-04-05,628933457
2019-04-06,630486890
2019-04-07,630698261
2019-04-08,630813921
2019-04-09,650072928
2019-04-10,666931817
2019-04-11,705608292
2019-04-12,709478062
2019-04-13,728760160
2019-04-14,724085121
2019-04-15,726583178
2019-04-16,745335594
2019-04-17,751906981
2019-04-18,805597016
2019-04-19,805350312
2019-04-20,816170941
2019-04-21,810791842
2019-04-22,823381930
2019-04-23,820431880
2019-04-24,885025412
2019-04-25,937207494
2019-04-26,993315656
2019-04-27,1004584996
2019-04-28,1043037039
2019-04-29,1045269038
2019-04-30,1065014749
2019-05-01,1074402138
2019-05-02,1083256383
2019-05-03,1094832692
2019-05-04,1108522300
2019-05-05,1114859896
2019-05-06,1118149291
2019-05-07,1124471295
2019-05-08,1128582140
2019-05-09,1137964062
2019-05-10,1079104013
2019-05-11,1091691954
2019-05-12,1092385725
2019-05-13,1094836871
2019-05-14,1116617023
2019-05-15,1114402458
2019-05-16,1124597074
2019-05-17,1131070008
2019-05-18,1134055734
2019-05-19,1137344847
2019-05-20,1141824590
2019-05-21,1161582545
2019-05-22,1187050787
2019-05-23,1202639553
2019-05-24,1219342854
2019-05-25,1260098111
2019-05-26,1279466775
2019-05-27,1289093842
2019-05-28,1295258842
2019-05-29,1306525492
2019-05-30,1330388464
2019-05-31,1302219330
2019-06-01,1316565784
2019-06-02,1320111780
2019-06-03,1319957173
2019-06-04,1328807069
2019-06-05,1340032591
2019-06-06,1369262153
2019-06-07,1400091041
2019-06-08,1414345017
2019-06-09,1414342544
2019-06-10,1416353656
2019-06-11,1455628105
2019-06-12,1487476353
2019-06-13,1532681290
2019-06-14,1553258375
2019-06-15,1574353049
2019-06-16,1585454750
2019-06-17,1607180551
2019-06-18,1629312264
2019-06-19,1635358837
2019-06-20,1632059716
2019-06-21,1647621759
2019-06-22,1660454764
2019-06-23,1661740777
2019-06-24,1676241608
2019-06-25,1666845035
2019-06-26,1684973417
2019-06-27,1685552007
2019-06-28,1705236168
2019-06-29,1736888606
2019-06-30,1766831762
2019-07-01,1766659769
2019-07-02,1786939453
2019-07-03,1806539915
2019-07-04,1863841156
2019-07-05,1899685625
2019-07-06,1950307325
2019-07-07,1968012844
2019-07-08,1977795201
2019-07-09,2034665676
2019-07-10,2069383596
2019-07-11,2072119461
2019-07-12,2113854593
2019-07-13,2206512996
2019-07-14,2214044635
2019-07-15,2219216423
2019-07-16,2246616182
2019-07-17,2283251496
2019-07-18,2329551684
2019-07-19,2364681802
2019-07-20,2323711618
2019-07-21,2324991117
2019-07-22,2333186277
2019-07-23,2338759545
2019-07-24,2336108179
2019-07-25,2357159682
2019-07-26,2363643120
2019-07-27,2363134240
2019-07-28,2372507685
2019-07-29,2378024208
2019-07-30,2406231589
2019-07-31,2410754774
2019-08-01,2419958837
2019-08-02,2417490079
2019-08-03,2401420673
2019-08-04,2410391794
2019-08-05,2418436211
2019-08-06,2497816143
2019-08-07,2497413191
2019-08-08,2489193613
2019-08-09,2481193249
2019-08-10,2457383265
2019-08-11,2461545925
2019-08-12,2467056340
2019-08-13,2461275948
2019-08-14,2444576386
2019-08-15,2446072128
2019-08-16,2437135234
2019-08-17,2445238089
2019-08-18,2445015653
2019-08-19,2445847972
2019-08-20,2449533081
2019-08-21,2444419632
2019-08-22,2466833723
2019-08-23,2468871948
2019-08-24,2476648055
2019-08-25,2475467081
2019-08-26,2477336460
2019-08-27,2473973486
2019-08-28,2467186992
2019-08-29,2472630449
2019-08-30,2502101641
2019-08-31,2511467562
2019-09-01,2510705599
2019-09-02,2509464863
2019-09-03,2514595784
2019-09-04,2540955139
2019-09-05,2533527300
2019-09-06,2573699148
2019-09-07,2601324872
2019-09-08,2603893504
2019-09-09,2600817246
2019-09-10,2596372411
2019-09-11,2604927130
2019-09-12,2603875369
2019-09-13,2911278010
2019-09-14,2917532449
2019-09-15,2920000940
2019-09-16,2919434954
2019-09-17,2908515981
2019-09-18,2895246296
2019-09-19,2878752569
2019-09-20,2877558426
2019-09-21,2867790725
2019-09-22,2867501777
2019-09-23,2869496457
2019-09-24,2875518005
2019-09-25,2895740486
2019-09-26,2928533593
2019-09-27,2925736459
2019-09-28,2937214128
2019-09-29,2944065164
2019-09-30,2949092827
2019-10-01,2961968568
2019-10-02,2986861529
2019-10-03,3015952498
2019-10-04,3047695165
2019-10-05,3052193752
2019-10-06,3052518668
2019-10-07,3074659130
2019-10-08,3079252133
2019-10-09,3078577267
2019-10-10,3082969846
2019-10-11,3093100020
2019-10-12,3108800792
2019-10-13,3108750721
2019-10-14,3111147223
2019-10-15,3107419491
2019-10-16,3110035713
2019-10-17,3109572740
2019-10-18,3127911639
2019-10-19,3139555506
2019-10-20,3148064516
2019-10-21,3178361515
2019-10-22,3184832131
2019-10-23,3187422946
2019-10-24,3277004889
2019-10-25,3377391920
2019-10-26,3322678641
2019-10-27,3328596049
2019-10-28,3326489823
2019-10-29,3321494318
2019-10-30,3646785193
2019-10-31,3656623069
2019-11-01,3625997711
2019-11-02,3624432294
2019-11-03,3638871951
2019-11-04,3639340876
2019-11-05,3627989710
2019-11-06,3649491291
2019-11-07,3635927613
2019-11-08,3631682455
2019-11-09,3618459051
2019-11-10,3618226228
2019-11-11,3617647752
2019-11-12,3616519417
2019-11-13,3610517708
2019-11-14,3609259705
2019-11-15,3599913225
2019-11-16,3594129579
2019-11-17,3597071879
2019-11-18,3596328282
2019-11-19,3590660116
2019-11-20,3597017502
2019-11-21,3593885270
2019-11-22,3624101848
2019-11-23,3645855979
2019-11-24,3621319569
2019-11-25,3627795274
2019-11-26,3671020542
2019-11-27,3671264954
2019-11-28,3687589971
2019-11-29,3682473291
2019-11-30,3693731139
2019-12-01,3696530497
2019-12-02,3699476292
2019-12-03,3738425544
2019-12-04,3733631183
2019-12-05,3761300671
2019-12-06,3757695207
2019-12-07,3769105002
2019-12-08,3777712068
2019-12-09,3779792302
2019-12-10,3816928348
2019-12-11,4068643525
2019-12-12,4046661970
2019-12-13,4052025718
2019-12-14,4046454853
2019-12-15,4047145798
2019-12-16,4048868790
2019-12-17,4058540792
2019-12-18,4060816610
2019-12-19,4093955951
2019-12-20,4142438731
2019-12-21,4170042609
2019-12-22,4163555060
2019-12-23,4164576755
2019-12-24,4175422499
2019-12-25,4170493520
2019-12-26,4173471024
2019-12-27,4165855978
2019-12-28,4169845518
2019-12-29,4165229806
2019-12-30,4167785868
2019-12-31,4172399815
2020-01-01,4171183915
2020-01-02,4172339379
2020-01-03,5263029449
2020-01-04,5317903566
2020-01-05,5322101858
2020-01-06,5316121908
2020-01-07,5325138380
2020-01-08,5304331004
2020-01-09,5275432151
2020-01-10,5273924299
2020-01-11,5259752141
2020-01-12,5234934725
2020-01-13,5245783884
2020-01-14,5231385318
2020-01-15,5216671448
2020-01-16,5235012363
2020-01-17,5232415331
2020-01-18,5224614339
2020-01-19,5221882346
2020-01-20,5227154052
2020-01-21,5221336668
2020-01-22,5219971982
2020-01-23,5227729620
2020-01-24,5215652091
2020-01-25,5226584411
2020-01-26,5220949191
2020-01-27,5223306407
2020-01-28,5213807404
2020-01-29,5241286354
2020-01-30,5225319308
2020-01-31,5227722361
2020-02-01,5223708022
2020-02-02,5225343587
2020-02-03,5229795520
2020-02-04,5235733266
2020-02-05,5221892129
2020-02-06,5215313720
2020-02-07,5221658747
2020-02-08,5211462780
2020-02-09,5215838450
2020-02-10,5243178189
2020-02-11,5224485837
2020-02-12,5222502601
2020-02-13,5217445835
2020-02-14,5226055786
2020-02-15,5224982222
2020-02-16,5224513135
2020-02-17,5233688392
2020-02-18,5242743901
2020-02-19,5228236453
2020-02-20,5228023411
2020-02-21,5226047156
2020-02-22,5232028938
2020-02-23,5231475395
2020-02-24,5241127908
2020-02-25,5219704618
2020-02-26,5217265149
2020-02-27,5212229955
2020-02-28,5235746126
2020-02-29,5228258455
2020-03-01,5223885102
2020-03-02,5229647485
2020-03-03,5231240071
2020-03-04,5244698752
2020-03-05,5244149199
2020-03-06,5228153391
2020-03-07,5243060587
2020-03-08,5241439606
2020-03-09,5211954498
2020-03-10,5247349957
2020-03-11,5248279700
2020-03-12,5275124338
2020-03-13,5300063186
2020-03-14,5388296097
2020-03-15,5325996363
2020-03-16,5391280199
2020-03-17,5408977302
2020-03-18,5424695019
2020-03-19,5358062292
2020-03-20,5440815259
2020-03-21,5481009210
2020-03-22,5435070454
2020-03-23,5460360343
2020-03-24,5479578866
2020-03-25,5498952201
2020-03-26,5523480109
2020-03-27,5509246065
2020-03-28,5486237668
2020-03-29,5497449798
2020-03-30,5504589512
2020-03-31,5498129318
2020-04-01,5484245718
2020-04-02,5506879823
2020-04-03,7520361335
2020-04-04,7562443213
2020-04-05,7557471767
2020-04-06,7572365440
2020-04-07,7551042009
2020-04-08,7548153522
2020-04-09,7568216566
2020-04-10,7579440165
2020-04-11,7585666155
2020-04-12,7585181801
2020-04-13,7597510990
2020-04-14,7588940386
2020-04-15,7613376819
2020-04-16,7594803190
2020-04-17,7819217665
2020-04-18,7801664672
2020-04-19,7800496165
2020-04-20,7823573706
2020-04-21,7830793196
2020-04-22,7810784076
2020-04-23,8587470416
2020-04-24,8553117734
2020-04-25,8572630885
2020-04-26,8604432709
2020-04-27,8625455878
2020-04-28,8633110935
2020-04-29,8600774867
2020-04-30,9147699579
2020-05-01,9140635937
2020-05-02,9207527701
2020-05-03,9228432767
2020-05-04,9255372698
2020-05-05,9230502496
2020-05-06,9314529388
2020-05-07,9385201295
2020-05-08,9549415672
2020-05-09,9624782717
2020-05-10,9786861585
2020-05-11,9949939825
2020-05-12,9963394794
2020-05-13,10116820987
2020-05-14,10136924145
2020-05-15,10264751759
2020-05-16,10320558024
2020-05-17,10341701634
2020-05-18,10434326150
2020-05-19,10406775076
2020-05-20,10376233394
2020-05-21,10407425906
2020-05-22,10385964684
2020-05-23,10363482963
2020-05-24,10370019549
2020-05-25,10442671143
2020-05-26,10484879220
2020-05-27,10475714784
2020-05-28,10504143820
2020-05-29,10521810563
2020-05-30,10519046047
2020-05-31,10585121020
2020-06-01,10554004111
2020-06-02,10586824965
2020-06-03,10671128095
2020-06-04,10695185238
2020-06-05,10737882005
2020-06-06,10738031561
2020-06-07,10761958070
2020-06-08,10787742244
2020-06-09,10823151728
2020-06-10,10829666746
2020-06-11,10890764535
2020-06-12,10905210278
2020-06-13,10968146982
2020-06-14,10974580616
2020-06-15,10981821533
2020-06-16,10993052761
2020-06-17,11046065654
2020-06-18,11076394900
2020-06-19,11128934632
2020-06-20,11221972787
2020-06-21,11269431397
2020-06-22,11291371486
2020-06-23,11339256517
2020-06-24,11296008399
2020-06-25,11311637151
2020-06-26,11296196966
2020-06-27,11332058794
2020-06-28,11374659438
2020-06-29,11380691760
2020-06-30,11358673903
2020-07-01,11383093396
2020-07-02,11425556916
2020-07-03,11431108455
2020-07-04,11483052161
2020-07-05,11548633482
2020-07-06,11565106680
2020-07-07,11583052130
2020-07-08,11613650912
2020-07-09,11655649781
2020-07-10,11700112852
2020-07-11,11725234590
2020-07-12,11771509505
2020-07-13,11763836778
2020-07-14,11780976433
2020-07-15,11773476460
2020-07-16,11813810554
2020-07-17,11830259623
2020-07-18,11849455193
2020-07-19,11894179709
2020-07-20,11969106677
2020-07-21,11938472006
2020-07-22,11975957518
2020-07-23,12097975744
2020-07-24,12204801535
2020-07-25,12347906320
2020-07-26,12372278797
2020-07-27,12465221658
2020-07-28,12383296918
2020-07-29,12687742037
2020-07-30,12857007871
2020-07-31,12945799525
2020-08-01,12997040523
2020-08-02,13171858040
2020-08-03,13308724862
2020-08-04,13363209257
2020-08-05,13431874835
2020-08-06,13517437732
2020-08-07,13606345989
2020-08-08,13782849335
2020-08-09,13931351384
2020-08-10,14015095923
2020-08-11,14044986697
2020-08-12,14201087438
2020-08-13,14274053304
2020-08-14,14412843493
2020-08-15,14729755991
2020-08-16,14716514938
2020-08-17,14789004093
2020-08-18,14946391238
2020-08-19,15211544080
2020-08-20,15234414789
2020-08-21,15351565275
2020-08-22,15483952267
2020-08-23,15589971518
2020-08-24,15651852185
2020-08-25,15683049208
2020-08-26,15713038116
2020-08-27,15739839907
2020-08-28,15916692357
2020-08-29,16027177068
2020-08-30,16239233729
2020-08-31,16279044423
2020-09-01,15532002662
2020-09-02,15710624166
2020-09-03,15988893435
2020-09-04,16074034556
2020-09-05,16250017617
2020-09-06,16314487648
2020-09-07,16369358912
2020-09-08,16693319540
2020-09-09,16683353126
2020-09-10,17028544020
2020-09-11,17127423300
2020-09-12,17222888229
2020-09-13,17296473959
2020-09-14,17626513489
2020-09-15,16766487247
2020-09-16,17914861141
2020-09-17,18167633011
2020-09-18,18397062583
2020-09-19,18522247374
2020-09-20,18818356670
2020-09-21,18900033656
2020-09-22,18962696330
2020-09-23,18988744019
2020-09-24,19071443302
2020-09-25,19143946257
2020-09-26,19167981519
2020-09-27,19254845168
2020-09-28,19302943363
2020-09-29,19215170367
2020-09-30,19222845395
2020-10-01,19240552781
2020-10-02,19388146193
2020-10-03,19469681949
2020-10-04,19515757283
2020-10-05,19538488716
2020-10-06,19556497402
2020-10-07,19592005881
2020-10-08,19610520376
2020-10-09,19885140655
2020-10-10,19968511646
2020-10-11,20027811790
2020-10-12,20049862183
2020-10-13,20076105724
2020-10-14,20044629130
2020-10-15,20031295392
2020-10-16,20020759547
2020-10-17,19996328714
2020-10-18,19989049444
2020-10-19,20028314554
2020-10-20,20161464213
2020-10-21,20490481064
2020-10-22,20582540993
2020-10-23,20687161494
2020-10-24,20667287789
2020-10-25,20703575834
2020-10-26,20739303757
2020-10-27,20820459145
2020-10-28,20852357853
2020-10-29,21000285806
2020-10-30,21036905639
2020-10-31,21187499543
2020-11-01,21231726205
2020-11-02,21248302437
2020-11-03,21233946173
2020-11-04,21366589230
2020-11-05,21322481969
2020-11-06,21608958242
2020-11-07,21720781734
2020-11-08,21755135515
2020-11-09,21741002105
2020-11-10,21681847475
2020-11-11,21851417384
2020-11-12,22050019495
2020-11-13,22221618449
2020-11-14,22249954555
2020-11-15,22293125031
2020-11-16,22295960588
2020-11-17,22431750392
2020-11-18,22375423887
2020-11-19,22386337655
2020-11-20,22566217488
2020-11-21,22967085725
2020-11-22,23021343457
2020-11-23,23085482714
2020-11-24,23245455645
2020-11-25,23468751798
2020-11-26,23476455550
2020-11-27,23456593336
2020-11-28,23444438936
2020-11-29,23590477413
2020-11-30,23608193267
2020-12-01,24042598073
2020-12-02,24234987463
2020-12-03,24292980539
2020-12-04,24394975270
2020-12-05,24602472650
2020-12-06,24631922957
2020-12-07,24679621713
2020-12-08,24610380941
2020-12-09,24603810064
2020-12-10,24601247569
2020-12-11,24755657672
2020-12-12,24801836725
2020-12-13,24925034081
2020-12-14,24978025621
2020-12-15,25045581404
2020-12-16,25274413332
2020-12-17,25408602917
2020-12-18,25434573975
2020-12-19,25692992103
2020-12-20,25835344038
2020-12-21,25829530660
2020-12-22,25956637288
2020-12-23,25937013754
2020-12-24,26187858197
2020-12-25,26491777649
2020-12-26,26526907626
2020-12-27,26550584276
2020-12-28,26583425154
2020-12-29,26831297054
2020-12-30,26887152847
2020-12-31,27068783502
2021-01-01,27380387018
2021-01-02,28273706662
2021-01-03,29253311943
2021-01-04,29421759680
2021-01-05,29278125285
2021-01-06,30082707424
2021-01-07,31125447521
2021-01-08,31205749318
2021-01-09,32070047247
2021-01-10,32358506043
2021-01-11,32281447819
2021-01-12,32292930929
2021-01-13,32584188210
2021-01-14,32656134742
2021-01-15,32660668611
2021-01-16,32805968513
2021-01-17,33034733548
2021-01-18,33013929440
2021-01-19,33573447500
2021-01-20,33620279826
2021-01-21,33799570985
2021-01-22,33850855834
2021-01-23,34104837833
2021-01-24,34157287288
2021-01-25,34318993587
2021-01-26,34267540374
2021-01-27,34777154494
2021-01-28,35456941380
2021-01-29,36082044022
2021-01-30,36592751131
2021-01-31,36670021984
2021-02-01,37206917703
2021-02-02,37086696036
2021-02-03,35663097749
2021-02-04,38242784718
2021-02-05,38765375111
2021-02-06,39983126144
2021-02-07,40081733742
2021-02-08,41494705769
2021-02-09,41873831743
2021-02-10,43105560721
2021-02-11,43453109192
2021-02-12,43684918484
2021-02-13,44847042534
2021-02-14,45315268417
2021-02-15,45360848760
2021-02-16,45820703274
2021-02-17,46724572248
2021-02-18,46905224771
2021-02-19,47552636536
2021-02-20,49200497896
2021-02-21,49676053976
2021-02-22,49683282265
2021-02-23,50106925064
2021-02-24,50121264937
2021-02-25,50704487836
2021-02-26,50480072091
2021-02-27,51216785031
2021-02-28,50906543988
2021-03-01,52256085585
2021-03-02,52624896063
2021-03-03,54135551181
2021-03-04,53557197696
2021-03-05,53999375505
2021-03-06,54163904824
2021-03-07,54463100090
2021-03-08,54462568179
2021-03-09,54256539549
2021-03-10,55594029617
2021-03-11,55861269632
2021-03-12,56193590400
2021-03-13,56594702998
2021-03-14,56639484172
2021-03-15,57680015835
2021-03-16,58388230040
2021-03-17,58523535954
2021-03-18,58903382476
2021-03-19,59198748071
2021-03-20,59443515754
2021-03-21,60514581402
2021-03-22,60704910261
2021-03-23,60931277617
2021-03-24,60754888852
2021-03-25,60815062898
2021-03-26,60996888979
2021-03-27,62451440706
2021-03-28,62596311643
2021-03-29,63066068955
2021-03-30,62685411766
2021-03-31,62971287183
2021-04-01,64037569305
2021-04-02,64087934838
2021-04-03,66477572599
2021-04-04,66808346045
2021-04-05,67271348307
2021-04-06,68358623876
2021-04-07,68402936645
2021-04-08,68831138883
2021-04-09,69524741736
2021-04-10,69792124657
2021-04-11,70041117459
2021-04-12,71018100999
2021-04-13,70868862393
2021-04-14,73448575159
2021-04-15,73848813021
2021-04-16,74452784848
2021-04-17,76584521041
2021-04-18,77167740161
2021-04-19,80193384746
2021-04-20,80402841186
2021-04-21,81306227022
2021-04-22,81658291378
2021-04-23,82022641054
2021-04-24,82156777043
2021-04-25,82094003308
2021-04-26,82854133505
2021-04-27,83225352714
2021-04-28,83300835093
2021-04-29,84116859655
2021-04-30,83780577345
2021-05-01,85146251461
2021-05-02,85476915841
2021-05-03,86721197526
2021-05-04,86847959318
2021-05-05,89124263948
2021-05-06,89678939514
2021-05-07,90234758513
2021-05-08,90404292981
2021-05-09,90908443079
2021-05-10,92234478445
2021-05-11,93858357076
2021-05-12,94740633555
2021-05-13,94780612453
2021-05-14,94320445684
2021-05-15,94961863794
2021-05-16,94973266863
2021-05-17,95459220721
2021-05-18,97062309797
2021-05-19,96612417008
2021-05-20,95414157621
2021-05-21,97229660811
2021-05-22,99318269221
2021-05-23,100020661650
2021-05-24,101154710118
2021-05-25,101777137356
2021-05-26,102054117838
2021-05-27,103113512553
2021-05-28,104235334073
2021-05-29,104980015876
2021-05-30,104528927205
2021-05-31,102551954678
2021-06-01,105928277789
2021-06-02,106378689980
2021-06-03,106365168898
2021-06-04,107000722544
2021-06-05,107212605712
2021-06-06,107521899644
2021-06-07,107990113845
2021-06-08,107449284545
2021-06-09,108408503704
2021-06-10,108711746479
2021-06-11,108346317476
2021-06-12,108151581409
2021-06-13,108453617411
2021-06-14,108568721933
2021-06-15,108661264516
2021-06-16,108819781774
2021-06-17,108136683315
2021-06-18,108452082611
2021-06-19,108625590908
2021-06-20,108938926314
2021-06-21,109254582430
2021-06-22,109040684432
2021-06-23,109811192269
2021-06-24,109988314745
2021-06-25,110145942976
2021-06-26,110286174930
2021-06-27,110638039969
2021-06-28,110796740141
2021-06-29,110306077349
2021-06-30,109927114308
2021-07-01,110428482010
2021-07-02,110351833082
2021-07-03,111075317370
2021-07-04,111062876908
2021-07-05,110543514554
2021-07-06,111214970190
2021-07-07,111572456270
2021-07-08,111429021478
2021-07-09,112207884725
2021-07-10,112189653113
2021-07-11,112301586322
2021-07-12,112098494602
2021-07-13,112435996554
2021-07-14,112227382693
2021-07-15,112183906885
2021-07-16,112959684195
2021-07-17,112164457618
2021-07-18,112630383283
2021-07-19,113009136021
2021-07-20,112751884036
2021-07-21,112847474611
2021-07-22,113312597140
2021-07-23,113201870936
2021-07-24,113519741653
2021-07-25,113751512841
2021-07-26,114245941384
2021-07-27,113972175793
2021-07-28,114556415546
2021-07-29,114157857987
2021-07-30,114379246942
2021-07-31,114958508549
2021-08-01,114382059081
2021-08-02,114074960118
2021-08-03,114239878600
2021-08-04,114603849929
2021-08-05,112712767316
2021-08-06,113264301718
2021-08-07,113663272322
2021-08-08,114931553152
2021-08-09,115232516149
2021-08-10,115314195837
2021-08-11,114849251773
2021-08-12,114915352146
2021-08-13,115102549802
2021-08-14,114916706528
2021-08-15,115942719308
2021-08-16,116100710839
2021-08-17,115957965358
2021-08-18,115893649436
2021-08-19,116112220296
2021-08-20,116724579489
2021-08-21,116840547762
2021-08-22,116848872167
2021-08-23,118427883910
2021-08-24,116040414888
2021-08-25,118043426185
2021-08-26,117921583051
2021-08-27,117870375871
2021-08-28,118327334026
2021-08-29,118388492894
2021-08-30,118416514508
2021-08-31,118327441831
2021-09-01,118746137914
2021-09-02,118622501421
2021-09-03,119695012661
2021-09-04,119850769912
2021-09-05,119926378281
2021-09-06,121061212122
2021-09-07,123140527570
2021-09-08,123671689073
2021-09-09,124295336364
2021-09-10,124624176510
2021-09-11,123767035283
2021-09-12,124277763189
2021-09-13,124838303600
2021-09-14,124258566760
2021-09-15,124554001925
2021-09-16,124458135403
2021-09-17,124710900888
2021-09-18,125204038737
2021-09-19,125121462835
2021-09-20,125362019201
2021-09-21,124416091708
2021-09-22,124190409653
2021-09-23,125420747101
2021-09-24,126074259612
2021-09-25,126805366942
2021-09-26,127481260589
2021-09-27,127954449386
2021-09-28,126583164607
2021-09-29,126588967535
2021-09-30,127645889409
2021-10-01,127409518513
2021-10-02,127271584476
2021-10-03,127353600927
2021-10-04,127731921942
2021-10-05,127694795377
2021-10-06,127934770609
2021-10-07,128367024984
2021-10-08,128558029472
2021-10-09,129002892079
2021-10-10,129242275436
2021-10-11,129293263582
2021-10-12,129912805464
2021-10-13,129453346331
2021-10-14,129585614890
2021-10-15,129858725486
2021-10-16,130076677676
2021-10-17,130084459378
2021-10-18,129965909766
2021-10-19,129773711555
2021-10-20,129722168273
2021-10-21,130296772078
2021-10-22,129989305281
2021-10-23,130593859462
2021-10-24,130820991183
2021-10-25,130747396660
2021-10-26,130801591356
2021-10-27,130275300301
2021-10-28,130959984382
2021-10-29,131445278570
2021-10-30,131916700255
2021-10-31,132294330140
2021-11-01,132078979010
2021-11-02,133252428790
2021-11-03,134372904920
2021-11-04,134302948671
2021-11-05,135643699336
2021-11-06,137081196216
2021-11-07,136921455320
2021-11-08,138213013495
2021-11-09,137568110262
2021-11-10,140082699156
2021-11-11,140267695689
2021-11-12,140006244620
2021-11-13,141121428662
2021-11-14,141531281573
2021-11-15,142768958552
2021-11-16,142591301271
2021-11-17,143591219656
2021-11-18,144945973267
2021-11-19,144614705397
2021-11-20,146569532860
2021-11-21,147215038851
2021-11-22,147096286949
2021-11-23,146694459949
2021-11-24,147150766656
2021-11-25,147565390186
2021-11-26,148387556091
2021-11-27,149044178772
2021-11-28,149408321926
2021-11-29,149572022228
2021-11-30,149006868167
2021-12-01,149695654407
2021-12-02,149874773895
2021-12-03,149753919345
2021-12-04,151505750467
2021-12-05,152704364591
2021-12-06,153529624671
2021-12-07,154280881512
2021-12-08,155114437488
2021-12-09,153723419597
2021-12-10,156052402443
2021-12-11,156153110273
2021-12-12,156842391637
2021-12-13,156936006122
2021-12-14,156805226899
2021-12-15,158711743218
2021-12-16,158774494678
2021-12-17,158634910649
2021-12-18,159104931486
2021-12-19,159706371507
2021-12-20,159416144416
2021-12-21,160976507733
2021-12-22,161372171215
2021-12-23,159988975559
2021-12-24,160614359953
2021-12-25,160970217785
2021-12-26,160857693024
2021-12-27,162099922364
2021-12-28,162051660595
2021-12-29,162088229277
2021-12-30,161968544151
2021-12-31,163252729890
2022-01-01,162611970592
2022-01-02,167078546840
2022-01-03,166172200328
2022-01-04,166423812274
2022-01-05,166426097093
2022-01-06,167365823023
2022-01-07,167188854169
2022-01-08,166999697657
2022-01-09,167082299131
2022-01-10,166999931842
2022-01-11,168241060609
2022-01-12,168464130301
2022-01-13,169356807295
2022-01-14,169598224376
2022-01-15,169887452911
2022-01-16,170037319395
2022-01-17,170431077201
2022-01-18,171002699460
2022-01-19,170526026657
2022-01-20,171093235706
2022-01-21,171809312131
2022-01-22,170991539965
2022-01-23,173153840557
2022-01-24,172523235023
2022-01-25,173704324149
2022-01-26,173569936342
2022-01-27,174702035419
2022-01-28,174989238998
2022-01-29,173576602384
2022-01-30,174405640491
2022-01-31,173969669225
2022-02-01,174439924086
2022-02-02,174266013502
2022-02-03,174889538100
2022-02-04,175841445697
2022-02-05,177344838122
2022-02-06,176241165443
2022-02-07,176737835978
2022-02-08,176964371854
2022-02-09,178453277730
2022-02-10,179012161966
2022-02-11,179978485090
2022-02-12,180573838347
2022-02-13,180560765084
2022-02-14,180760261297
2022-02-15,180577438133
2022-02-16,181190843680
2022-02-17,181129407649
2022-02-18,181430428789
2022-02-19,181841759858
2022-02-20,182844107012
2022-02-21,182413540862
2022-02-22,182730197951
2022-02-23,183035159841
2022-02-24,183404304173
2022-02-25,183916842065
2022-02-26,183375947281
2022-02-27,184125703085
2022-02-28,184845156591
2022-03-01,184215559981
2022-03-02,183641634515
2022-03-03,183868496535
2022-03-04,183649765683
2022-03-05,183598560433
2022-03-06,183829177933
2022-03-07,184021467433
2022-03-08,183003342416
2022-03-09,184269472389
2022-03-10,184621457347
2022-03-11,185060098009
2022-03-12,185027688796
2022-03-13,185280724562
2022-03-14,185507445032
2022-03-15,185292583247
2022-03-16,185212740359
2022-03-17,185435928332
2022-03-18,186150938768
2022-03-19,186746230704
2022-03-20,186947425724
2022-03-21,187201093492
2022-03-22,187166468528
2022-03-23,186923125963
2022-03-24,186289092795
2022-03-25,186551538085
2022-03-26,186124637346
2022-03-27,186354108968
2022-03-28,186257405137
2022-03-29,186094692639
2022-03-30,186952625963
2022-03-31,187757020480
2022-04-01,187283380698
2022-04-02,187458769718
2022-04-03,187123810559
2022-04-04,187079400531
2022-04-05,186863856621
2022-04-06,186952105320
2022-04-07,186072780447
2022-04-08,186178449613
2022-04-09,187049589458
2022-04-10,187449985039
2022-04-11,187451417655
2022-04-12,186651492130
2022-04-13,186943762419
2022-04-14,186454107834
2022-04-15,186524548760
2022-04-16,186498221935
2022-04-17,186496013171
2022-04-18,186632238188
2022-04-19,186422412899
2022-04-20,186611209663
2022-04-21,186751354545
2022-04-22,187151664776
2022-04-23,187482067634
2022-04-24,187718398559
2022-04-25,187555311217
2022-04-26,187596840724
2022-04-27,187116005906
2022-04-28,187035535147
2022-04-29,186938516916
2022-04-30,187372369124
2022-05-01,187637761542
2022-05-02,186911024940
2022-05-03,186640609560
2022-05-04,186706359343
2022-05-05,186269488531
2022-05-06,186494504231
2022-05-07,185710554750
2022-05-08,185493910054
2022-05-09,180555499204
2022-05-10,177523702564
2022-05-11,176561320384
2022-05-12,160603842581
2022-05-13,160355990915
2022-05-14,159061859047
2022-05-15,158507169574
2022-05-16,158571232461
2022-05-17,159924816531
2022-05-18,158768224200
2022-05-19,159002574537
2022-05-20,159658120096
2022-05-21,158922215448
2022-05-22,158980711296
2022-05-23,159082735722
2022-05-24,159174220138
2022-05-25,159328208593
2022-05-26,159475954980
2022-05-27,159101070989
2022-05-28,158653343074
2022-05-29,158829767424
2022-05-30,158722366974
2022-05-31,159243960138
2022-06-01,159808625963
2022-06-02,160297325231
2022-06-03,159419961594
2022-06-04,159410281353
2022-06-05,159350298797
2022-06-06,159361884100
2022-06-07,159256793777
2022-06-08,159139842239
2022-06-09,159573144403
2022-06-10,159643932143
2022-06-11,159194203476
2022-06-12,158910307752
2022-06-13,158623423490
2022-06-14,157345089741
2022-06-15,156402874920
2022-06-16,155609423888
2022-06-17,155105128528
2022-06-18,154554823401
2022-06-19,154633709856
2022-06-20,154402525104
2022-06-21,153747854225
2022-06-22,153867092235
2022-06-23,153833557245
2022-06-24,153441113596
2022-06-25,153441306943
2022-06-26,153651227962
2022-06-27,153645990295
2022-06-28,153411648784
2022-06-29,153340747689
2022-06-30,153233977370
2022-07-01,153106243074
2022-07-02,153815878211
2022-07-03,153780119124
2022-07-04,153656014460
2022-07-05,153692641210
2022-07-06,153596399099
2022-07-07,153348143746
2022-07-08,153103741387
2022-07-09,153253510619
2022-07-10,153273739589
2022-07-11,153152856952
2022-07-12,153320636451
2022-07-13,153016345554
2022-07-14,153021656096
2022-07-15,153095446991
2022-07-16,152543665232
2022-07-17,152605358621
2022-07-18,152701019593
2022-07-19,152953392513
2022-07-20,152864429344
2022-07-21,153062284587
2022-07-22,153010024960
2022-07-23,153141520771
2022-07-24,153246882597
2022-07-25,153231282192
2022-07-26,153206612464
2022-07-27,153127639409
2022-07-28,153203248059
2022-07-29,153009686893
2022-07-30,153126442223
2022-07-31,153133491892
2022-08-01,153132542429
2022-08-02,153466118009
2022-08-03,153398224038
2022-08-04,153365812349
2022-08-05,153286414302
2022-08-06,153449962546
2022-08-07,153471922768
2022-08-08,153389565144
2022-08-09,153158669182
2022-08-10,153237997586
2022-08-11,153479449313
2022-08-12,153424520173
2022-08-13,153256354614
2022-08-14,153492810781
2022-08-15,152875677127
2022-08-16,153180200291
2022-08-17,153061507197
2022-08-18,153031599745
2022-08-19,152837936730
2022-08-20,152765836021
2022-08-21,152679507653
2022-08-22,152632174252
2022-08-23,152431272440
2022-08-24,152552954493
2022-08-25,152588367451
2022-08-26,152602321846
2022-08-27,152689543503
2022-08-28,152757946694
2022-08-29,152536540926
2022-08-30,152687597262
2022-08-31,153011972781
2022-09-01,152801687435
2022-09-02,152742764039
2022-09-03,152547312248
2022-09-04,152568416934
2022-09-05,152425669091
2022-09-06,152322978182
2022-09-07,152334156158
2022-09-08,152436205774
2022-09-09,152587584775
2022-09-10,152698173171
2022-09-11,152821429437
2022-09-12,152811212008
2022-09-13,152758270932
2022-09-14,152770660142
2022-09-15,152399946247
2022-09-16,152167643110
2022-09-17,152012990531
2022-09-18,152091833787
2022-09-19,152030918691
2022-09-20,152174478338
2022-09-21,152429866350
2022-09-22,152274790792
2022-09-23,152272071898
2022-09-24,152068972650
2022-09-25,152025635498
2022-09-26,151745109575
2022-09-27,151000773419
2022-09-28,150890506696
2022-09-29,150391568557
2022-09-30,149901844533
2022-10-01,148650611362
2022-10-02,148659139256
2022-10-03,148688342914
2022-10-04,148468347587
2022-10-05,148434513778
2022-10-06,148504672709
2022-10-07,148546357673
2022-10-08,148710398724
2022-10-09,148720981814
2022-10-10,148704718543
2022-10-11,148507125494
2022-10-12,148399630085
2022-10-13,147889083099
2022-10-14,147464873670
2022-10-15,147047495589
2022-10-16,147032603090
2022-10-17,146960036705
2022-10-18,146761721511
2022-10-19,146667793282
2022-10-20,146577673486
2022-10-21,146172050656
2022-10-22,145971639322
2022-10-23,146032131402
2022-10-24,146065224959
2022-10-25,145740151758
2022-10-26,145621510856
2022-10-27,145812378619
2022-10-28,145733682024
2022-10-29,145842030243
2022-10-30,145946762852
2022-10-31,146041378531
2022-11-01,145619529468
2022-11-02,145638941255
2022-11-03,145504664440
2022-11-04,145637678610
2022-11-05,145815901693
2022-11-06,145863437593
2022-11-07,146224878445
2022-11-08,147208964767
2022-11-09,147501668886
2022-11-10,145740771470
2022-11-11,146160743018
2022-11-12,145996869890
2022-11-13,145284851310
2022-11-14,145116038756
2022-11-15,144924661728
2022-11-16,144971200189
2022-11-17,144549513952
2022-11-18,144186101393
2022-11-19,144374355870
2022-11-20,144376292382
2022-11-21,144437873324
2022-11-22,143553164838
2022-11-23,143552682486
2022-11-24,142914894666
2022-11-25,143164711656
2022-11-26,142864307148
2022-11-27,143041194559
2022-11-28,143035735111
2022-11-29,141990922022
2022-11-30,141357730151
2022-12-01,141207649636
2022-12-02,141042572988
2022-12-03,141306511344
2022-12-04,141476938622
2022-12-05,141582002271
2022-12-06,141332216650
2022-12-07,141192242166
2022-12-08,141027867639
2022-12-09,140965423452
2022-12-10,140886205487
2022-12-11,140932650189
2022-12-12,141045941798
2022-12-13,140740214482
2022-12-14,140355731994
2022-12-15,140142515319
2022-12-16,140171666179
2022-12-17,139711571613
2022-12-18,139882294793
2022-12-19,139904110837
2022-12-20,139540042479
2022-12-21,139279321459
2022-12-22,139053650176
2022-12-23,138911238378
2022-12-24,138411229500
2022-12-25,138458858985
2022-12-26,138465736350
2022-12-27,138449896796
2022-12-28,137977951837
2022-12-29,137996994034
2022-12-30,137908761306
2022-12-31,137781931180
2023-01-01,137680217891
2023-01-02,137777992525
2023-01-03,137772667569
2023-01-04,137440066261
2023-01-05,137390684625
2023-01-06,137097746031
2023-01-07,136785334844
2023-01-08,136923211881
2023-01-09,136901521567
2023-01-10,136653002135
2023-01-11,136833162135
2023-01-12,136899603378
2023-01-13,137000222055
2023-01-14,136748150438
2023-01-15,136939934975
2023-01-16,137114736894
2023-01-17,137037094041
2023-01-18,136580369237
2023-01-19,136462766094
2023-01-20,136414906421
2023-01-21,136607235446
2023-01-22,136888830015
2023-01-23,136989013062
2023-01-24,136826608385
2023-01-25,136847683472
2023-01-26,137136940956
2023-01-27,137348809223
2023-01-28,137176681676
2023-01-29,137333734997
2023-01-30,137287713190
2023-01-31,136956041329
2023-02-01,137034293733
2023-02-02,136982974781
2023-02-03,137254630899
2023-02-04,136973369963
2023-02-05,136996980817
2023-02-06,137041355471
2023-02-07,136928524758
2023-02-08,136735510784
2023-02-09,136605279449
2023-02-10,136467893513
2023-02-11,136474914397
2023-02-12,136469292194
2023-02-13,136413765842
2023-02-14,136525991531
2023-02-15,136381286437
2023-02-16,135994309238
2023-02-17,136123630849
2023-02-18,136060747768
2023-02-19,136078684686
2023-02-20,136128344235
2023-02-21,135793874748
2023-02-22,135562832753
2023-02-23,135301969143
2023-02-24,135164586821
2023-02-25,135155945516
2023-02-26,135276046559
2023-02-27,135197119476
2023-02-28,134901097928
2023-03-01,134760507509
2023-03-02,134592910631
2023-03-03,134767034573
2023-03-04,134791746807
2023-03-05,134882910888
2023-03-06,134951036105
2023-03-07,134747120872
2023-03-08,134768138768
2023-03-09,134665675374
2023-03-10,134673279667
2023-03-11,134317544701
2023-03-12,131526756971
2023-03-13,135067397554
2023-03-14,133730469977
2023-03-15,132604421258
2023-03-16,132963033947
2023-03-17,133058763167
2023-03-18,133041145526
2023-03-19,133424124099
2023-03-20,133150674374
2023-03-21,133460557873
2023-03-22,133282570137
2023-03-23,133115211392
2023-03-24,133300821797
2023-03-25,133606724913
2023-03-26,133849402687
2023-03-27,132990637083
2023-03-28,132576075406
2023-03-29,132205988534
2023-03-30,132153546657
2023-03-31,132137161697
2023-04-01,131623842037
2023-04-02,131550772690
2023-04-03,131775253427
2023-04-04,132329089107
2023-04-05,131696066719
2023-04-06,131630727319
2023-04-07,131841930039
2023-04-08,131854137765
2023-04-09,132045371465
2023-04-10,131732279281
2023-04-11,131837840329
2023-04-12,131777409136
2023-04-13,131705241636
2023-04-14,131822760565
2023-04-15,131771785556
2023-04-16,131661432439
2023-04-17,131580623669
2023-04-18,131464863155
2023-04-19,131199214197
2023-04-20,131236325797
2023-04-21,131065512107
2023-04-22,129853344871
2023-04-23,130729140478
2023-04-24,130763501441
2023-04-25,130695898592
2023-04-26,130527981414
2023-04-27,130691907669
2023-04-28,130495880893
2023-04-29,130378764187
2023-04-30,130319178824
2023-05-01,130353840730
2023-05-02,130686894461
2023-05-03,130712123105
2023-05-04,130306517763
2023-05-05,130174271817
2023-05-06,130672726664
2023-05-07,130594318373
2023-05-08,130427430994
2023-05-09,130515355542
2023-05-10,130642189098
2023-05-11,130493095338
2023-05-12,130415075164
2023-05-13,130456668072
2023-05-14,130427741618
2023-05-15,130422950918
2023-05-16,130334756693
2023-05-17,130156486969
2023-05-18,129888967702
2023-05-19,130014481014
2023-05-20,129888137733
2023-05-21,130014069190
2023-05-22,129908631437
2023-05-23,129790644258
2023-05-24,129719936606
2023-05-25,129321977349
2023-05-26,129297375219
2023-05-27,129288745888
2023-05-28,129321217256
2023-05-29,129369742079
2023-05-30,129354977488
2023-05-31,129310942185
2023-06-01,129260402681
2023-06-02,129187859980
2023-06-03,129222450312
2023-06-04,129137756944
2023-06-05,129179677353
2023-06-06,129045474676
2023-06-07,128900502126
2023-06-08,128773481720
2023-06-09,128694511476
2023-06-10,128204561315
2023-06-11,128340356942
2023-06-12,128398226514
2023-06-13,128112373241
2023-06-14,127974801787
2023-06-15,127752058847
2023-06-16,128554967275
2023-06-17,128743635778
2023-06-18,128406032123
2023-06-19,128403243206
2023-06-20,128517121097
2023-06-21,129066525417
2023-06-22,128585839775
2023-06-23,128572442078
2023-06-24,128624614790
2023-06-25,128907716519
2023-06-26,128683770776
2023-06-27,128618471012
2023-06-28,128674419112
2023-06-29,128181973580
2023-06-30,128115035307
2023-07-01,127509411863
2023-07-02,127487022631
2023-07-03,127530876615
2023-07-04,127718157499
2023-07-05,127839526498
2023-07-06,127671600971
2023-07-07,127213964602
2023-07-08,127211606276
2023-07-09,127233780620
2023-07-10,127127102843
2023-07-11,127035798369
2023-07-12,126884038004
2023-07-13,126753668507
2023-07-14,127026186891
2023-07-15,127040984218
2023-07-16,127089749180
2023-07-17,127008377174
2023-07-18,126847365926
2023-07-19,126789530618
2023-07-20,126512393639
2023-07-21,126469488716
2023-07-22,126317207651
2023-07-23,126315795971
2023-07-24,126216804045
2023-07-25,126017081795
2023-07-26,125930081086
2023-07-27,125908923384
2023-07-28,125735143431
2023-07-29,125573862979
2023-07-30,125815573034
2023-07-31,125690753394
2023-08-01,125625520953
2023-08-02,125412753325
2023-08-03,125239676649
2023-08-04,124988495486
2023-08-05,124737656832
2023-08-06,124770898468
2023-08-07,124724814711
2023-08-08,124585184629
2023-08-09,124807294939
2023-08-10,124724859464
2023-08-11,124470178898
2023-08-12,124369721766
2023-08-13,124480430716
2023-08-14,124513775961
2023-08-15,124066013999
2023-08-16,123768783171
2023-08-17,123462730889
2023-08-18,123441843117
2023-08-19,123092243964
2023-08-20,123308704214
2023-08-21,123428405803
2023-08-22,124487812859
2023-08-23,124381471182
2023-08-24,124422830561
2023-08-25,124484758154
2023-08-26,124529754799
2023-08-27,124541844179
2023-08-28,124654192738
2023-08-29,124714042178
2023-08-30,125151903839
2023-08-31,125275625254
2023-09-01,125288171693
2023-09-02,125281798654
2023-09-03,125275643310
2023-09-04,125311562880
2023-09-05,125055239169
2023-09-06,124597548945
2023-09-07,124412538005
2023-09-08,124187519307
2023-09-09,124312855670
2023-09-10,124384500399
2023-09-11,124554052951
2023-09-12,124318924952
2023-09-13,124463544388
2023-09-14,124477929206
2023-09-15,124447482978
2023-09-16,124318195361
2023-09-17,124416447146
2023-09-18,124442028046
2023-09-19,124383790173
2023-09-20,124504736440
2023-09-21,124491552041
2023-09-22,124420047808
2023-09-23,124501554613
2023-09-24,124514506806
2023-09-25,124560208266
2023-09-26,124341204366
2023-09-27,124207240853
2023-09-28,124130865319
2023-09-29,124317878993
2023-09-30,123874240693
2023-10-01,123990156784
2023-10-02,124022258612
2023-10-03,124195046368
2023-10-04,124042260773
2023-10-05,123910951829
2023-10-06,124092882206
2023-10-07,124352566181
2023-10-08,124340259919
2023-10-09,124404791530
2023-10-10,124455939089
2023-10-11,124152467498
2023-10-12,123923909804
2023-10-13,123708876219
2023-10-14,123703437812
2023-10-15,123756233962
2023-10-16,123824902309
2023-10-17,123885607582
2023-10-18,124078682839
2023-10-19,124298386109
2023-10-20,124892418214
2023-10-21,124806918224
2023-10-22,124777951011
2023-10-23,124742426063
2023-10-24,125034290736
2023-10-25,124264780493
2023-10-26,124665315959
2023-10-27,124658745181
2023-10-28,124401865831
2023-10-29,124413826040
2023-10-30,124536120286
2023-10-31,124354411056
2023-11-01,124252507173
2023-11-02,124519412626
2023-11-03,124405975449
2023-11-04,124783400549
2023-11-05,124936419306
2023-11-06,125002098470
2023-11-07,125044555228
2023-11-08,125383308631
2023-11-09,125336801888
2023-11-10,125468801314
2023-11-11,125759561815
2023-11-12,125824963968
2023-11-13,125837438150
2023-11-14,125997485820
2023-11-15,125850765928
2023-11-16,126180775266
2023-11-17,126506132335
2023-11-18,126691764308
2023-11-19,126854017034
2023-11-20,126841598500
2023-11-21,127308782964
2023-11-22,127397202167
2023-11-23,127422318513
2023-11-24,127411720227
2023-11-25,128043485977
2023-11-26,128023139792
2023-11-27,127992302826
2023-11-28,127836022943
2023-11-29,128131831041
2023-11-30,128211882457
2023-12-01,128308944388
2023-12-02,128469366595
2023-12-03,128534205299
2023-12-04,128654311835
2023-12-05,128461348721
2023-12-06,128738548972
2023-12-07,128775514798
2023-12-08,128773026549
2023-12-09,129007508352
2023-12-10,129331788123
2023-12-11,129298471372
2023-12-12,129099697505
2023-12-13,128459579159
2023-12-14,128882982628
2023-12-15,129067974435
2023-12-16,129313012537
2023-12-17,129470136382
2023-12-18,129424404712
2023-12-19,129376275549
2023-12-20,129824727203
2023-12-21,130172913849
2023-12-22,130156093301
2023-12-23,130502734588
2023-12-24,130670790594
2023-12-25,130610327892
2023-12-26,130570974836
2023-12-27,130260008515
2023-12-28,130712852325
2023-12-29,130532079417
2023-12-30,130627686570
2023-12-31,130528621182
2024-01-01,130263008054
2024-01-02,130786637568
2024-01-03,130919276953
2024-01-04,131458745500
2024-01-05,132147530704
2024-01-06,132561168343
2024-01-07,132939146109
2024-01-08,132866744602
2024-01-09,133144429470
2024-01-10,133110765450
2024-01-11,133571105020
2024-01-12,133888061874
2024-01-13,133239179889
2024-01-14,133876052473
2024-01-15,134036261226
2024-01-16,133721085225
2024-01-17,133694351534
2024-01-18,134228079427
2024-01-19,133600105940
2024-01-20,133770440773
2024-01-21,133989918078
2024-01-22,133712077018
2024-01-23,133858356820
2024-01-24,134652642045
2024-01-25,134489918065
2024-01-26,134679412552
2024-01-27,134901854366
2024-01-28,134973992094
2024-01-29,135035789268
2024-01-30,135358383770
2024-01-31,135171376218
2024-02-01,135206541788
2024-02-02,135578343220
2024-02-03,135552322126
2024-02-04,135509653129
2024-02-05,135587680416
2024-02-06,135431327112
2024-02-07,135772664317
2024-02-08,136094117244
2024-02-09,136389133489
2024-02-10,136613343768
2024-02-11,136884629574
2024-02-12,137109336782
2024-02-13,136703812665
2024-02-14,136890162061
2024-02-15,137850315338
2024-02-16,137682291001
2024-02-17,138038275468
2024-02-18,138229001877
2024-02-19,138123646920
2024-02-20,138129505054
2024-02-21,138229140785
2024-02-22,138260592020
2024-02-23,138620366779
2024-02-24,139241615670
2024-02-25,139001823581
2024-02-26,139115427539
2024-02-27,139569052338
2024-02-28,140145019747
2024-02-29,140619022410
2024-03-01,141172362088
2024-03-02,141722574190
2024-03-03,141811462469
2024-03-04,142209893707
2024-03-05,142322914614
2024-03-06,142582157894
2024-03-07,142822176515
2024-03-08,143346245752
2024-03-09,144635931552
2024-03-10,144935472324
2024-03-11,145068175935
2024-03-12,145810550731
2024-03-13,146063208632
2024-03-14,146959833045
2024-03-15,147234416471
2024-03-16,147130000434
2024-03-17,147260951820
2024-03-18,146933573124
2024-03-19,147641423985
2024-03-20,148023268750
2024-03-21,147554554543
2024-03-22,148114346114
2024-03-23,148156436287
2024-03-24,148489920784
2024-03-25,148315091906
2024-03-26,149647345073
2024-03-27,149941961018
2024-03-28,149899882246
2024-03-29,150146934908
2024-03-30,150349374155
2024-03-31,150576861021
2024-04-01,150311411942
2024-04-02,150733889750
2024-04-03,151382067308
2024-04-04,152766699157
2024-04-05,153640756322
2024-04-06,154647869404
2024-04-07,154772382730
2024-04-08,154547176019
2024-04-09,154573410812
2024-04-10,154359785889
2024-04-11,154082169235
2024-04-12,154675605377
2024-04-13,154874000781
2024-04-14,155479886279
2024-04-15,155511580575
2024-04-16,156054654250
2024-04-17,157048679152
2024-04-18,154760949448
2024-04-19,157989597903
2024-04-20,156666978990
2024-04-21,156777734496
2024-04-22,158953254755
2024-04-23,159406848775
2024-04-24,159444326547
2024-04-25,159984235225
2024-04-26,160020928557
2024-04-27,159810549699
2024-04-28,159986978157
2024-04-29,159980357495
2024-04-30,159704577852
2024-05-01,159859169040
2024-05-02,159492605743
2024-05-03,159633015938
2024-05-04,160279697123
2024-05-05,160490736144
2024-05-06,160568432276
2024-05-07,160509802020
2024-05-08,160251269796
2024-05-09,160147811428
2024-05-10,160194158000
2024-05-11,159983426467
2024-05-12,160115493478
2024-05-13,160070734851
2024-05-14,160162284617
2024-05-15,159937334426
2024-05-16,160512509802
2024-05-17,160651925186
2024-05-18,160808209482
2024-05-19,161238862359
2024-05-20,161191713971
2024-05-21,160891832991
2024-05-22,160968070106
2024-05-23,160922297680
2024-05-24,160740103720
2024-05-25,161193823267
2024-05-26,161195837198
2024-05-27,160898780922
2024-05-28,160817822272
2024-05-29,160560619974
2024-05-30,160224282902
2024-05-31,160637813851
2024-06-01,160760924020
2024-06-02,160814516654
2024-06-03,160590744582
2024-06-04,160911432012
2024-06-05,161198095812
2024-06-06,161288762020
2024-06-07,161536515864
2024-06-08,161856875732
2024-06-09,161903724221
2024-06-10,161956652759
2024-06-11,161629179754
2024-06-12,161454943888
2024-06-13,161710932260
2024-06-14,161802375737
2024-06-15,161859835586
2024-06-16,161589282694
2024-06-17,161682887208
2024-06-18,161518377052
2024-06-19,161971292371
2024-06-20,161664631074
2024-06-21,161859572131
2024-06-22,162133468185
2024-06-23,162151271883
2024-06-24,161864361302
2024-06-25,161806761172
2024-06-26,161831276028
2024-06-27,161870770514
2024-06-28,161776511582
2024-06-29,161519945664
2024-06-30,161502373234
2024-07-01,161259285306
2024-07-02,161465916970
2024-07-03,161383141174
2024-07-04,161448433688
2024-07-05,161771950247
2024-07-06,162135536864
2024-07-07,162207327200
2024-07-08,162228134258
2024-07-09,162234751106
2024-07-10,162535734237
2024-07-11,162892802975
2024-07-12,162957179284
2024-07-13,162668574129
2024-07-14,162945859050
2024-07-15,163350361916
2024-07-16,163428914377
2024-07-17,163708827247
2024-07-18,163908160444
2024-07-19,163895745097
2024-07-20,164848983197
2024-07-21,164851448188
2024-07-22,164842768157
2024-07-23,164952474038
2024-07-24,165171641298
2024-07-25,165000954477
2024-07-26,164553443243
2024-07-27,164789899222
2024-07-28,164962145648
2024-07-29,164940830469
2024-07-30,164581587387
2024-07-31,164540926869
2024-08-01,164491294147
2024-08-02,164086936622
2024-08-03,164199254142
2024-08-04,164274821772
2024-08-05,164422903262
2024-08-06,164504454105
2024-08-07,164978508201
2024-08-08,166609667283
2024-08-09,166246079340
2024-08-10,166461604297
2024-08-11,166071156683
2024-08-12,166496358695
2024-08-13,166870912769
2024-08-14,167247422133
2024-08-15,167882952436
2024-08-16,168081808721
2024-08-17,168684959044
2024-08-18,168775533169
2024-08-19,168760868160
2024-08-20,168734019577
2024-08-21,169166556613
2024-08-22,169433654834
2024-08-23,169575964819
2024-08-24,170197173970
2024-08-25,170546329175
2024-08-26,170525943911
2024-08-27,170268427130
2024-08-28,170203392922
2024-08-29,170429465183
2024-08-30,170649431109
2024-08-31,170562880247
2024-09-01,170261328636
2024-09-02,170732828603
2024-09-03,170599092856
2024-09-04,170226598404
2024-09-05,170550405462
2024-09-06,170256120492
2024-09-07,170218785648
2024-09-08,170477460647
2024-09-09,170447684512
2024-09-10,171120954313
2024-09-11,170991284734
2024-09-12,171003877084
2024-09-13,170779488897
2024-09-14,171545014260
2024-09-15,172221064076
2024-09-16,171872939805
2024-09-17,171508320829
2024-09-18,172108467331
2024-09-19,172336137587
2024-09-20,172236171725
2024-09-21,172816566249
2024-09-22,173058821364
2024-09-23,172967769618
2024-09-24,172865790510
2024-09-25,172900410001
2024-09-26,173128815057
2024-09-27,173583375969
2024-09-28,173329164769
2024-09-29,173353966860
2024-09-30,173341472381
2024-10-01,172705410100
2024-10-02,173113290995
2024-10-03,173238190814
2024-10-04,173108677119
2024-10-05,173145831333
2024-10-06,173927993368
2024-10-07,172705455523
2024-10-08,173282890888
2024-10-09,173366993022
2024-10-10,173405585387
2024-10-11,173025784512
2024-10-12,173397725943
2024-10-13,173674923324
2024-10-14,173990658342
2024-10-15,173271005178
2024-10-16,173325701243
2024-10-17,173031301415
2024-10-18,173004291079
2024-10-19,173321181818
2024-10-20,173344076583
2024-10-21,173239217525
2024-10-22,173425016750
2024-10-23,173294097544
2024-10-24,172792127976
2024-10-25,172159169680
2024-10-26,173034987042
2024-10-27,173116037093
2024-10-28,173541564730
2024-10-29,172772836990
2024-10-30,173379956464
2024-10-31,173634445883
2024-11-01,173064556971
2024-11-02,173520675194
2024-11-03,173590814400
2024-11-04,173890067188
2024-11-05,175297871654
2024-11-06,175430491833
2024-11-07,177183515426
2024-11-08,177890866443
2024-11-09,179032995168
2024-11-10,179058457460
2024-11-11,180323224699
2024-11-12,180983295140
2024-11-13,181145295519
2024-11-14,182174266320
2024-11-15,184423140571
2024-11-16,184623780668
2024-11-17,184977007910
2024-11-18,185411737915
2024-11-19,185644637744
2024-11-20,186320366189
2024-11-21,188121704035
2024-11-22,188945868592
2024-11-23,190863306252
2024-11-24,192652356908
2024-11-25,192996256956
2024-11-26,191902518176
2024-11-27,192271421686
2024-11-28,193859955938
2024-11-29,194782718706
2024-11-30,195540366686
2024-12-01,193652411249
2024-12-02,193927023392
2024-12-03,194862553116
2024-12-04,195211966287
2024-12-05,196527898043
2024-12-06,197102816527
2024-12-07,198245049237
2024-12-08,198683684697
2024-12-09,199574201538
2024-12-10,199639119837
2024-12-11,200036332505
2024-12-12,202264037179
2024-12-13,202748846432
2024-12-14,203651041553
2024-12-15,203930561104
2024-12-16,204025471272
2024-12-17,204528586344
2024-12-18,204721720742
2024-12-19,204947961116
2024-12-20,205456971611
2024-12-21,205515901220
2024-12-22,205560223845
2024-12-23,206230314670
2024-12-24,205737665697
2024-12-25,206164095742
2024-12-26,206434242460
2024-12-27,206930962159
2024-12-28,207197693049
2024-12-29,206967264546
2024-12-30,206504302683
2024-12-31,205810826231
2025-01-01,205164742606
2025-01-02,204712769224
2025-01-03,206655327097
2025-01-04,208393265440
2025-01-05,208356356064
2025-01-06,208302678435
2025-01-07,208573623074
2025-01-08,208039189579
2025-01-09,208141459544
2025-01-10,207881597168
2025-01-11,208060280667
2025-01-12,207951775103
2025-01-13,208253268306
2025-01-14,208176881037
2025-01-15,208472574521
2025-01-16,209331175558
2025-01-17,209546043215
2025-01-18,211265267357
2025-01-19,211240967979
2025-01-20,211614068584
2025-01-21,211667030070
2025-01-22,214380592991
2025-01-23,215702402137
2025-01-24,216454060740
2025-01-25,217069017936
2025-01-26,217108831179
2025-01-27,217071330493
2025-01-28,217277084517
2025-01-29,217742257162
2025-01-30,217950294964
2025-01-31,218620678613
2025-02-01,218819624225
2025-02-02,218898950186
2025-02-03,218956673884
2025-02-04,219731911686
2025-02-05,222427225282
2025-02-06,223751621874
2025-02-07,224191761236
2025-02-08,225317098004
2025-02-09,225397028910
2025-02-10,225536919295
2025-02-11,225700564507
2025-02-12,225741223550
2025-02-13,225976978247
2025-02-14,226163396105
2025-02-15,226484538416
2025-02-16,226626664617
2025-02-17,226846956357
2025-02-18,226570918457
2025-02-19,226481186519
2025-02-20,227295780336
2025-02-21,227214425659
2025-02-22,227914287024
2025-02-23,227688984086
2025-02-24,227840350567
2025-02-25,227239148650
2025-02-26,226123129696
2025-02-27,225538639406
2025-02-28,225525239826
2025-03-01,226404897226
2025-03-02,225692123200
2025-03-03,225678091432
2025-03-04,225812980097
2025-03-05,226355938340
2025-03-06,227361032620
2025-03-07,227445420261
2025-03-08,228538376610
2025-03-09,228623653530
2025-03-10,228511456641
2025-03-11,228130375147
2025-03-12,228910714670
2025-03-13,229306761047
2025-03-14,229500218000
2025-03-15,230283742788
2025-03-16,230428207767
2025-03-17,230389968939
2025-03-18,230581917063
2025-03-19,230903695075
2025-03-20,231488423589
2025-03-21,231373074748
2025-03-22,232161740397
2025-03-23,233108400252
2025-03-24,233459989569
2025-03-25,234474874433
2025-03-26,235575509909
2025-03-27,235710844791
2025-03-28,235076764565
2025-03-29,234498413096
2025-03-30,234740015876
2025-03-31,234689136587
2025-04-01,234891775019
2025-04-02,235098604036
2025-04-03,235505341528
2025-04-04,235632949475
2025-04-05,235149374395
2025-04-06,234849196740
2025-04-07,234393596524
2025-04-08,234023034789
2025-04-09,233651845317
2025-04-10,233781251117
2025-04-11,233631907004
2025-04-12,233508804445
2025-04-13,233871127996
2025-04-14,233670115883
2025-04-15,233637606857
2025-04-16,234094586526
2025-04-17,234261779518
2025-04-18,234779410941
2025-04-19,234251230495
2025-04-20,234302447565
2025-04-21,234483574786
2025-04-22,234654547019
2025-04-23,235858563119
2025-04-24,236380477674
2025-04-25,237433562988
2025-04-26,238063706349
2025-04-27,238698220471
2025-04-28,239417089543
2025-04-29,240116274160
2025-04-30,241582119256
2025-05-01,241841119697
2025-05-02,241996779179
2025-05-03,242411545515
2025-05-04,242783233349
2025-05-05,242757670244
2025-05-06,242636576213
2025-05-07,241863441104
2025-05-08,242002446174
2025-05-09,242645754664
2025-05-10,242522821557
2025-05-11,242737187215
2025-05-12,242739867253
2025-05-13,242202243783
2025-05-14,242060059510
2025-05-15,242469651978
2025-05-16,243033840800
2025-05-17,243578887781
2025-05-18,243636755884
2025-05-19,243781018603
2025-05-20,243721146648
2025-05-21,244190132150
2025-05-22,245206699030
2025-05-23,245721042360
2025-05-24,246035620232
2025-05-25,246330087216
2025-05-26,246338500819
2025-05-27,246572193388
2025-05-28,246338980183
2025-05-29,246326669586
2025-05-30,246488683310
2025-05-31,246658751247
2025-06-01,246780725654
2025-06-02,247034661645
2025-06-03,247652744275
2025-06-04,248336798120
2025-06-05,248747907221
2025-06-06,248533073996
2025-06-07,249202373963
2025-06-08,249539360553
2025-06-09,249553542957
2025-06-10,249904414716
2025-06-11,249641331218
2025-06-12,250207464712
2025-06-13,250150947321
2025-06-14,250955297620
2025-06-15,250822147818
2025-06-16,250828360379
2025-06-17,250735569872
2025-06-18,250917636938
2025-06-19,250952982557
2025-06-20,250845050268
2025-06-21,250622974733
2025-06-22,250613166198
2025-06-23,250797178662
2025-06-24,250243531549
2025-06-25,252018854525
2025-06-26,251845503895
2025-06-27,252007464722
2025-06-28,252324021072
2025-06-29,252653878526
2025-06-30,252659743781
2025-07-01,252933545599
2025-07-02,253207478099
2025-07-03,253604148591
2025-07-04,253910995399
2025-07-05,254063684794
2025-07-06,254287150721
2025-07-07,254314864953
2025-07-08,254505358253
2025-07-09,254438702931
2025-07-10,254906951080
2025-07-11,256051583554
2025-07-12,257105312689
2025-07-13,257377007447
2025-07-14,257531172933
2025-07-15,257178073646
2025-07-16,256165160396
2025-07-17,258845194561
2025-07-18,259663853399
2025-07-19,260117911438
2025-07-20,260479595982
2025-07-21,260857636605
2025-07-22,261434291151
2025-07-23,261992378936
2025-07-24,263047509488
2025-07-25,264188866577
2025-07-26,263988246586
2025-07-27,264597296181
2025-07-28,264937814396
2025-07-29,264903226958
2025-07-30,264943839811
2025-07-31,265590549942
2025-08-01,266127026080
2025-08-02,266393853707
2025-08-03,266394543596
2025-08-04,266958574369
2025-08-05,267452181468
2025-08-06,267608084311
2025-08-07,267742692281
2025-08-08,268672984865
2025-08-09,269267846656
2025-08-10,269985745204
2025-08-11,269369412093
2025-08-12,270101131138
2025-08-13,270970739904
2025-08-14,272600012635
2025-08-15,274206896362
2025-08-16,275697644152
2025-08-17,275653645307
2025-08-18,276467081437
2025-08-19,276522223864
2025-08-20,276484012054
2025-08-21,276877158944
2025-08-22,275768000222
2025-08-23,275681300434
2025-08-24,277021782219
2025-08-25,277086387156
2025-08-26,278948652493
2025-08-27,279233402569
2025-08-28,279774951029
2025-08-29,282220517393
2025-08-30,282400809219
2025-08-31,282755252892
2025-09-01,283504281164
2025-09-02,283501282972
2025-09-03,282667626591
2025-09-04,284519217758
2025-09-05,287156659161
2025-09-06,285597073156
2025-09-07,285652247063
2025-09-08,285416604777
2025-09-09,285555675901
2025-09-10,286047076607
2025-09-11,286161446405
2025-09-12,286958759335
2025-09-13,288340210480
2025-09-14,289046054418
2025-09-15,289081516309
2025-09-16,289396962261
2025-09-17,290191847390
2025-09-18,290401167519
2025-09-19,291511380429
2025-09-20,292307913613
2025-09-21,292517398397
2025-09-22,292509418223
2025-09-23,293372091186
2025-09-24,294206546821
2025-09-25,294999306012
2025-09-26,295170450249
2025-09-27,295908901275
2025-09-28,296104416211
2025-09-29,296342786120
2025-09-30,297153690600
2025-10-01,298578276536
2025-10-02,299478660625
2025-10-03,300675974201
2025-10-04,302185424238
2025-10-05,302711461965
2025-10-06,302242700311
2025-10-07,302923964457
2025-10-08,303724639075
2025-10-09,303742808703
2025-10-10,303964507359
2025-10-11,304289608169
2025-10-12,303867936018
2025-10-13,303924019586
2025-10-14,304816737363
2025-10-15,306060527224
2025-10-16,306855123275
2025-10-17,306909869523
2025-10-18,307180026290
2025-10-19,307209053330
2025-10-20,307489874585
2025-10-21,307450640440
2025-10-22,308503338066
2025-10-23,307909263823
2025-10-24,308105513392
2025-10-25,308740188617
2025-10-26,308500115518
2025-10-27,308361564054
2025-10-28,308008914279
2025-10-29,308187816163
2025-10-30,307467720475
2025-10-31,307102826325
2025-11-01,307118430098
2025-11-02,307272166208
2025-11-03,307013584008
2025-11-04,306953577155
2025-11-05,305783463320
2025-11-06,305631984700
2025-11-07,304874136814
2025-11-08,305215921579
2025-11-09,304671858019
2025-11-10,304621377116
2025-11-11,304858595686
2025-11-12,305217497504
2025-11-13,305175391806
2025-11-14,304618963956
2025-11-15,303931796279
2025-11-16,303812041557
2025-11-17,303463657492
2025-11-18,303164191662
2025-11-19,303119890844
2025-11-20,302899399000
2025-11-21,302897605646
2025-11-22,302668266567
2025-11-23,302848432015
2025-11-24,302612393228
2025-11-25,303914278383
2025-11-26,304639023370
2025-11-27,305470272219
2025-11-28,305903914855
2025-11-29,306456656147
2025-11-30,306617022316
2025-12-01,306307472945
2025-12-02,307152249188
2025-12-03,307953046355
2025-12-04,307915726346
2025-12-05,308424767334
2025-12-06,308637993260
2025-12-07,308588063141
2025-12-08,308781500858
2025-12-09,309134883068
2025-12-10,309287341583
2025-12-11,309373119180
2025-12-12,310340615429
2025-12-13,310415327139
2025-12-14,310292605265
2025-12-15,309993443561
2025-12-16,309768794260
2025-12-17,309756230329
2025-12-18,309678006752
2025-12-19,309129261633
2025-12-20,309619523512
2025-12-21,310688364084
2025-12-22,309462584694
2025-12-23,309536732765
2025-12-24,309151803089
2025-12-25,308660276284
2025-12-26,308831646663
2025-12-27,308753844443
2025-12-28,308635501650
2025-12-29,308478680063
2025-12-30,308348841518
2025-12-31,308014675893
2026-01-01,307276788024
2026-01-02,307306133906
2026-01-03,308086011161
2026-01-04,307984915525
2026-01-05,308325379395
2026-01-06,308863470700
2026-01-07,308438686241
2026-01-08,308180420498
2026-01-09,307825395138
2026-01-10,308143061597
2026-01-11,308005518335
2026-01-12,308005877931
2026-01-13,307470781373
2026-01-14,308977705862
2026-01-15,309892939941
2026-01-16,310756598468
2026-01-17,311326425983
2026-01-18,311610825216
2026-01-19,311431468822
2026-01-20,311224673743
2026-01-21,309543620692
2026-01-22,309020992887
2026-01-23,308739715647
2026-01-24,309146180809
2026-01-25,309125586578
2026-01-26,309081687161
2026-01-27,308534456757
2026-01-28,308483579032
2026-01-29,308178497232
2026-01-30,306847438675
2026-01-31,305787698833
2026-02-01,305181426550
2026-02-02,305507366592
2026-02-03,305765127150
2026-02-04,306206551083
2026-02-05,306248434480
2026-02-06,305540716883
2026-02-07,305902507757
2026-02-08,306445878978
2026-02-09,307659474417
2026-02-10,307367496379
2026-02-11,307174108325
2026-02-12,307083129066
2026-02-13,306870535310
2026-02-14,307747861576
2026-02-15,307859212470
2026-02-16,307997161955
2026-02-17,308232421797
2026-02-18,307836445665
2026-02-19,308098719058
2026-02-20,308099573662
2026-02-21,307658604715
2026-02-22,307589982068
2026-02-23,308751877251
2026-02-24,308560038491
2026-02-25,308802062430
2026-02-26,309428595253
2026-02-27,308942883031
2026-02-28,309245296408
2026-03-01,309539671748
2026-03-02,309147090214
2026-03-03,310253644687
2026-03-04,310510118342
2026-03-05,311460005956
2026-03-06,312493837473
2026-03-07,312671132059
2026-03-08,312689656493
2026-03-09,312854834265
2026-03-10,313891586000
2026-03-11,314213546884
2026-03-12,314511048240
2026-03-13,315126685854
2026-03-14,315585789937
2026-03-15,315545574607
2026-03-16,315516382814
2026-03-17,315569886603
2026-03-18,315677057405
2026-03-19,315226279632
2026-03-20,315568247435
2026-03-21,315738316223
2026-03-22,315736272172
2026-03-23,315706270352
2026-03-24,315169601654
2026-03-25,315279844533
2026-03-26,315389410345
2026-03-27,314897930668
2026-03-28,314766676631
2026-03-29,314691075555
2026-03-30,314815937531
2026-03-31,315097693754
2026-04-01,315861521687
2026-04-02,316094601423
2026-04-03,316368094353
2026-04-04,316763513300
2026-04-05,316689277247
2026-04-06,316706724546
2026-04-07,316290046455
2026-04-08,316988030223
2026-04-09,317022948390
2026-04-10,317449418346
2026-04-11,318156801327
2026-04-12,318233717530
2026-04-13,318336557202
2026-04-14,318475188521
2026-04-15,319504218622
2026-04-16,319548838932
2026-04-17,320054829444
2026-04-18,320898446341
2026-04-19,321067032982
2026-04-20,320144066001
2026-04-21,320200880355
2026-04-22,320919905011
2026-04-23,320541548366
2026-04-24,320271056931
2026-04-25,320085380196
2026-04-26,320191795399
2026-04-27,320173841879
2026-04-28,319955346746
2026-04-29,320083532993
2026-04-30,319285820845
2026-05-01,319981760902
2026-05-02,320211190782
2026-05-03,320274639893
2026-05-04,320616485726
2026-05-05,321158750035
2026-05-06,322048727723
2026-05-07,322341768160
2026-05-08,322605304775
2026-05-09,321283340534
2026-05-10,322021903242
2026-05-11,322303441091
2026-05-12,322497333024
2026-05-13,322255206878
2026-05-14,321822667812
2026-05-15,321957923259
2026-05-16,322633907148
2026-05-17,322931208042
2026-05-18,322824467085
2026-05-19,322593068599
2026-05-20,322099855007
2026-05-21,321564788104
2026-05-22,322322261683
2026-05-23,322388370470
2026-05-24,322331229491
2026-05-25,322072256399
2026-05-26,322212585414
2026-05-27,321880872110
2026-05-28,321239798901
2026-05-29,320287333625
2026-05-30,319855459901
2026-05-31,319628074554
2026-06-01,319416832685
2026-06-02,319406093759
2026-06-03,318718524043
2026-06-04,317989403682
2026-06-05,316665108183
2026-06-06,316118943667
2026-06-07,315659142840
2026-06-08,315791735708
2026-06-09,316254695553
2026-06-10,315261296501
2026-06-11,315201152921
2026-06-12,315051732109
2026-06-13,314747638760
2026-06-14,314815604140
2026-06-15,314717623292
2026-06-16,315164545019
2026-06-17,315025346631
2026-06-18,314672972437
2026-06-19,314845089437
2026-06-20,314889509569
2026-06-21,314956570300
2026-06-22,314990074907
2026-06-23,315039595824
2026-06-24,314379580155
2026-06-25,313976910204
2026-06-26,314102340097
2026-06-27,312851067370
2026-06-28,312832011846
2026-06-29,312506330607
2026-06-30,311982381220
2026-07-01,311097570799
2026-07-02,311106355833
2026-07-03,310988369074
2026-07-04,310882703732
2026-07-05,310787116041
2026-07-06,311798209740
2026-07-07,311438806345
2026-07-08,309178459156
2026-07-09,309883924879
2026-07-10,309996863177
2026-07-11,310396824476
2026-07-12,310283377005
2026-07-13,310294201816.26996
