day,fast=14|slow=60,fast=14|slow=90,fast=30|slow=60,fast=30|slow=90
2024-01-01,0.0,0.0,0.0,0.0
2024-01-02,0.0,0.0,0.0,0.0
2024-01-03,0.0,0.0,0.0,0.0
2024-01-04,0.0,0.0,0.0,0.0
2024-01-05,0.0,0.0,0.0,0.0
2024-01-06,0.0,0.0,0.0,0.0
2024-01-07,0.0,0.0,0.0,0.0
2024-01-08,0.0,0.0,0.0,0.0
2024-01-09,0.0,0.0,0.0,0.0
2024-01-10,0.0,0.0,0.0,0.0
2024-01-11,0.0,0.0,0.0,0.0
2024-01-12,0.0,0.0,0.0,0.0
2024-01-13,0.0,0.0,0.0,0.0
2024-01-14,0.0,0.0,0.0,0.0
2024-01-15,0.0,0.0,0.0,0.0
2024-01-16,0.0,0.0,0.0,0.0
2024-01-17,0.0,0.0,0.0,0.0
2024-01-18,0.0,0.0,0.0,0.0
2024-01-19,0.0,0.0,0.0,0.0
2024-01-20,0.0,0.0,0.0,0.0
2024-01-21,0.0,0.0,0.0,0.0
2024-01-22,0.0,0.0,0.0,0.0
2024-01-23,0.0,0.0,0.0,0.0
2024-01-24,0.0,0.0,0.0,0.0
2024-01-25,0.0,0.0,0.0,0.0
2024-01-26,0.0,0.0,0.0,0.0
2024-01-27,0.0,0.0,0.0,0.0
2024-01-28,0.0,0.0,0.0,0.0
2024-01-29,0.0,0.0,0.0,0.0
2024-01-30,0.0,0.0,0.0,0.0
2024-01-31,-0.002824591766319414,-0.002824591766319414,-0.002824591766319414,-0.002824591766319414
2024-02-01,0.0037194692690171102,0.0037194692690171102,0.0037194692690171102,0.0037194692690171102
2024-02-02,0.0007399318313041208,0.0007399318313041208,0.0007399318313041208,0.0007399318313041208
2024-02-03,-0.0015781994396815325,-0.0015781994396815325,-0.0015781994396815325,-0.0015781994396815325
2024-02-04,-0.0034270484537923802,-0.0034270484537923802,-0.0034270484537923802,-0.0034270484537923802
2024-02-05,0.0008762806215107523,0.0008762806215107523,0.0008762806215107523,0.0008762806215107523
2024-02-06,0.002975012791338765,0.002975012791338765,0.002975012791338765,0.002975012791338765
2024-02-07,0.011286806184177678,0.011286806184177678,0.011286806184177678,0.011286806184177678
2024-02-08,0.0083257290680985,0.0083257290680985,0.0083257290680985,0.0083257290680985
2024-02-09,0.015617067014991692,0.015617067014991692,0.015617067014991692,0.015617067014991692
2024-02-10,0.004854693165963663,0.004854693165963663,0.004854693165963663,0.004854693165963663
2024-02-11,0.005219700277587753,0.005219700277587753,0.005219700277587753,0.005219700277587753
2024-02-12,0.015096713235800129,0.015096713235800129,0.015096713235800129,0.015096713235800129
2024-02-13,-0.0024612895226154043,-0.0024612895226154043,-0.0024612895226154043,-0.0024612895226154043
2024-02-14,0.019270404027010225,0.019270404027010225,0.019270404027010225,0.019270404027010225
2024-02-15,0.0005222565711332558,0.0005222565711332558,0.0005222565711332558,0.0005222565711332558
2024-02-16,0.0019412175426175896,0.0019412175426175896,0.0019412175426175896,0.0019412175426175896
2024-02-17,-0.0043694805081490136,-0.0043694805081490136,-0.0043694805081490136,-0.0043694805081490136
2024-02-18,0.004238413688230837,0.004238413688230837,0.004238413688230837,0.004238413688230837
2024-02-19,-0.0034522597970482577,-0.0034522597970482577,-0.0034522597970482577,-0.0034522597970482577
2024-02-20,0.004123247169012298,0.004123247169012298,0.004123247169012298,0.004123247169012298
2024-02-21,-0.0046026077895965955,-0.0046026077895965955,-0.0046026077895965955,-0.0046026077895965955
2024-02-22,-0.0061240223306758025,-0.0061240223306758025,-0.0061240223306758025,-0.0061240223306758025
2024-02-23,-0.005895043755125172,-0.005895043755125172,-0.005895043755125172,-0.005895043755125172
2024-02-24,0.008497706286665406,0.008497706286665406,0.008497706286665406,0.008497706286665406
2024-02-25,0.0015465330687681339,0.0015465330687681339,0.0015465330687681339,0.0015465330687681339
2024-02-26,0.029659520882878952,0.029659520882878952,0.029659520882878952,0.029659520882878952
2024-02-27,0.02605975266072722,0.02605975266072722,0.02605975266072722,0.02605975266072722
2024-02-28,0.048365113456373794,0.048365113456373794,0.048365113456373794,0.048365113456373794
2024-02-29,-0.010977886292029827,-0.010977886292029827,-0.010977886292029827,-0.010977886292029827
2024-03-01,0.006882519857062613,0.006882519857062613,0.006882519857062613,0.006882519857062613
2024-03-02,-0.0028126799603063585,-0.0028126799603063585,-0.0028126799603063585,-0.0028126799603063585
2024-03-03,0.006192983739872926,0.006192983739872926,0.006192983739872926,0.006192983739872926
2024-03-04,0.028825027159158682,0.028825027159158682,0.028825027159158682,0.028825027159158682
2024-03-05,-0.02540570734336602,-0.02540570734336602,-0.02540570734336602,-0.02540570734336602
2024-03-06,0.011946150475582349,0.011946150475582349,0.011946150475582349,0.011946150475582349
2024-03-07,0.002844633527437181,0.002844633527437181,0.002844633527437181,0.002844633527437181
2024-03-08,0.005192523317546559,0.005192523317546559,0.005192523317546559,0.005192523317546559
2024-03-09,0.0005344857804470338,0.0005344857804470338,0.0005344857804470338,0.0005344857804470338
2024-03-10,0.0022839426996976208,0.0022839426996976208,0.0022839426996976208,0.0022839426996976208
2024-03-11,0.012668640890443119,0.012668640890443119,0.012668640890443119,0.012668640890443119
2024-03-12,-0.0030003823867302765,-0.0030003823867302765,-0.0030003823867302765,-0.0030003823867302765
2024-03-13,0.006075070146944539,0.006075070146944539,0.006075070146944539,0.006075070146944539
2024-03-14,-0.006796142983779089,-0.006796142983779089,-0.006796142983779089,-0.006796142983779089
2024-03-15,-0.007887303804405684,-0.007887303804405684,-0.007887303804405684,-0.007887303804405684
2024-03-16,-0.017241735091586288,-0.017241735091586288,-0.017241735091586288,-0.017241735091586288
2024-03-17,0.012927920980566651,0.012927920980566651,0.012927920980566651,0.012927920980566651
2024-03-18,-0.0031660500764200917,-0.0031660500764200917,-0.0031660500764200917,-0.0031660500764200917
2024-03-19,-0.021365056467716696,-0.021365056467716696,-0.021365056467716696,-0.021365056467716696
2024-03-20,0.023811277230018687,0.023811277230018687,0.023811277230018687,0.023811277230018687
2024-03-21,-0.007890262837443235,-0.007890262837443235,-0.007890262837443235,-0.007890262837443235
2024-03-22,-0.005561733488352148,-0.005561733488352148,-0.005561733488352148,-0.005561733488352148
2024-03-23,0.0005632533558517948,0.0005632533558517948,0.0005632533558517948,0.0005632533558517948
2024-03-24,0.010274727697395564,0.010274727697395564,0.010274727697395564,0.010274727697395564
2024-03-25,0.007948971167584435,0.007948971167584435,0.007948971167584435,0.007948971167584435
2024-03-26,0.00021997412244853266,0.00021997412244853266,0.00021997412244853266,0.00021997412244853266
2024-03-27,-0.0016936700289839081,-0.0016936700289839081,-0.0016936700289839081,-0.0016936700289839081
2024-03-28,0.0036973840205616992,0.0036973840205616992,0.0036973840205616992,0.0036973840205616992
2024-03-29,-0.0031089978359449977,-0.0031089978359449977,-0.0031089978359449977,-0.0031089978359449977
2024-03-30,-0.0010305700347816157,-0.0010305700347816157,-0.0010305700347816157,-0.0010305700347816157
2024-03-31,0.005269665411294639,0.005269665411294639,0.005269665411294639,0.005269665411294639
2024-04-01,-0.005502871885087659,-0.005502871885087659,-0.005502871885087659,-0.005502871885087659
2024-04-02,-0.013506893242874468,-0.013506893242874468,-0.013506893242874468,-0.013506893242874468
2024-04-03,0.0016138347212014883,0.0016138347212014883,0.0016138347212014883,0.0016138347212014883
2024-04-04,0.009082251177148323,0.009082251177148323,0.009082251177148323,0.009082251177148323
2024-04-05,-0.002439545625848794,-0.002439545625848794,-0.002439545625848794,-0.002439545625848794
2024-04-06,0.003731520663556472,0.003731520663556472,0.003731520663556472,0.003731520663556472
2024-04-07,0.0015375212198048558,0.0015375212198048558,0.0015375212198048558,0.0015375212198048558
2024-04-08,0.007876098122248187,0.007876098122248187,0.007876098122248187,0.007876098122248187
2024-04-09,-0.008479844319666922,-0.008479844319666922,-0.008479844319666922,-0.008479844319666922
2024-04-10,0.005156193695611804,0.005156193695611804,0.005156193695611804,0.005156193695611804
2024-04-11,-0.0022515616015681386,-0.0022515616015681386,-0.0022515616015681386,-0.0022515616015681386
2024-04-12,-0.010104245658224235,-0.010104245658224235,-0.010104245658224235,-0.010104245658224235
2024-04-13,-0.011547550937097192,-0.011547550937097192,-0.011547550937097192,-0.011547550937097192
2024-04-14,0.006164107348553003,0.006164107348553003,0.006164107348553003,0.006164107348553003
2024-04-15,-0.00825693891599598,-0.00825693891599598,-0.00825693891599598,-0.00825693891599598
2024-04-16,0.001402752479389427,0.001402752479389427,0.001402752479389427,0.001402752479389427
2024-04-17,-0.009650126353894681,-0.009650126353894681,-0.009650126353894681,-0.009650126353894681
2024-04-18,0.009628549526685062,0.009628549526685062,0.009628549526685062,0.009628549526685062
2024-04-19,0.0016379069152180738,0.0016379069152180738,0.0016379069152180738,0.0016379069152180738
2024-04-20,0.0053431836486116215,0.0053431836486116215,0.0053431836486116215,0.0053431836486116215
2024-04-21,4.336700177046643e-05,4.336700177046643e-05,4.336700177046643e-05,4.336700177046643e-05
2024-04-22,0.008940880968956897,0.008940880968956897,0.008940880968956897,0.008940880968956897
2024-04-23,-0.0019571373587534435,-0.0019571373587534435,-0.0019571373587534435,-0.0019571373587534435
2024-04-24,-0.01089297122047853,-0.01089297122047853,-0.01089297122047853,-0.01089297122047853
2024-04-25,0.0011585085247456603,0.0011585085247456603,0.0011585085247456603,0.0011585085247456603
2024-04-26,-0.003761720913756585,-0.003761720913756585,-0.003761720913756585,-0.003761720913756585
2024-04-27,-0.001781735647459392,-0.001781735647459392,-0.001781735647459392,-0.001781735647459392
2024-04-28,-0.0017546383939998562,-0.0017546383939998562,-0.0017546383939998562,-0.0017546383939998562
2024-04-29,0.00393491682653415,0.00393491682653415,0.00393491682653415,0.00393491682653415
2024-04-30,-0.01709679062378127,-0.01709679062378127,-0.01709679062378127,-0.01709679062378127
2024-05-01,-0.013291358239019306,-0.013291358239019306,-0.013291358239019306,-0.013291358239019306
2024-05-02,0.004343312582998549,0.004343312582998549,0.004343312582998549,0.004343312582998549
2024-05-03,0.022017025291346963,0.022017025291346963,0.022017025291346963,0.022017025291346963
2024-05-04,0.005642747554127745,0.005642747554127745,0.005642747554127745,0.005642747554127745
2024-05-05,0.0005620474419524957,0.0005620474419524957,0.0005620474419524957,0.0005620474419524957
2024-05-06,-0.0042037742836951286,-0.0042037742836951286,-0.0042037742836951286,-0.0042037742836951286
2024-05-07,-0.004303590517211048,-0.004303590517211048,-0.004303590517211048,-0.004303590517211048
2024-05-08,-0.00012677973019133907,-0.0060256502178088886,-0.0060256502178088886,-0.0060256502178088886
2024-05-09,0.0,-0.00013044073565286955,0.010244256097420345,0.010244256097420345
2024-05-10,0.0,0.0,-0.012184581570231648,-0.012184581570231648
2024-05-11,0.0,0.0,0.00010550497106392848,0.00010550497106392848
2024-05-12,0.0,0.0,0.0034584169803241957,0.0034584169803241957
2024-05-13,0.0,0.0,0.008136183892374254,0.008136183892374254
2024-05-14,0.0,0.0,-0.0077427283617124585,-0.0077427283617124585
2024-05-15,0.0,0.0,0.026884196810075856,0.026884196810075856
2024-05-16,0.0,0.0,-0.00014335411726246102,-0.005167338757052537
2024-05-17,0.0,0.0,0.0,0.0086632525714825
2024-05-18,0.0,0.0,0.0,-0.0004941155004562752
2024-05-19,0.0,0.0,0.0,-0.0031652210806122215
2024-05-20,0.0,0.0,0.0,-0.0001293234705973271
2024-05-21,0.0,0.0,0.0,0.0
2024-05-22,0.0,0.0,0.0,0.0
2024-05-23,0.0,0.0,0.0,0.0
2024-05-24,0.0,0.0,0.0,0.0
2024-05-25,0.0,0.0029044680289433142,0.0,0.0
2024-05-26,-0.0035432011623431382,-0.003426417978751785,0.0,0.0
2024-05-27,-0.00011714237161939595,0.00391930825462936,0.0,0.0
2024-05-28,-0.004499261222834914,-0.004382721323787163,0.0,0.0
2024-05-29,-0.003310965470228007,-0.003310965470228007,0.0,0.0
2024-05-30,0.0031507353755751903,0.0031507353755751903,0.0,0.0
2024-05-31,-0.003960794707831563,-0.003960794707831563,0.0,0.0
2024-06-01,0.0009469122053217465,0.0009469122053217465,0.0,0.0
2024-06-02,-0.0001274428438358403,-8.047081286206835e-05,0.0,0.0
2024-06-03,0.0051003044279140436,0.005238641751421862,0.0,0.0
2024-06-04,0.008611670929779745,0.008611670929779745,0.0,0.0
2024-06-05,-0.0001389757674946372,0.002592823053338513,0.0,0.0
2024-06-06,-0.0017308834634924444,-0.0015925190204236167,0.0,0.0
2024-06-07,-0.00013886210705501553,-0.00013886210705501553,0.0,0.0
2024-06-08,0.0,0.0,0.0,0.0
2024-06-09,0.0,0.0,0.0,0.0
2024-06-10,0.0,0.0,0.0,0.0
2024-06-11,0.0,0.0,0.0,0.0
2024-06-12,0.0,0.0,0.0,0.0
2024-06-13,0.0,0.0,0.0,0.0
2024-06-14,0.0,0.0,0.0,0.0
2024-06-15,0.0,0.0,0.0,0.0
2024-06-16,0.0,0.0,0.0,0.0
2024-06-17,0.0,0.0,0.0,0.0
2024-06-18,0.0,0.0,0.0,0.0
2024-06-19,0.0,0.0,-0.002609423803731478,0.0
2024-06-20,0.0,0.0,-0.000930438322648916,0.0
2024-06-21,0.0,0.0,-0.00026664172833841933,0.0
2024-06-22,0.0,0.0,0.0,0.0
2024-06-23,0.0,0.0,0.0,0.0
2024-06-24,0.0,0.0,0.0,0.0
2024-06-25,0.0,0.0,0.0,0.0
2024-06-26,0.0,0.0,0.0,0.0
2024-06-27,0.0,0.0,0.0,0.0
2024-06-28,0.0,0.0,0.0,0.0
2024-06-29,0.0,0.0,0.0,0.0
2024-06-30,0.0,0.0,0.0,0.0
2024-07-01,0.0,0.0,0.0,0.0
2024-07-02,0.0,0.0,0.0,0.0
2024-07-03,0.0,0.0,0.0,0.0
2024-07-04,0.0,0.0,0.0,0.0
2024-07-05,0.0,0.0,0.0,0.0
2024-07-06,0.0,0.0,0.0,0.0
2024-07-07,0.0,0.0,0.0,0.0
2024-07-08,0.0,0.0,0.0,0.0
2024-07-09,0.0,0.0,0.0,0.0
2024-07-10,0.0,0.0,0.0,0.0
2024-07-11,0.0,0.0,0.0,0.0
2024-07-12,0.0,0.0,0.0,0.0
2024-07-13,0.0,0.0,0.0,0.0
2024-07-14,0.0,0.0,0.0,0.0
2024-07-15,0.0,0.0,0.0,0.0
2024-07-16,0.0,0.0,0.0,0.0
2024-07-17,-0.005343358402621887,0.0,0.0,0.0
2024-07-18,-0.0001416935221496219,0.0,0.0,0.0
2024-07-19,0.0,0.0,0.0,0.0
2024-07-20,0.0,0.0,0.0,0.0
2024-07-21,0.005176484977513013,0.005176484977513013,0.0,0.0
2024-07-22,-0.00325981891042931,-0.00325981891042931,0.0,0.0
2024-07-23,-0.008085695609845348,-0.008085695609845348,0.0,0.0
2024-07-24,-0.00325497736599211,-0.00325497736599211,0.0,0.0
2024-07-25,0.002233190417088614,0.002233190417088614,0.002089245573357504,0.002089245573357504
2024-07-26,0.011608020372286736,0.011608020372286736,0.011608020372286736,-0.0001450734592110223
2024-07-27,-0.00013390200390937226,-0.00013390200390937226,-0.00013390200390937226,-0.0002797455184394865
2024-07-28,0.0017535964658330773,0.0017535964658330773,0.0017535964658330773,0.0017535964658330773
2024-07-29,-0.007888073081161571,-0.007888073081161571,-0.007888073081161571,-0.007888073081161571
2024-07-30,-0.0033330688552455317,-0.0033330688552455317,-0.0033330688552455317,-0.0033330688552455317
2024-07-31,-0.00861689711607409,-0.00861689711607409,-0.00861689711607409,-0.00861689711607409
2024-08-01,0.0040008350757153345,0.0040008350757153345,0.0040008350757153345,0.0040008350757153345
2024-08-02,-0.021854875765603687,-0.021854875765603687,-0.021854875765603687,-0.021854875765603687
2024-08-03,-0.005445619501716577,-0.005445619501716577,-0.005445619501716577,-0.005445619501716577
2024-08-04,-0.015258567823022533,-0.015258567823022533,-0.015258567823022533,-0.015258567823022533
2024-08-05,-0.026180013106609907,-0.026180013106609907,-0.026180013106609907,-0.026180013106609907
2024-08-06,0.013442142781693683,0.013442142781693683,0.013442142781693683,0.013442142781693683
2024-08-07,-0.00511557965862,-0.00511557965862,-0.00511557965862,-0.00511557965862
2024-08-08,0.03761178264894583,0.03761178264894583,0.03761178264894583,0.03761178264894583
2024-08-09,-0.004385494778057635,-0.004385494778057635,-0.004385494778057635,-0.004385494778057635
2024-08-10,0.00032362316253738073,0.00032362316253738073,0.00032362316253738073,0.00032362316253738073
2024-08-11,-0.008943716261675954,-0.008943716261675954,-0.008943716261675954,-0.008943716261675954
2024-08-12,0.002656000538295717,0.002656000538295717,0.002656000538295717,0.002656000538295717
2024-08-13,0.005098645158515275,0.005098645158515275,0.005098645158515275,0.005098645158515275
2024-08-14,-0.00822198887080073,-0.00822198887080073,-0.00822198887080073,-0.00822198887080073
2024-08-15,-0.005026110314766968,-0.005026110314766968,-0.005026110314766968,-0.005026110314766968
2024-08-16,0.006068848226037392,0.006068848226037392,0.006068848226037392,0.006068848226037392
2024-08-17,0.0026598367894020286,0.0026598367894020286,0.0026598367894020286,0.0026598367894020286
2024-08-18,-0.004746930244700402,-0.004746930244700402,-0.004746930244700402,-0.004746930244700402
2024-08-19,0.004546409299297918,0.004546409299297918,0.004546409299297918,0.004546409299297918
2024-08-20,-0.0018350126850932259,-0.0018350126850932259,-0.0018350126850932259,-0.0018350126850932259
2024-08-21,0.009452870689072829,0.009452870689072829,0.009452870689072829,0.009452870689072829
2024-08-22,-0.0032792345396910616,-0.0032792345396910616,-0.0032792345396910616,-0.0032792345396910616
2024-08-23,0.015595134234491935,0.015595134234491935,0.015595134234491935,0.015595134234491935
2024-08-24,0.0003738722302248059,0.0003738722302248059,0.0003738722302248059,0.0003738722302248059
2024-08-25,0.0002872911728355598,0.0002872911728355598,0.0002872911728355598,0.0002872911728355598
2024-08-26,-0.005330563259687939,-0.005330563259687939,-0.005330563259687939,-0.005330563259687939
2024-08-27,-0.013464528026684918,-0.013464528026684918,-0.013464528026684918,-0.013464528026684918
2024-08-28,-0.0015464712646719666,-0.0015464712646719666,-0.0015464712646719666,-0.0015464712646719666
2024-08-29,0.0012651781710751712,0.0012651781710751712,0.0012651781710751712,0.0012651781710751712
2024-08-30,-0.0009337051303251855,-0.0009337051303251855,-0.0009337051303251855,-0.0009337051303251855
2024-08-31,-0.0006399783016600123,-0.0006399783016600123,-0.0006399783016600123,-0.0006399783016600123
2024-09-01,-0.007112364613096291,-0.007112364613096291,-0.007112364613096291,-0.007112364613096291
2024-09-02,0.00808426598598851,0.00808426598598851,0.00808426598598851,0.00808426598598851
2024-09-03,-0.007179722978036326,-0.007179722978036326,-0.007179722978036326,-0.007179722978036326
2024-09-04,0.002320816739014032,0.002320816739014032,0.002320816739014032,0.002320816739014032
2024-09-05,-0.008511296548470229,-0.008511296548470229,-0.008511296548470229,-0.008511296548470229
2024-09-06,-0.010840632405471217,-0.010840632405471217,-0.010840632405471217,-0.010840632405471217
2024-09-07,0.0014287983655566676,0.0014287983655566676,0.0014287983655566676,0.0014287983655566676
2024-09-08,0.004636040396106872,0.004636040396106872,0.004636040396106872,0.004636040396106872
2024-09-09,0.014082151578437585,0.014082151578437585,0.014082151578437585,0.014082151578437585
2024-09-10,0.0038443879297425376,0.0038443879297425376,0.0038443879297425376,0.0038443879297425376
2024-09-11,-0.00177707372507586,-0.00177707372507586,-0.00177707372507586,-0.00177707372507586
2024-09-12,0.004858029647435254,0.004858029647435254,0.004858029647435254,0.004858029647435254
2024-09-13,0.01461269203895087,0.01461269203895087,0.01461269203895087,0.01461269203895087
2024-09-14,-0.0029248714871868125,-0.0029248714871868125,-0.0029248714871868125,-0.0029248714871868125
2024-09-15,-0.005057640014276667,-0.005057640014276667,-0.005057640014276667,-0.005057640014276667
2024-09-16,-0.005470149642162396,-0.005470149642162396,-0.005470149642162396,-0.005470149642162396
2024-09-17,0.012619627126056927,0.012619627126056927,0.012619627126056927,0.012619627126056927
2024-09-18,0.008481514358341205,0.008481514358341205,0.008481514358341205,0.008481514358341205
2024-09-19,0.006550665980567988,0.006550665980567988,0.006550665980567988,0.006550665980567988
2024-09-20,0.001327304038229441,0.001327304038229441,0.001327304038229441,0.001327304038229441
2024-09-21,-0.00013915303118054346,0.000715298388858038,0.000715298388858038,0.000715298388858038
2024-09-22,0.0,0.001350216882160275,0.001350216882160275,0.001350216882160275
2024-09-23,0.0,-0.0016049474401025861,-0.0016049474401025861,-0.0016049474401025861
2024-09-24,0.0,0.0057050807124918645,0.0057050807124918645,0.0057050807124918645
2024-09-25,0.0,-0.006860807074319403,-0.006860807074319403,-0.006860807074319403
2024-09-26,0.0,0.013915415349720442,0.013915415349720442,0.013915415349720442
2024-09-27,0.003790542554458549,0.00396082570517964,0.00396082570517964,0.00396082570517964
2024-09-28,-0.00017267547920432144,0.00039473070542165445,0.00039473070542165445,0.00039473070542165445
2024-09-29,0.0,-0.0016631255506825073,-0.0016631255506825073,-0.0016631255506825073
2024-09-30,0.0,-0.014512657445674818,-0.014512657445674818,-0.014512657445674818
2024-10-01,0.0,-0.00016746928461918483,-0.017585716332030012,-0.017585716332030012
2024-10-02,0.0,-0.0013454425650970415,-0.001180324988112383,-0.001180324988112383
2024-10-03,0.0,-0.00016980019676786603,0.0006489138704370552,0.0006489138704370552
2024-10-04,0.0,0.008776281859311126,0.008940496038848503,0.008940496038848503
2024-10-05,-0.0003896636754615755,-0.0002253178749562076,-0.0002253178749562076,-0.0002253178749562076
2024-10-06,0.005632208370998769,0.005632208370998769,0.005632208370998769,0.005632208370998769
2024-10-07,-0.0044052612372152584,-0.0044052612372152584,-0.0044052612372152584,-0.0044052612372152584
2024-10-08,-0.0004980968479978444,-0.0004980968479978444,-0.0004980968479978444,-0.0004980968479978444
2024-10-09,-0.012007947256577663,-0.012007947256577663,-0.00018379215160511215,-0.012007947256577663
2024-10-10,-0.0025736673884916906,-0.0025736673884916906,0.0,-0.0025736673884916906
2024-10-11,0.017228949228602047,0.017228949228602047,0.0,0.017228949228602047
2024-10-12,0.004976444274845285,0.004976444274845285,0.0,0.004976444274845285
2024-10-13,-0.0025762775890379955,-0.0025762775890379955,-0.00276475591319955,-0.0025762775890379955
2024-10-14,0.024429592180395115,0.024429592180395115,0.024429592180395115,0.024429592180395115
2024-10-15,0.0070228631242423775,0.0070228631242423775,0.0070228631242423775,0.0070228631242423775
2024-10-16,0.0034761740426432616,0.0034761740426432616,0.0034761740426432616,0.0034761740426432616
2024-10-17,-0.0014414019452648858,-0.0014414019452648858,-0.0014414019452648858,-0.0014414019452648858
2024-10-18,0.006853313716847202,0.006853313716847202,0.006853313716847202,0.006853313716847202
2024-10-19,-0.0004956459824611679,-0.0004956459824611679,-0.0004956459824611679,-0.0004956459824611679
2024-10-20,0.004422203628369201,0.004422203628369201,0.004422203628369201,0.004422203628369201
2024-10-21,-0.011393851889388547,-0.011393851889388547,-0.011393851889388547,-0.011393851889388547
2024-10-22,0.0001207398302596456,0.0001207398302596456,0.0001207398302596456,0.0001207398302596456
2024-10-23,-0.0052648592895231565,-0.0052648592895231565,-0.0052648592895231565,-0.0052648592895231565
2024-10-24,0.010355442214939736,0.010355442214939736,0.010355442214939736,0.010355442214939736
2024-10-25,-0.01039269753915873,-0.01039269753915873,-0.01039269753915873,-0.01039269753915873
2024-10-26,0.002792544231864973,0.002792544231864973,0.002792544231864973,0.002792544231864973
2024-10-27,0.0062033342126040555,0.0062033342126040555,0.0062033342126040555,0.0062033342126040555
2024-10-28,0.01308839344831601,0.01308839344831601,0.01308839344831601,0.01308839344831601
2024-10-29,0.01822228009167787,0.01822228009167787,0.01822228009167787,0.01822228009167787
2024-10-30,-0.002694910464783205,-0.002694910464783205,-0.002694910464783205,-0.002694910464783205
2024-10-31,-0.014027170760333007,-0.014027170760333007,-0.014027170760333007,-0.014027170760333007
2024-11-01,-0.005947662347577308,-0.005947662347577308,-0.005947662347577308,-0.005947662347577308
2024-11-02,-0.0010147933962751847,-0.0010147933962751847,-0.0010147933962751847,-0.0010147933962751847
2024-11-03,-0.0041994562687280215,-0.0041994562687280215,-0.0041994562687280215,-0.0041994562687280215
2024-11-04,-0.006427684292288294,-0.006427684292288294,-0.006427684292288294,-0.006427684292288294
2024-11-05,0.010247877659144757,0.010247877659144757,0.010247877659144757,0.010247877659144757
2024-11-06,0.04128438030086231,0.04128438030086231,0.04128438030086231,0.04128438030086231
2024-11-07,0.0015414481149873354,0.0015414481149873354,0.0015414481149873354,0.0015414481149873354
2024-11-08,0.002850203531430066,0.002850203531430066,0.002850203531430066,0.002850203531430066
2024-11-09,0.0008139574774786942,0.0008139574774786942,0.0008139574774786942,0.0008139574774786942
2024-11-10,0.01812101153403688,0.01812101153403688,0.01812101153403688,0.01812101153403688
2024-11-11,0.038662868596733395,0.038662868596733395,0.038662868596733395,0.038662868596733395
2024-11-12,-0.003548904889057086,-0.003548904889057086,-0.003548904889057086,-0.003548904889057086
2024-11-13,0.008275921099348287,0.008275921099348287,0.008275921099348287,0.008275921099348287
2024-11-14,-0.010208141891269592,-0.010208141891269592,-0.010208141891269592,-0.010208141891269592
2024-11-15,0.012584070536154388,0.012584070536154388,0.012584070536154388,0.012584070536154388
2024-11-16,-0.0014744281194567378,-0.0014744281194567378,-0.0014744281194567378,-0.0014744281194567378
2024-11-17,-0.002442172298205892,-0.002442172298205892,-0.002442172298205892,-0.002442172298205892
2024-11-18,0.0017285815118871367,0.0017285815118871367,0.0017285815118871367,0.0017285815118871367
2024-11-19,0.005512033246869644,0.005512033246869644,0.005512033246869644,0.005512033246869644
2024-11-20,0.006013654068341979,0.006013654068341979,0.006013654068341979,0.006013654068341979
2024-11-21,0.012409799851050198,0.012409799851050198,0.012409799851050198,0.012409799851050198
2024-11-22,0.001554839351909494,0.001554839351909494,0.001554839351909494,0.001554839351909494
2024-11-23,-0.003559480079156584,-0.003559480079156584,-0.003559480079156584,-0.003559480079156584
2024-11-24,0.0005586357323109936,0.0005586357323109936,0.0005586357323109936,0.0005586357323109936
2024-11-25,-0.014681747940406584,-0.014681747940406584,-0.014681747940406584,-0.014681747940406584
2024-11-26,-0.003447386884385786,-0.003447386884385786,-0.003447386884385786,-0.003447386884385786
2024-11-27,0.011322398537801039,0.011322398537801039,0.011322398537801039,0.011322398537801039
2024-11-28,-0.0007029324652852286,-0.0007029324652852286,-0.0007029324652852286,-0.0007029324652852286
2024-11-29,0.0050037589255386775,0.0050037589255386775,0.0050037589255386775,0.0050037589255386775
2024-11-30,-0.0030623143385082154,-0.0030623143385082154,-0.0030623143385082154,-0.0030623143385082154
2024-12-01,0.002158398705356983,0.002158398705356983,0.002158398705356983,0.002158398705356983
2024-12-02,-0.004101077366268592,-0.004101077366268592,-0.004101077366268592,-0.004101077366268592
2024-12-03,-7.322574296559956e-05,-7.322574296559956e-05,-7.322574296559956e-05,-7.322574296559956e-05
2024-12-04,0.007821457903888475,0.007821457903888475,0.007821457903888475,0.007821457903888475
2024-12-05,-0.00513331430829644,-0.00513331430829644,-0.00513331430829644,-0.00513331430829644
2024-12-06,0.008909975278890973,0.008909975278890973,0.008909975278890973,0.008909975278890973
2024-12-07,0.0001168154391999068,0.0001168154391999068,0.0001168154391999068,0.0001168154391999068
2024-12-08,0.003827010107348574,0.003827010107348574,0.003827010107348574,0.003827010107348574
2024-12-09,-0.011829208453170648,-0.011829208453170648,-0.011829208453170648,-0.011829208453170648
2024-12-10,-0.002523158193944579,-0.002523158193944579,-0.002523158193944579,-0.002523158193944579
2024-12-11,0.0179182302267343,0.0179182302267343,0.0179182302267343,0.0179182302267343
2024-12-12,-0.004451006094768627,-0.004451006094768627,-0.004451006094768627,-0.004451006094768627
2024-12-13,0.005048213239291191,0.005048213239291191,0.005048213239291191,0.005048213239291191
2024-12-14,-7.44374959122584e-05,-7.44374959122584e-05,-7.44374959122584e-05,-7.44374959122584e-05
2024-12-15,0.012160264679661383,0.012160264679661383,0.012160264679661383,0.012160264679661383
2024-12-16,0.005944240047927476,0.005944240047927476,0.005944240047927476,0.005944240047927476
2024-12-17,7.942284061871007e-05,7.942284061871007e-05,7.942284061871007e-05,7.942284061871007e-05
2024-12-18,-0.022190470796086107,-0.022190470796086107,-0.022190470796086107,-0.022190470796086107
2024-12-19,-0.011086180692306071,-0.011086180692306071,-0.011086180692306071,-0.011086180692306071
2024-12-20,0.0010984137315536446,0.0010984137315536446,0.0010984137315536446,0.0010984137315536446
2024-12-21,-0.0019908175401895456,-0.0019908175401895456,-0.0019908175401895456,-0.0019908175401895456
2024-12-22,-0.00816026306113457,-0.00816026306113457,-0.00816026306113457,-0.00816026306113457
2024-12-23,-0.0012539585314949814,-0.0012539585314949814,-0.0012539585314949814,-0.0012539585314949814
2024-12-24,0.014485985274117354,0.014485985274117354,0.014485985274117354,0.014485985274117354
2024-12-25,0.002909432771159973,0.002909432771159973,0.002909432771159973,0.002909432771159973
2024-12-26,-0.014055913198229054,-0.014055913198229054,-0.014055913198229054,-0.014055913198229054
2024-12-27,-0.006410341140001569,-0.006410341140001569,-0.006410341140001569,-0.006410341140001569
2024-12-28,0.003983290138381276,0.003983290138381276,0.003983290138381276,0.003983290138381276
2024-12-29,-0.0064289015322894815,-0.0064289015322894815,-0.0064289015322894815,-0.0064289015322894815
2024-12-30,-0.0039462963972946635,-0.0039462963972946635,-0.0039462963972946635,-0.0039462963972946635
2024-12-31,0.003150362393969184,0.003150362393969184,0.003150362393969184,0.003150362393969184
2025-01-01,0.00412968197715857,0.00412968197715857,0.00412968197715857,0.00412968197715857
2025-01-02,0.009568769711265915,0.009568769711265915,0.009568769711265915,0.009568769711265915
2025-01-03,0.004676075875784364,0.004676075875784364,0.004676075875784364,0.004676075875784364
2025-01-04,3.4895423772056024e-05,3.4895423772056024e-05,3.4895423772056024e-05,3.4895423772056024e-05
2025-01-05,0.0005597238622705836,0.0005597238622705836,0.0005597238622705836,0.0005597238622705836
2025-01-06,0.015398303764687763,0.015398303764687763,0.015398303764687763,0.015398303764687763
2025-01-07,-0.020695131406928257,-0.020695131406928257,-0.020695131406928257,-0.020695131406928257
2025-01-08,-0.00798958499294047,-0.00798958499294047,-0.00798958499294047,-0.00798958499294047
2025-01-09,-0.009764397112845102,-0.009764397112845102,-0.009764397112845102,-0.009764397112845102
2025-01-10,0.009078170495547525,0.009078170495547525,0.009078170495547525,0.009078170495547525
2025-01-11,-0.0005068031178832369,-0.0005068031178832369,-0.0005068031178832369,-0.0005068031178832369
2025-01-12,-0.0003083802177569115,-0.0003083802177569115,-0.0003083802177569115,-0.0003083802177569115
2025-01-13,-0.00010808872537938821,-0.00010808872537938821,-0.00010808872537938821,-0.00010808872537938821
2025-01-14,0.008295063852337805,0.008295063852337805,0.008295063852337805,0.008295063852337805
2025-01-15,0.016118728566937544,0.016118728566937544,0.016118728566937544,0.016118728566937544
2025-01-16,-0.002072735884494704,-0.002072735884494704,-0.002072735884494704,-0.002072735884494704
2025-01-17,0.016517279595072334,0.016517279595072334,0.016517279595072334,0.016517279595072334
2025-01-18,0.001808411293392773,0.001808411293392773,0.001808411293392773,0.001808411293392773
2025-01-19,-0.012208613019032512,-0.012208613019032512,-0.012208613019032512,-0.012208613019032512
2025-01-20,0.0035204603305361054,0.0035204603305361054,0.0035204603305361054,0.0035204603305361054
2025-01-21,0.014515514871709283,0.014515514871709283,0.014515514871709283,0.014515514871709283
2025-01-22,-0.00904627456320347,-0.00904627456320347,-0.00904627456320347,-0.00904627456320347
2025-01-23,0.0006400308339773084,0.0006400308339773084,0.0006400308339773084,0.0006400308339773084
2025-01-24,0.0033917517377618197,0.0033917517377618197,0.0033917517377618197,0.0033917517377618197
2025-01-25,-0.0005018452033063637,-0.0005018452033063637,-0.0005018452033063637,-0.0005018452033063637
2025-01-26,-0.008410209025554354,-0.008410209025554354,-0.008410209025554354,-0.008410209025554354
2025-01-27,-0.0021855860609108395,-0.0021855860609108395,-0.0021855860609108395,-0.0021855860609108395
2025-01-28,-0.00016241344750722475,-0.0030288736966881447,-0.0030288736966881447,-0.0030288736966881447
2025-01-29,0.0,0.009548916490298006,0.009548916490298006,0.009548916490298006
2025-01-30,0.0,0.0037002689928393915,0.0037002689928393915,0.0037002689928393915
2025-01-31,0.0,-0.00883260648718805,-0.00883260648718805,-0.00883260648718805
2025-02-01,-0.0072646924997420955,-0.007105281246910495,-0.007105281246910495,-0.007105281246910495
2025-02-02,-0.00016195482553009184,-0.01165798630724446,-0.00016195482553009184,-0.01165798630724446
2025-02-03,0.014349355094523673,0.014504638010048903,0.0,0.014504638010048903
2025-02-04,-0.013558913900372404,-0.013558913900372404,-0.013707024643947867,-0.013558913900372404
2025-02-05,-0.0045624278749373725,-0.0045624278749373725,-0.0045624278749373725,-0.0045624278749373725
2025-02-06,-0.0001978105688282845,-0.0001978105688282845,-0.00015336934315268475,-0.0001978105688282845
2025-02-07,-0.00033815277502820636,-0.00033815277502820636,0.0,-0.00033815277502820636
2025-02-08,-0.00017817628310374961,-0.00017817628310374961,0.0,-0.00017817628310374961
2025-02-09,-2.1002842332497457e-05,-2.1002842332497457e-05,-0.00018809457482971188,-2.1002842332497457e-05
2025-02-10,0.00414157457570127,0.00414157457570127,0.00414157457570127,0.00414157457570127
2025-02-11,-0.007243849211084454,-0.007243849211084454,-0.007243849211084454,-0.007243849211084454
2025-02-12,0.009198718543871384,0.009198718543871384,0.009198718543871384,0.009198718543871384
2025-02-13,-0.005542846849550312,-0.005542846849550312,-0.005542846849550312,-0.005542846849550312
2025-02-14,0.004030640004844934,0.004030640004844934,0.004030640004844934,0.004030640004844934
2025-02-15,0.000393249445913432,0.000393249445913432,0.000393249445913432,0.000393249445913432
2025-02-16,-0.007359426620623087,-0.007359426620623087,-0.007359426620623087,-0.007359426620623087
2025-02-17,-0.0017080265341893601,-0.0017080265341893601,-0.0017080265341893601,-0.0017080265341893601
2025-02-18,-0.0007919769106187576,-0.0007919769106187576,-0.0007919769106187576,-0.0007919769106187576
2025-02-19,0.005047775555126752,0.005047775555126752,0.005047775555126752,0.005047775555126752
2025-02-20,0.009529431226555914,0.009529431226555914,0.009529431226555914,0.009529431226555914
2025-02-21,-0.01236682895158765,-0.01236682895158765,-0.01236682895158765,-0.01236682895158765
2025-02-22,0.002064934609691444,0.002064934609691444,0.002064934609691444,0.002064934609691444
2025-02-23,-0.0016696288438424445,-0.0016696288438424445,-0.0016696288438424445,-0.0016696288438424445
2025-02-24,-0.00021925598052296985,-0.026755564219908257,-0.026755564219908257,-0.026755564219908257
2025-02-25,0.0,-0.017650921748718528,-0.017650921748718528,-0.017650921748718528
2025-02-26,0.0,-0.024706230489631012,-0.024706230489631012,-0.024706230489631012
2025-02-27,0.0,0.002491730452084319,0.002491730452084319,0.002491730452084319
2025-02-28,-0.002225038463050973,-0.0020540166938195874,-0.0020540166938195874,-0.0020540166938195874
2025-03-01,0.009208681639286696,0.009208681639286696,0.009208681639286696,0.009208681639286696
2025-03-02,0.04372186823952592,0.04372186823952592,0.04372186823952592,0.04372186823952592
2025-03-03,-0.00018297609567080543,-0.00018297609567080543,-0.03801378503119287,-0.03801378503119287
2025-03-04,0.0,0.0,0.004023696840171034,0.004023696840171034
2025-03-05,0.0,0.0,0.011278372207630569,0.011278372207630569
2025-03-06,0.0,0.0,-0.002311798186954368,-0.002311798186954368
2025-03-07,0.0,0.0,-0.010203886378572972,-0.010203886378572972
2025-03-08,-0.0020553680275891186,-0.0020553680275891186,-0.0019384663748124328,-0.0019384663748124328
2025-03-09,-0.018326013406045432,-0.018326013406045432,-0.018326013406045432,-0.018326013406045432
2025-03-10,-0.00011475101182995847,-0.0075675148445319895,-0.0075675148445319895,-0.0075675148445319895
2025-03-11,0.014738618494084829,0.014840131060477863,0.014840131060477863,0.014840131060477863
2025-03-12,0.002395241253893555,0.002395241253893555,0.002395241253893555,0.002395241253893555
2025-03-13,-0.00782514555559941,-0.00782514555559941,-0.00782514555559941,-0.00782514555559941
2025-03-14,0.009031385832672482,0.009031385832672482,0.009031385832672482,0.009031385832672482
2025-03-15,0.0011254947039873084,0.0011254947039873084,0.0011254947039873084,0.0011254947039873084
2025-03-16,-0.0052433231317774555,-0.0052433231317774555,-0.0052433231317774555,-0.0052433231317774555
2025-03-17,0.0042786094023397996,0.0042786094023397996,0.0042786094023397996,0.0042786094023397996
2025-03-18,-0.0038687554105504315,-0.0038687554105504315,-0.0038687554105504315,-0.0038687554105504315
2025-03-19,0.01239676039013798,0.01239676039013798,-9.978392961603967e-05,0.01239676039013798
2025-03-20,-0.007504208456343357,-0.007504208456343357,0.0,-9.915158403218724e-05
2025-03-21,-0.000404294187964134,-0.000404294187964134,0.0,0.0
2025-03-22,-0.0007102627015186453,-0.0007102627015186453,0.0,0.0
2025-03-23,0.006371763840729301,0.006371763840729301,0.0,0.00627650667526336
2025-03-24,0.0039353361920416215,0.0039353361920416215,0.0,0.0039353361920416215
2025-03-25,-0.0002473368904584815,-0.0002473368904584815,-0.00034080691362699776,-0.0002473368904584815
2025-03-26,-0.0013654279250256772,-0.0013654279250256772,-0.0013654279250256772,-0.0013654279250256772
2025-03-27,0.0008821983180247281,0.0008821983180247281,0.0008821983180247281,0.0008821983180247281
2025-03-28,-0.00820783565449982,-0.00820783565449982,-0.00820783565449982,-0.00820783565449982
2025-03-29,-0.005383984487234846,-0.005383984487234846,-0.005383984487234846,-0.005383984487234846
2025-03-30,-0.0007773303689612101,-0.0007773303689612101,-0.0007773303689612101,-0.0007773303689612101
2025-03-31,0.00047351927573746074,0.00047351927573746074,0.00047351927573746074,0.00047351927573746074
2025-04-01,0.009151056169577435,0.009151056169577435,0.009151056169577435,0.009151056169577435
2025-04-02,-0.010478474876395605,-0.010478474876395605,-0.010478474876395605,-0.010478474876395605
2025-04-03,0.002729064522289561,0.002729064522289561,0.002729064522289561,0.002729064522289561
2025-04-04,0.002689114941174073,0.002689114941174073,0.002689114941174073,0.002689114941174073
2025-04-05,-0.0014764609322305464,-0.0014764609322305464,-0.0014764609322305464,-0.0014764609322305464
2025-04-06,-0.021111136067587275,-0.021111136067587275,-0.021111136067587275,-0.021111136067587275
2025-04-07,0.003237454347716762,0.003237454347716762,0.003237454347716762,0.003237454347716762
2025-04-08,-0.012509417127235946,-0.012509417127235946,-0.012509417127235946,-0.012509417127235946
2025-04-09,0.029040902362623088,0.029040902362623088,0.029040902362623088,0.029040902362623088
2025-04-10,-0.013748478294278773,-0.013748478294278773,-0.013748478294278773,-0.013748478294278773
2025-04-11,0.014977931256488709,0.014977931256488709,0.014977931256488709,0.014977931256488709
2025-04-12,0.006866043856487223,0.006866043856487223,0.006866043856487223,0.006866043856487223
2025-04-13,-0.005493992912998478,-0.005493992912998478,-0.005493992912998478,-0.005493992912998478
2025-04-14,0.002960766184812876,0.002960766184812876,0.002960766184812876,0.002960766184812876
2025-04-15,-0.0033858469380037004,-0.0033858469380037004,-0.0033858469380037004,-0.0033858469380037004
2025-04-16,0.001343729494766004,0.001343729494766004,0.001343729494766004,0.001343729494766004
2025-04-17,0.0033046524981599147,0.0033046524981599147,0.0033046524981599147,0.0033046524981599147
2025-04-18,-0.0019033440417185606,-0.0019033440417185606,-0.0019033440417185606,-0.0019033440417185606
2025-04-19,0.0023871606863338146,0.0023871606863338146,0.0023871606863338146,0.0023871606863338146
2025-04-20,0.00036298769355595155,0.00036298769355595155,0.00036298769355595155,0.00036298769355595155
2025-04-21,0.008839829398090141,0.008839829398090141,0.008839829398090141,0.008839829398090141
2025-04-22,0.022418342623035634,0.022418342623035634,0.022418342623035634,0.022418342623035634
2025-04-23,0.0007778277673862446,0.0007778277673862446,0.0007778277673862446,0.0007778277673862446
2025-04-24,0.0009380563278816932,0.0009380563278816932,0.0009380563278816932,0.0009380563278816932
2025-04-25,0.0020966201334465333,0.0020966201334465333,0.0020966201334465333,0.0020966201334465333
2025-04-26,-2.0889043325639892e-05,-2.0889043325639892e-05,-2.0889043325639892e-05,-2.0889043325639892e-05
2025-04-27,-0.0028333713746334028,-0.0028333713746334028,-0.0028333713746334028,-0.0028333713746334028
2025-04-28,0.004217999989909205,0.004217999989909205,0.004217999989909205,0.004217999989909205
2025-04-29,-0.0025029584689919724,-0.0025029584689919724,-0.0025029584689919724,-0.0025029584689919724
2025-04-30,-0.00012349661252822948,-0.00022704006077320382,-0.00022704006077320382,-0.00022704006077320382
2025-05-01,0.0074894014026842945,0.0076127454207080844,0.0076127454207080844,0.0076127454207080844
2025-05-02,-0.00012480265235159695,0.0014500540226367222,0.0014500540226367222,0.0014500540226367222
2025-05-03,0.0,-0.000128250070631427,-0.0033641991246201965,-0.0033641991246201965
2025-05-04,0.0,-0.005374255226694557,-0.005247018462673893,-0.005247018462673893
2025-05-05,0.0014456144867743784,0.0015719370835976189,0.0015719370835976189,0.0015719370835976189
2025-05-06,0.007726684584093154,0.007726684584093154,0.007726684584093154,0.007726684584093154
2025-05-07,0.0006760228137342466,0.0006760228137342466,0.0006760228137342466,0.0006760228137342466
2025-05-08,0.023564075316930576,0.023564075316930576,0.023564075316930576,0.023564075316930576
2025-05-09,-0.0013891308991253804,-0.0013891308991253804,-0.0013891308991253804,-0.0013891308991253804
2025-05-10,0.007546580680312352,0.007546580680312352,0.007546580680312352,0.007546580680312352
2025-05-11,-0.0032188297042984597,-0.0032188297042984597,-0.0032188297042984597,-0.0032188297042984597
2025-05-12,-0.005915632287142444,-0.005915632287142444,-0.005915632287142444,-0.005915632287142444
2025-05-13,0.005964756254438146,0.005964756254438146,0.005964756254438146,0.005964756254438146
2025-05-14,-0.00283372131401277,-0.00283372131401277,-0.00283372131401277,-0.00283372131401277
2025-05-15,0.0011003823191551405,0.0011003823191551405,0.0011003823191551405,0.0011003823191551405
2025-05-16,-0.0014179347164409585,-0.0014179347164409585,-0.0014179347164409585,-0.0014179347164409585
2025-05-17,-0.0015079285356202098,-0.0015079285356202098,-0.00018377655144236066,-0.0015079285356202098
2025-05-18,0.014766907037873861,0.014766907037873861,0.0,0.014766907037873861
2025-05-19,-0.0038385149967603512,-0.0038385149967603512,0.0,-0.0038385149967603512
2025-05-20,0.005290342971380449,0.005290342971380449,0.0,0.005290342971380449
2025-05-21,-0.00017869384054097572,0.011729853537015307,0.0,0.011729853537015307
2025-05-22,0.00997306297645001,0.010152883325617338,0.0,0.010152883325617338
2025-05-23,-0.00022123090024304043,-0.021285901817652574,-0.021494808655410615,-0.021285901817652574
2025-05-24,0.0,0.002034690147991635,-0.00021506886900054178,0.002034690147991635
2025-05-25,0.0052774068754732045,0.005445239675887413,0.0052774068754732045,0.005445239675887413
2025-05-26,-0.00019041959390150024,0.0017554647901522784,0.0017554647901522784,0.0017554647901522784
2025-05-27,-0.0024620553793105017,-0.0022714101661447214,-0.0022714101661447214,-0.0022714101661447214
2025-05-28,-0.005217832513439606,-0.005217832513439606,-0.005217832513439606,-0.005217832513439606
2025-05-29,-0.009886249939174712,-0.009886249939174712,-0.009886249939174712,-0.009886249939174712
2025-05-30,-0.007284147552238281,-0.007284147552238281,-0.007284147552238281,-0.007284147552238281
2025-05-31,0.002613965100863483,0.002613965100863483,0.002613965100863483,0.002613965100863483
2025-06-01,0.004607966499575484,0.004607966499575484,0.004607966499575484,0.004607966499575484
2025-06-02,0.0009843995307846599,0.0009843995307846599,0.0009843995307846599,0.0009843995307846599
2025-06-03,-0.0022731669378078514,-0.0022731669378078514,-0.0022731669378078514,-0.0022731669378078514
2025-06-04,-0.0031513969716776905,-0.0031513969716776905,-0.0031513969716776905,-0.0031513969716776905
2025-06-05,-0.014841131658075874,-0.014841131658075874,-0.014841131658075874,-0.014841131658075874
2025-06-06,0.013319258771056827,0.013319258771056827,0.013319258771056827,0.013319258771056827
2025-06-07,0.007077787941270804,0.007077787941270804,0.007077787941270804,0.007077787941270804
2025-06-08,0.0008356293830221045,0.0008356293830221045,0.0008356293830221045,0.0008356293830221045
2025-06-09,0.024048464687451504,0.024048464687451504,0.024048464687451504,0.024048464687451504
2025-06-10,-0.0001003361235544888,-0.0001003361235544888,-0.0001003361235544888,-0.0001003361235544888
2025-06-11,-0.0077045028610717775,-0.0077045028610717775,-0.0077045028610717775,-0.0077045028610717775
2025-06-12,-0.014194282998390066,-0.014194282998390066,-0.014194282998390066,-0.014194282998390066
2025-06-13,0.001994237310371553,0.001994237310371553,0.001994237310371553,0.001994237310371553
2025-06-14,-0.003093230954294094,-0.003093230954294094,-0.003093230954294094,-0.003093230954294094
2025-06-15,0.0007787195418417424,0.0007787195418417424,0.0007787195418417424,0.0007787195418417424
2025-06-16,0.005530293046758905,0.005530293046758905,0.005530293046758905,0.005530293046758905
2025-06-17,-0.010803471647066791,-0.010803471647066791,-0.010803471647066791,-0.010803471647066791
2025-06-18,0.00153969801789901,0.00153969801789901,0.00153969801789901,0.00153969801789901
2025-06-19,-0.00110214507268467,-0.00110214507268467,-0.00110214507268467,-0.00110214507268467
2025-06-20,-0.006885594243672046,-0.006885594243672046,-0.006885594243672046,-0.006885594243672046
2025-06-21,-0.0061418140284487215,-0.0061418140284487215,-0.0061418140284487215,-0.0061418140284487215
2025-06-22,-0.006878140261519301,-0.006878140261519301,-0.006878140261519301,-0.006878140261519301
2025-06-23,0.025386313267369356,0.025386313267369356,0.025386313267369356,0.025386313267369356
2025-06-24,-0.00023367066934569723,0.0041422266803242454,0.0041422266803242454,0.0041422266803242454
2025-06-25,0.0,-0.00023556027108608704,0.006009114396450927,0.006009114396450927
2025-06-26,0.0,0.0,-0.00177577432133377,-0.00177577432133377
2025-06-27,0.0,0.0,-0.00020517703872506354,0.0004313841756264996
2025-06-28,0.0,0.0,0.000869716322549702,0.0010744076306129944
2025-06-29,0.0,0.0,-0.00020971406249700145,-0.00020971406249700145
2025-06-30,0.0,0.0,0.0,0.0
2025-07-01,0.0,0.0,0.0,0.0
2025-07-02,0.0,0.0,0.0,0.0
2025-07-03,0.0,0.0,0.0,0.0
2025-07-04,0.0,0.0,0.0,0.0
2025-07-05,0.0,0.0,0.0,0.0
2025-07-06,0.0,0.0,0.0,0.0
2025-07-07,0.0,0.0,0.0,0.0
2025-07-08,0.0,0.0,0.0,0.0
2025-07-09,0.0,0.01296026700767233,0.0,0.0
2025-07-10,0.026224664779167073,0.026471292771658543,0.0,0.0
2025-07-11,0.007785114836789467,0.007785114836789467,0.0,0.0
2025-07-12,-0.0007254990405598732,-0.0007254990405598732,0.0,0.0
2025-07-13,0.007821476142392444,0.007821476142392444,0.0,0.0
2025-07-14,0.0035798322758529805,0.0035798322758529805,0.0,0.0
2025-07-15,-0.01003439900848475,-0.01003439900848475,0.0,0.0
2025-07-16,0.003957824111430978,0.003957824111430978,0.0,0.0
2025-07-17,0.0026781568593468447,0.0026781568593468447,0.0,0.0
2025-07-18,-0.006376797261142187,-0.006376797261142187,0.0,0.0
2025-07-19,-0.0005776717260913143,-0.0005776717260913143,0.0,0.0
2025-07-20,-0.0031360530002813927,-0.0031360530002813927,0.0,0.0
2025-07-21,0.00039581749192273456,0.00039581749192273456,0.0,0.0
2025-07-22,0.013471614761285992,0.013471614761285992,0.0,0.0
2025-07-23,-0.007591755976325824,-0.007591755976325824,0.0,0.0
2025-07-24,-0.0025610649309671806,-0.0025610649309671806,0.0,-0.0028183676086304464
2025-07-25,-0.00414178944315889,-0.00414178944315889,-0.004400046121209303,-0.00414178944315889
2025-07-26,0.001508117736535331,0.001508117736535331,0.001508117736535331,0.001508117736535331
2025-07-27,0.008268829374252674,0.008268829374252674,0.008268829374252674,0.008268829374252674
2025-07-28,-0.007724127895658602,-0.007724127895658602,-0.007724127895658602,-0.007724127895658602
2025-07-29,-0.0009877713558844711,-0.0009877713558844711,-0.0009877713558844711,-0.0009877713558844711
2025-07-30,-0.0008859910909694222,-0.0008859910909694222,-0.0008859910909694222,-0.0008859910909694222
2025-07-31,-0.01187416034949999,-0.01187416034949999,-0.01187416034949999,-0.01187416034949999
2025-08-01,-0.015178973282324964,-0.015178973282324964,-0.015178973282324964,-0.015178973282324964
2025-08-02,-0.004528258591049496,-0.004528258591049496,-0.004528258591049496,-0.004528258591049496
2025-08-03,0.009605450783116922,0.009605450783116922,0.009605450783116922,0.009605450783116922
2025-08-04,0.004846821443092351,0.004846821443092351,0.004846821443092351,0.004846821443092351
2025-08-05,-0.005451159414366677,-0.005451159414366677,-0.005451159414366677,-0.005451159414366677
2025-08-06,0.0048940003528074915,0.0048940003528074915,0.0048940003528074915,0.0048940003528074915
2025-08-07,0.014006461884658553,0.014006461884658553,0.014006461884658553,0.014006461884658553
2025-08-08,-0.00466670415905126,-0.00466670415905126,-0.00466670415905126,-0.00466670415905126
2025-08-09,-0.0016371652383838453,-0.0016371652383838453,-0.0016371652383838453,-0.0016371652383838453
2025-08-10,0.01945758082582283,0.01945758082582283,0.01945758082582283,0.01945758082582283
2025-08-11,-0.004406621851740568,-0.004406621851740568,-0.004406621851740568,-0.004406621851740568
2025-08-12,0.009080284577341382,0.009080284577341382,0.009080284577341382,0.009080284577341382
2025-08-13,0.0205469044061452,0.0205469044061452,0.0205469044061452,0.0205469044061452
2025-08-14,-0.03262992309246408,-0.03262992309246408,-0.03262992309246408,-0.03262992309246408
2025-08-15,-0.006034788028903025,-0.006034788028903025,-0.006034788028903025,-0.006034788028903025
2025-08-16,5.843339860619039e-05,5.843339860619039e-05,5.843339860619039e-05,5.843339860619039e-05
2025-08-17,3.4648069871466466e-05,3.4648069871466466e-05,3.4648069871466466e-05,3.4648069871466466e-05
2025-08-18,-0.006180890113066508,-0.006180890113066508,-0.006180890113066508,-0.006180890113066508
2025-08-19,-0.017931617714890137,-0.017931617714890137,-0.017931617714890137,-0.017931617714890137
2025-08-20,0.007501093728288291,0.007501093728288291,0.007501093728288291,0.007501093728288291
2025-08-21,-0.009365272760489771,-0.009365272760489771,-0.009365272760489771,-0.009365272760489771
2025-08-22,0.02337334298568049,0.02337334298568049,0.02337334298568049,0.02337334298568049
2025-08-23,-0.007819784612630491,-0.007819784612630491,-0.007819784612630491,-0.007819784612630491
2025-08-24,-0.008999182428761732,-0.008999182428761732,-0.008999182428761732,-0.008999182428761732
2025-08-25,-0.01571376166347512,-0.01571376166347512,-0.01571376166347512,-0.01571376166347512
2025-08-26,0.0076902793237852455,0.0076902793237852455,0.0076902793237852455,0.0076902793237852455
2025-08-27,-0.0023703329859249655,-0.0023703329859249655,-0.0023703329859249655,-0.0023703329859249655
2025-08-28,0.005703355993592926,0.005703355993592926,0.005703355993592926,0.005703355993592926
2025-08-29,-0.018335940374105804,-0.018335940374105804,-0.018335940374105804,-0.018335940374105804
2025-08-30,0.001827126179755602,0.001827126179755602,0.001827126179755602,0.001827126179755602
2025-08-31,-0.002461732999975002,-0.002461732999975002,-0.002461732999975002,-0.002461732999975002
2025-09-01,0.004187427927303801,0.004187427927303801,0.004187427927303801,0.004187427927303801
2025-09-02,0.008658738400919803,0.008658738400919803,0.008658738400919803,0.008658738400919803
2025-09-03,0.0019878722384569034,0.0019878722384569034,0.0019878722384569034,0.0019878722384569034
2025-09-04,-0.004196251155466199,-0.004196251155466199,-0.004196251155466199,-0.004196251155466199
2025-09-05,-0.0003945958485074212,-0.0003945958485074212,-0.0003945958485074212,-0.0003945958485074212
2025-09-06,-0.0021540492731502684,-0.0021540492731502684,-0.0021540492731502684,-0.0021540492731502684
2025-09-07,0.0040638151478257015,0.0040638151478257015,0.0040638151478257015,0.0040638151478257015
2025-09-08,0.003957486282638038,0.003957486282638038,0.003957486282638038,0.003957486282638038
2025-09-09,-0.0024038540918509396,-0.0024038540918509396,-0.0024038540918509396,-0.0024038540918509396
2025-09-10,0.010540871532014105,0.010540871532014105,0.010540871532014105,0.010540871532014105
2025-09-11,0.006656297521116197,0.006656297521116197,0.006656297521116197,0.006656297521116197
2025-09-12,0.0023427266507234927,0.0023427266507234927,0.0023427266507234927,0.0023427266507234927
2025-09-13,-0.0005902362292460893,-0.0005902362292460893,-0.0005902362292460893,-0.0005902362292460893
2025-09-14,-0.003210337063922878,-0.003210337063922878,-0.003210337063922878,-0.003210337063922878
2025-09-15,0.00031014307812010893,0.00031014307812010893,0.00031014307812010893,0.00031014307812010893
2025-09-16,0.0068580384759180345,0.0068580384759180345,0.0068580384759180345,0.0068580384759180345
2025-09-17,-0.0017655873972670256,-0.0017655873972670256,-0.0017655873972670256,-0.0017655873972670256
2025-09-18,0.002978102807847962,0.002978102807847962,0.002978102807847962,0.002978102807847962
2025-09-19,-0.00736064727012753,-0.00736064727012753,-0.00736064727012753,-0.00736064727012753
2025-09-20,0.0002680277063035104,0.0002680277063035104,0.0002680277063035104,0.0002680277063035104
2025-09-21,-0.002636513182991964,-0.002636513182991964,-0.002636513182991964,-0.002636513182991964
2025-09-22,-0.015620905992782685,-0.015620905992782685,-0.015620905992782685,-0.015620905992782685
2025-09-23,-0.004336243889729679,-0.004336243889729679,-0.004336243889729679,-0.004336243889729679
2025-09-24,0.008603305176608908,0.008603305176608908,0.008603305176608908,0.008603305176608908
2025-09-25,-0.02926901355159181,-0.02926901355159181,-0.02926901355159181,-0.02926901355159181
2025-09-26,0.004415354281712465,0.004415354281712465,0.004415354281712465,0.004415354281712465
2025-09-27,-0.00018052238415432572,-0.00018052238415432572,-0.00018052238415432572,-0.00018052238415432572
2025-09-28,0.017417732498022323,0.017417732498022323,0.017417732498022323,0.017417732498022323
2025-09-29,0.014423907419441644,0.014423907419441644,0.014423907419441644,0.014423907419441644
2025-09-30,-0.0017776377242881896,-0.0017776377242881896,-0.0017776377242881896,-0.0017776377242881896
2025-10-01,0.02779448890716413,0.02779448890716413,0.02779448890716413,0.02779448890716413
2025-10-02,0.011491688758950264,0.011491688758950264,0.011491688758950264,0.011491688758950264
2025-10-03,0.00856051375951589,0.00856051375951589,0.00856051375951589,0.00856051375951589
2025-10-04,0.0006371079159383457,0.0006371079159383457,0.0006371079159383457,0.0006371079159383457
2025-10-05,0.005264266046290302,0.005264266046290302,0.005264266046290302,0.005264266046290302
2025-10-06,0.005865970104443873,0.005865970104443873,0.005865970104443873,0.005865970104443873
2025-10-07,-0.016701826310523107,-0.016701826310523107,-0.016701826310523107,-0.016701826310523107
2025-10-08,0.009804916936464408,0.009804916936464408,0.009804916936464408,0.009804916936464408
2025-10-09,-0.007819581887617054,-0.007819581887617054,-0.007819581887617054,-0.007819581887617054
2025-10-10,-0.04260271018953578,-0.04260271018953578,-0.04260271018953578,-0.04260271018953578
2025-10-11,-0.011074422905656299,-0.011074422905656299,-0.011074422905656299,-0.011074422905656299
2025-10-12,0.016830543196855022,0.016830543196855022,0.016830543196855022,0.016830543196855022
2025-10-13,0.0008201492111992321,0.0008201492111992321,0.0008201492111992321,0.0008201492111992321
2025-10-14,-0.0074069081965875486,-0.0074069081965875486,-0.0074069081965875486,-0.0074069081965875486
2025-10-15,-0.008120247738037288,-0.008120247738037288,-0.008120247738037288,-0.008120247738037288
2025-10-16,-0.009242213610578257,-0.009242213610578257,-0.009242213610578257,-0.009242213610578257
2025-10-17,-0.006385554098451205,-0.006385554098451205,-0.006385554098451205,-0.006385554098451205
2025-10-18,0.0027598629957984342,0.0027598629957984342,0.0027598629957984342,0.0027598629957984342
2025-10-19,0.005310201847726485,0.005310201847726485,0.005310201847726485,0.005310201847726485
2025-10-20,0.00672593573958204,0.00672593573958204,0.00672593573958204,0.00672593573958204
2025-10-21,-0.007681581481114007,-0.007681581481114007,-0.007681581481114007,-0.007681581481114007
2025-10-22,-0.0025848300206551982,-0.0025848300206551982,-0.0025848300206551982,-0.0025848300206551982
2025-10-23,0.00877582746076998,0.00877582746076998,0.00877582746076998,0.00877582746076998
2025-10-24,0.003235100654024035,0.003235100654024035,0.003235100654024035,0.003235100654024035
2025-10-25,0.0021624764450258395,0.0021624764450258395,0.0021624764450258395,0.0021624764450258395
2025-10-26,0.01021497160040207,0.01021497160040207,0.01021497160040207,0.01021497160040207
2025-10-27,-0.0015962319650773488,-0.0015962319650773488,-0.0015962319650773488,-0.0015962319650773488
2025-10-28,-0.00428765634903056,-0.00428765634903056,-0.00428765634903056,-0.00428765634903056
2025-10-29,-0.010019419007119038,-0.010019419007119038,-0.010019419007119038,-0.010019419007119038
2025-10-30,-0.006202252888405837,-0.006202252888405837,-0.006202252888405837,-0.006202252888405837
2025-10-31,0.004813413876377616,0.004813413876377616,0.004813413876377616,0.004813413876377616
2025-11-01,0.0017246503821366965,0.0017246503821366965,0.0017246503821366965,0.0017246503821366965
2025-11-02,0.0015952967796390052,0.0015952967796390052,0.0015952967796390052,0.0015952967796390052
2025-11-03,-0.014879422254791849,-0.014879422254791849,-0.014879422254791849,-0.014879422254791849
2025-11-04,-0.019958468693585658,-0.019958468693585658,-0.019958468693585658,-0.019958468693585658
2025-11-05,0.00944370889071,0.00944370889071,0.00944370889071,0.00944370889071
2025-11-06,-0.009475881510955898,-0.009475881510955898,-0.009475881510955898,-0.009475881510955898
2025-11-07,0.007452241003340977,0.007452241003340977,0.007452241003340977,0.007452241003340977
2025-11-08,-0.0038431920198524427,-0.0038431920198524427,-0.0038431920198524427,-0.0038431920198524427
2025-11-09,0.010212661622168072,0.010212661622168072,0.010212661622168072,0.010212661622168072
2025-11-10,0.005376970808384772,0.005376970808384772,0.005376970808384772,0.005376970808384772
2025-11-11,-0.012993278648118533,-0.012993278648118533,-0.012993278648118533,-0.012993278648118533
2025-11-12,-0.0062840936370033105,-0.0062840936370033105,-0.0062840936370033105,-0.0062840936370033105
2025-11-13,-0.008750264690812255,-0.008750264690812255,-0.008750264690812255,-0.008750264690812255
2025-11-14,-0.00018048829350546228,-0.00018048829350546228,-0.00018048829350546228,-0.00018048829350546228
2025-11-15,0.0,0.0,0.0,0.0
2025-11-16,0.0,0.0,0.0,0.0
2025-11-17,-0.009361758026042794,-0.009361758026042794,-0.009361758026042794,-0.009361758026042794
2025-11-18,0.003310288432893355,0.003310288432893355,0.003310288432893355,0.003310288432893355
2025-11-19,-0.006514416469920624,-0.006514416469920624,-0.006514416469920624,-0.006514416469920624
2025-11-20,-0.022913556178949943,-0.022913556178949943,-0.022913556178949943,-0.022913556178949943
2025-11-21,-0.00017016311321859973,-0.007428133677934227,-0.007428133677934227,-0.007428133677934227
2025-11-22,0.0,-0.0019788896758412508,-0.0019788896758412508,-0.0019788896758412508
2025-11-23,0.0,0.010168844388580097,0.010168844388580097,0.010168844388580097
2025-11-24,0.0,0.00677983012174047,0.00677983012174047,0.00677983012174047
2025-11-25,0.0,-0.004276334721998303,-0.004276334721998303,-0.004276334721998303
2025-11-26,0.0,0.014290206982630246,0.014290206982630246,0.014290206982630246
2025-11-27,0.0,0.0037774457721839383,0.0037774457721839383,0.0037774457721839383
2025-11-28,0.0,-0.0018860372525308748,-0.0018860372525308748,-0.0018860372525308748
2025-11-29,0.0,-0.00035546720436957973,-0.00015238933177502692,-0.00035546720436957973
2025-11-30,0.0,-0.0019287150527708833,0.0,-0.0019287150527708833
2025-12-01,0.0,-0.017380090102593358,0.0,-0.017380090102593358
2025-12-02,0.0,0.022364752647910904,0.0,0.022364752647910904
2025-12-03,0.0,0.008801067745841272,0.00865301005137662,0.008801067745841272
2025-12-04,0.0,-0.00015114095161947448,-0.00015114095161947448,-0.005135041665184366
2025-12-05,0.0,0.0,0.0,-0.010600192683420757
2025-12-06,0.0,0.0,0.0,-0.00038050441172391146
2025-12-07,0.0,0.0,0.0,-0.00014289526966504212
2025-12-08,0.0,0.0,0.0,0.0
2025-12-09,0.0,0.0,0.0,0.0
2025-12-10,0.0,0.0,0.0,0.0
2025-12-11,0.0,0.0,0.0,0.0
2025-12-12,0.0,0.0,0.0,0.0
2025-12-13,0.0,0.0,0.0,-0.00034561369457056164
2025-12-14,0.0,0.0,0.0,-0.008990108224480601
2025-12-15,0.0,0.0,0.0,-0.00015520831953046315
2025-12-16,0.0,0.0,0.0,0.0
2025-12-17,0.0,0.0,0.0,0.0
2025-12-18,0.0,0.0,0.0,0.0
2025-12-19,0.0,0.0,0.0,0.0
2025-12-20,0.0,0.0,0.0,0.0
2025-12-21,0.0,0.0011448039048202467,0.0,0.0
2025-12-22,0.0,-0.0001648949918657393,0.0,0.0
2025-12-23,0.0,0.0,0.0,0.0
2025-12-24,0.0,0.0,0.0,0.0
2025-12-25,0.0,0.0,0.0,0.0
2025-12-26,0.0,0.0,0.0,0.0
2025-12-27,0.0,0.0,0.0,0.0
2025-12-28,0.0,0.0,0.0,0.0
2025-12-29,0.0,0.0,0.0,0.0
2025-12-30,0.0,0.0,0.0,0.0
2025-12-31,-0.004987518992409769,0.0,0.0,0.0
2026-01-01,-0.0001983535146812799,0.0,0.0,0.0
2026-01-02,0.0,0.0,0.0,0.0
2026-01-03,0.0,0.0,0.0,0.0
2026-01-04,0.0,0.0,0.0,0.0
2026-01-05,0.0,0.0,0.0,0.0
2026-01-06,-0.0011366017497812292,0.0,-0.0011366017497812292,0.0
2026-01-07,-0.016544726488715467,0.0,-0.016544726488715467,0.0
2026-01-08,-0.00025834375192870915,0.0,-0.00025834375192870915,0.0
2026-01-09,0.0,0.0,0.0,0.0
2026-01-10,0.0,0.0,0.0,0.0
2026-01-11,0.0,0.0,0.0,0.0
2026-01-12,0.0,0.0,0.0,0.0
2026-01-13,0.0,0.0,0.0,0.0
2026-01-14,0.0,0.0,0.0,0.0
2026-01-15,0.0,0.0,0.0,0.0
2026-01-16,0.0,0.0,0.0,0.0
2026-01-17,0.0,0.0,0.0,0.0
2026-01-18,0.0,0.0,0.0,0.0
2026-01-19,0.0,0.0,0.0,0.0
2026-01-20,0.0,0.0,0.0,0.0
2026-01-21,0.0,0.0,0.0,0.0
2026-01-22,0.0,0.0,0.0,0.0
2026-01-23,0.0,0.0,0.0,0.0
2026-01-24,0.0,0.0,0.0,0.0
2026-01-25,0.0,0.0,0.0,0.0
2026-01-26,0.0,0.0,0.0,0.0
2026-01-27,0.0,0.0,0.0,0.0
2026-01-28,0.0,0.0,0.0,0.0
2026-01-29,0.0,0.0,0.0,0.0
2026-01-30,0.0,0.0,0.0,0.0
2026-01-31,0.0,0.0,0.0,0.0
2026-02-01,0.0,0.0,0.0,0.0
2026-02-02,0.0,0.0,0.0,0.0
2026-02-03,0.0,0.0,0.0,0.0
2026-02-04,0.0,0.0,0.0,0.0
2026-02-05,0.0,0.0,0.0,0.0
2026-02-06,0.0,0.0,0.0,0.0
2026-02-07,0.0,0.0,0.0,0.0
2026-02-08,0.0,0.0,0.0,0.0
2026-02-09,0.0,0.0,0.0,0.0
2026-02-10,0.0,0.0,0.0,0.0
2026-02-11,0.0,0.0,0.0,0.0
2026-02-12,0.0,0.0,0.0,0.0
2026-02-13,0.0,0.0,0.0,0.0
2026-02-14,0.0,0.0,0.0,0.0
2026-02-15,0.0,0.0,0.0,0.0
2026-02-16,0.0,0.0,0.0,0.0
2026-02-17,-0.004413939656521378,0.0,0.0,0.0
2026-02-18,-0.0033429362824751495,-0.0034281476762257936,0.0,0.0
2026-02-19,0.001799764236126336,0.001799764236126336,0.0,0.0
2026-02-20,0.003239948994345384,0.003239948994345384,0.0,0.0
2026-02-21,-0.00016918035764018274,-0.00016918035764018274,0.0,0.0
2026-02-22,-0.001025193477877339,-0.001025193477877339,0.0,0.0
2026-02-23,-0.009504252547800737,-0.009504252547800737,0.0,0.0
2026-02-24,-0.001996431668694008,-0.001996431668694008,0.0,0.0
2026-02-25,0.013164142719595236,0.013164142719595236,0.0,0.0
2026-02-26,-0.0016050225261946686,-0.0016050225261946686,0.0,0.0
2026-02-27,-0.004902214668961889,-0.004902214668961889,0.0,0.0
2026-02-28,0.0035128548689318424,0.0035128548689318424,0.0034305508954460794,0.0
2026-03-01,-0.0037227606206445794,-0.0037227606206445794,-0.0037227606206445794,0.0
2026-03-02,0.009998808406560287,0.009998808406560287,0.009998808406560287,0.0
2026-03-03,-0.0015935527399356206,-0.0015935527399356206,-0.0015935527399356206,-0.0016796806229539666
2026-03-04,0.013466632355647398,0.013466632355647398,0.013466632355647398,0.013466632355647398
2026-03-05,-0.00528714761880564,-0.00528714761880564,-0.00528714761880564,-0.00528714761880564
2026-03-06,-0.008123855829120653,-0.008123855829120653,-0.008123855829120653,-0.008123855829120653
2026-03-07,-0.0033107715833982226,-0.0033107715833982226,-0.0033107715833982226,-0.0033107715833982226
2026-03-08,-0.006502607943818585,-0.006502607943818585,-0.006502607943818585,-0.006502607943818585
2026-03-09,0.012665153941251492,0.012665153941251492,0.012665153941251492,0.012665153941251492
2026-03-10,0.0074437385496384095,0.0074437385496384095,0.0074437385496384095,0.0074437385496384095
2026-03-11,0.0012236780166751434,0.0012236780166751434,0.0012236780166751434,0.0012236780166751434
2026-03-12,0.0015952278199768029,0.0015952278199768029,0.0015952278199768029,0.0015952278199768029
2026-03-13,0.0019427182929881524,-0.00012995108469260276,0.0019427182929881524,0.0019427182929881524
2026-03-14,0.0013363416336403119,0.0,0.0013363416336403119,0.0013363416336403119
2026-03-15,0.007759593984607713,0.0,0.007759593984607713,0.007759593984607713
2026-03-16,0.009759550017541028,0.0,0.009759550017541028,0.009759550017541028
2026-03-17,-0.00013799478842978092,0.0,-0.004457027746645109,-0.004457027746645109
2026-03-18,0.0,0.0,-0.012175757077881343,-0.012175757077881343
2026-03-19,0.0,0.0,-0.006276175524037635,-0.006276175524037635
2026-03-20,0.0,0.0,0.0027579377461310083,-0.00013606556640579558
2026-03-21,0.0,0.0,-0.007383291058780178,0.0
2026-03-22,0.0,0.0,-0.0049722506380115595,0.0
2026-03-23,0.0,0.0,0.014503755486263648,0.0
2026-03-24,0.0,0.0,-0.0015906162517117647,0.0
2026-03-25,0.0,0.0,0.003532683296901101,0.0034038283431106625
2026-03-26,0.0,0.0,-0.011453876196206315,-0.00012981453699286935
2026-03-27,0.0,0.0,-0.012451511605057003,0.0
2026-03-28,0.0,0.0,-0.00010202215276298234,0.0
2026-03-29,0.0,0.0,-0.0001368672948552592,0.0
2026-03-30,0.0,0.0,0.0,0.0
2026-03-31,0.0,0.0,0.0,0.0
2026-04-01,0.0,0.0,0.0,0.0
2026-04-02,0.0,0.0,0.0,0.0
2026-04-03,0.0,0.0002153786056104859,0.0,0.0
2026-04-04,0.0,0.0020476106840645824,0.0,0.0
2026-04-05,0.0,0.011088295800565416,0.0,0.0
2026-04-06,0.0,-0.0011951907658501485,0.0,0.0
2026-04-07,0.0,0.019260641276431557,0.0,0.0
2026-04-08,0.0,-0.00017300157363528228,0.0,0.0
2026-04-09,0.0,0.0,0.0,0.0
2026-04-10,0.0,0.0,0.0,0.0
2026-04-11,0.0,0.0,0.0,0.0
2026-04-12,0.0,0.0,0.0,0.0
2026-04-13,0.0,0.0,0.0,0.0
2026-04-14,0.0,0.0,0.0,0.0
2026-04-15,0.0,0.0,0.0,0.0
2026-04-16,0.0,0.0,0.0,0.0
2026-04-17,0.0,0.0,0.0,0.0
2026-04-18,0.0,0.0,0.0,0.0
2026-04-19,0.0,0.0,0.0,0.0
2026-04-20,0.0,0.011185838384768327,0.0,0.011185838384768327
2026-04-21,0.0,0.0027208979121962316,0.0,0.0027208979121962316
2026-04-22,0.0,0.010209190428052664,0.0,0.010209190428052664
2026-04-23,0.0,0.0004917307880142809,0.0,-0.000168408641497413
2026-04-24,0.0,-0.0001687037541789114,0.0,0.0
2026-04-25,0.0,0.0,0.0,0.0
2026-04-26,0.0,0.0,0.0,0.0
2026-04-27,0.0,0.0,0.0,0.0
2026-04-28,0.0,0.0,0.0,0.0
2026-04-29,0.0,0.0,0.0,0.0
2026-04-30,0.0,0.0,0.0,0.0
2026-05-01,0.0,0.0,0.0,0.0
2026-05-02,0.0,0.0,0.0,0.0
2026-05-03,0.0,0.0,0.0,0.0
2026-05-04,0.0,0.0,0.0,0.0
2026-05-05,0.0,0.0,0.0,0.0
2026-05-06,0.0,0.0,0.0,0.0
2026-05-07,0.0,0.0,0.0,0.0
2026-05-08,0.0,0.0,0.0,0.0
2026-05-09,0.0,0.0,0.0,0.0
2026-05-10,0.0,0.0,0.0,0.0
2026-05-11,-0.0032347304986831095,0.0,0.0,0.0
2026-05-12,-0.008316091154600358,0.0,-0.008519744201011719,0.0
2026-05-13,-0.009476103903280972,0.0,-0.009476103903280972,0.0
2026-05-14,0.013818230744893554,0.0,0.013818230744893554,0.0
2026-05-15,-0.014898199333858405,0.0,-0.00025027211074223657,0.0
2026-05-16,-0.007341301349932196,0.0,0.0,0.0
2026-05-17,-0.0051039260418546855,0.0,0.0,0.0
2026-05-18,-0.003670526627851979,-0.003905632082845336,0.0,0.0
2026-05-19,-0.0014388272393558602,-0.0014388272393558602,0.0,0.0
2026-05-20,0.0060100843648664085,-0.0002506041475272052,0.0,0.0
2026-05-21,0.0005713615111144814,0.0,0.0,0.0
2026-05-22,-0.018803910179530318,-0.019070445735026184,0.0,0.0
2026-05-23,0.01109901038627814,0.01109901038627814,0.0,0.0
2026-05-24,0.0025550765992097715,0.0025550765992097715,0.0,0.0
2026-05-25,0.0020218628459705945,0.0020218628459705945,0.0017704109679601687,0.0
2026-05-26,-0.011779552326270676,-0.00025788620237008394,-0.011779552326270676,0.0
2026-05-27,-0.013339436600124686,-0.013601377753386414,-0.013339436600124686,-0.013601377753386414
2026-05-28,-0.0075177871295815865,-0.0075177871295815865,-0.0075177871295815865,-0.0075177871295815865
2026-05-29,-0.0015727810971124575,-0.0015727810971124575,-0.0015727810971124575,-0.0015727810971124575
2026-05-30,0.003639829247690113,0.003639829247690113,0.003639829247690113,0.003639829247690113
2026-05-31,-0.002013276855960219,-0.002013276855960219,-0.002013276855960219,-0.002013276855960219
2026-06-01,-0.021142777101740846,-0.021142777101740846,-0.021142777101740846,-0.021142777101740846
2026-06-02,-0.04483064868739176,-0.04483064868739176,-0.04483064868739176,-0.04483064868739176
2026-06-03,-0.02593651912910929,-0.02593651912910929,-0.02593651912910929,-0.02593651912910929
2026-06-04,-0.0022021070854891475,-0.0022021070854891475,-0.0022021070854891475,-0.0022021070854891475
2026-06-05,-0.00020659800509191067,-0.00020659800509191067,-0.02189303178860865,-0.02189303178860865
2026-06-06,-0.0016020952081449032,0.0,-0.0014046424793874158,-0.0014046424793874158
2026-06-07,-0.0001982256388868276,0.0,0.018791134649278177,0.018791134649278177
2026-06-08,0.0,0.0,-0.0018285642346147868,-0.0018285642346147868
2026-06-09,0.0,0.0,-0.009480941226448054,-0.0001887084331259233
2026-06-10,0.0,0.0,-0.00017504202873579264,0.0
2026-06-11,0.0,0.0,0.0,0.0
2026-06-12,0.0,0.0,0.0,0.0
2026-06-13,0.0,0.0,0.0,0.0
2026-06-14,0.0,0.0,0.0,0.0
2026-06-15,0.0,0.0,0.0,0.0
2026-06-16,0.0,0.0,0.0,0.0
2026-06-17,0.0,0.0,0.0,0.0
2026-06-18,0.0,0.0,0.0,0.0
2026-06-19,0.0,0.0,0.0,0.0
2026-06-20,0.0,0.0,0.0,0.0
2026-06-21,0.0,0.0,0.0,0.0
2026-06-22,0.0,0.0,0.0,0.0
2026-06-23,0.0,0.0,0.0,0.0
2026-06-24,0.0,0.0,0.0,0.0
2026-06-25,0.0,0.0,0.0,0.0
2026-06-26,0.0,0.0,0.0,0.0
2026-06-27,-0.0006842202412081946,0.0,0.0,0.0
2026-06-28,-0.0001585331492133897,0.0,0.0,0.0
2026-06-29,0.004255796332108429,0.004255796332108429,0.0,0.0
2026-06-30,-0.010738192665350699,-0.010738192665350699,0.0,0.0
2026-07-01,0.009466526982933262,0.009466526982933262,0.0,0.0
2026-07-02,0.011559841766005758,0.011559841766005758,0.0,0.0
2026-07-03,0.00775652671361195,0.00775652671361195,0.0,0.0
2026-07-04,0.003947242458816969,0.003947242458816969,0.0,0.0
2026-07-05,0.0038738016920344055,0.0038738016920344055,0.0,0.0
2026-07-06,0.0031156334965725015,0.0031156334965725015,0.0,0.0
2026-07-07,-0.005727551505545809,-0.005727551505545809,0.0,0.0
2026-07-08,-0.009050322521209438,-0.00021248648492506742,0.0,0.0
2026-07-09,-0.0002122737992699824,0.0,0.0,0.0
