enter_term_sys1,enter_term_sys2,leave_term_sys1,leave_term_sys2,win_rate,profit_loss_ratio,expectancy,mdd,final_whole_asset,positive_rate,median_asset,mean_asset,s1_return_median,s1_return_mean,s2_return_median,s2_return_mean,s1_max_consec_win,s1_max_consec_loss,s2_max_consec_win,s2_max_consec_loss,overall_max_consec_win,overall_max_consec_loss,final_win_count,final_loss_count,min_equity,min_realized_pnl,final_equity
6,55,5,20,0.3111111111111111,3.307607667377739,52.33509858955648,-0.2271591158788672,2417.8587761500344,0.9365256124721604,3006.7841782400283,2770.457313736273,-0.028590779758799763,-0.00838338820546833,-0.025811042750071993,0.009706604092898684,3,9,1,4,4,10,14,31,9985.478109759999,0.0,12417.858776150042
7,55,5,20,0.3023255813953488,3.4903126124898853,52.89448933907053,-0.22448896914380584,2337.24238120003,0.9365256124721604,2814.8332262700296,2579.7602870140545,-0.023922123822189542,-0.008188091508904994,-0.025811042750071993,0.008983051244536596,3,8,1,4,4,9,13,30,9985.478109759999,0.0,12337.242381200038
7,55,6,20,0.2682926829268293,4.1501340867578564,62.59620372097636,-0.21089598441331162,2629.2236921800245,0.9365256124721604,3106.814537250024,2801.1212761921024,-0.033795383568841264,-0.008410151976629438,-0.025305794604595897,0.021668879449594888,2,10,1,3,3,11,11,30,9985.478109759999,0.0,12629.223692180032
8,55,5,20,0.3,3.5754730742040373,56.53863825775079,-0.23109894050453686,2290.7780431500287,0.9365256124721604,2801.9157150000283,2641.6161737899893,-0.02608164514658135,-0.0066225813478438195,-0.029495872997159188,-0.0011402162261512194,2,6,1,5,3,8,12,28,9985.478109759999,0.0,12290.778043150036
8,55,6,20,0.2631578947368421,4.4362937197934755,72.08374471026384,-0.20582094853245725,2768.4148118300254,0.9365256124721604,3277.6102813250154,2913.8929308289516,-0.033795383568841264,-0.006807034613892531,-0.025811042750071993,0.00901126801493528,1,8,1,4,2,9,10,28,9985.478109759999,0.0,12768.414811830029
8,55,7,20,0.3055555555555556,3.320995475412614,59.137737774167334,-0.2366228186679954,2158.191072710023,0.9365256124721604,2730.7017116700217,2661.532314953105,-0.03590918551180887,-0.004792856874379185,-0.029247777286750536,0.007289526243587894,3,8,1,4,4,9,11,25,9985.478109759999,0.0,12158.191072710035
9,55,5,20,0.3076923076923077,3.094606181731144,43.1111099615392,-0.24425706831125843,1672.0220179200264,0.9365256124721604,2330.3621631900255,2217.4038489385284,-0.029622824772401527,-0.009599253034813923,-0.029495872997159188,-0.0011402162261512194,2,6,1,5,3,8,12,27,9985.478109759999,0.0,11672.022017920033
9,55,6,20,0.2702702702702703,3.821995956721443,56.168146760270986,-0.2253609905404413,2068.9101595500238,0.9365256124721604,2669.833849820023,2503.0942440136723,-0.033776178949978086,-0.009644354934076841,-0.025811042750071993,0.00901126801493528,1,8,1,4,2,9,10,27,9985.478109759999,0.0,12068.910159550032
9,55,7,20,0.2857142857142857,3.3607433940356355,49.383729048286426,-0.2494542037247349,1719.119246110025,0.9365256124721604,2396.9932426600126,2424.689323241881,-0.034833079921461896,-0.007172722079013671,-0.029247777286750536,0.007289526243587894,3,8,1,4,4,9,10,25,9985.478109759999,0.0,11719.119246110029
9,55,8,20,0.28125,3.9222501561127063,82.04744441312576,-0.22838402356837456,2595.0277567100234,0.9365256124721604,2860.0414343500215,2597.462670018072,-0.051348913271159764,-0.01713507670160923,-0.029190956629576166,0.015463413012288214,2,8,1,4,3,9,9,23,9985.478109759999,0.0,12595.027756710027
10,55,5,20,0.3076923076923077,3.1498038744563455,45.483163281026364,-0.23817634587381126,1764.5320973800249,0.9365256124721604,2382.2500217950133,2257.8051506724473,-0.03047132396241455,-0.009581851652320299,-0.029495872997159188,-0.0011402162261512194,2,6,1,5,3,8,12,27,9985.478109759999,0.0,11764.532097380034
10,55,6,20,0.2702702702702703,3.898136321860742,59.252110842703416,-0.21880676434608076,2183.0168306000237,0.9365256124721604,2769.7866658700236,2561.066915027815,-0.033776178949978086,-0.009344463443103027,-0.025811042750071993,0.00901126801493528,1,8,1,4,2,9,10,27,9985.478109759999,0.0,12183.016830600034
10,55,7,20,0.2571428571428571,4.062655470125877,57.29495526142932,-0.2323278780548881,1996.0121635700284,0.9365256124721604,2623.213156645027,2541.1380754133193,-0.034833079921461896,-0.0063931271999447415,-0.029190956629576166,0.007295839649940596,1,8,1,4,2,9,9,26,9985.478109759999,0.0,11996.01216357003
10,55,8,20,0.28125,3.8547008842128414,77.73164669843831,-0.23804040854115474,2456.922229840025,0.9365256124721604,2730.2186224800225,2558.1741773898766,-0.051348913271159764,-0.01775165625602068,-0.029190956629576166,0.015463413012288214,2,8,1,4,3,9,9,23,9985.478109759999,0.0,12456.922229840031
10,55,9,20,0.26666666666666666,4.467323661403825,93.04893138800085,-0.23333406294249406,2760.9774771300226,0.9365256124721604,2995.261033930021,2802.564972158917,-0.033756974331114915,0.0045059245844492795,-0.029190956629576166,-0.006698044000432214,2,8,1,6,2,9,8,22,9985.478109759999,0.0,12760.977477130029
11,55,5,20,0.28205128205128205,3.2506282528684998,32.606995361539205,-0.25021333634299076,1241.1823545900284,0.9365256124721604,2170.4829356200025,2065.927146646771,-0.03047132396241455,-0.012257884848106025,-0.029495872997159188,-0.0011402162261512194,2,7,1,5,3,8,11,28,9985.478109759999,0.0,11241.182354590032
11,55,6,20,0.25,4.03864029631941,48.94066039805631,-0.22934965124121265,1731.3733098200241,0.9365256124721604,2434.752253760012,2424.5038064165797,-0.033795383568841264,-0.011744067281914058,-0.025811042750071993,0.00901126801493528,1,8,1,4,2,9,9,27,9985.478109759999,0.0,11731.37330982003
11,55,7,20,0.2647058823529412,3.857185040337309,54.83121865529483,-0.2407836762869572,1833.7709697700234,0.9365256124721604,2533.0664933600196,2646.9565472348086,-0.033756974331114915,-0.0057087882891722055,-0.029190956629576166,0.007295839649940596,1,8,1,4,2,9,9,25,9985.478109759999,0.0,11833.77096977003
11,55,8,20,0.2903225806451613,3.6441196911760483,75.279053845162,-0.24169938337394392,2333.6506692000203,0.9365256124721604,2689.5209293200087,2663.3493451986933,-0.04255294380113734,-0.0175727806697665,-0.029190956629576166,0.015463413012288214,2,8,1,4,3,9,9,22,9985.478109759999,0.0,12333.65066920003
11,55,9,20,0.26666666666666666,4.276569475899188,82.94054192066741,-0.23921898283827353,2488.2162576200203,0.9365256124721604,2757.1073105100195,2772.990230784106,-0.033756974331114915,0.002517075562444867,-0.029190956629576166,-0.006698044000432214,2,8,1,6,2,9,8,22,9985.478109759999,0.0,12488.216257620032
11,55,10,20,0.26666666666666666,4.331414266273402,85.920332036334,-0.23787829148350167,2577.6099610900196,0.9365256124721604,2816.83261287001,2856.1801139935155,-0.033756974331114915,0.005145841417601406,-0.029190956629576166,-0.008777522686102497,2,8,1,6,2,9,8,22,9985.478109759999,0.0,12577.609961090031
12,55,5,20,0.2894736842105263,3.1283908276710255,33.227849403684985,-0.24967244374840256,1262.6582773400278,0.9365256124721604,2170.4829356200025,2068.6381603689088,-0.030047074367408038,-0.012024894316489886,-0.029495872997159188,-0.0011402162261512194,2,6,1,5,3,8,11,27,9985.478109759999,0.0,11262.658277340031
12,55,6,20,0.2647058823529412,3.77052316176862,50.95124788529489,-0.22914964658213027,1732.3424281000234,0.9365256124721604,2418.839063110023,2406.485199538461,-0.030503533430810942,-0.0077428858854234894,-0.025811042750071993,0.004057113438666906,1,8,1,4,2,9,9,25,9985.478109759999,0.0,11732.342428100032
12,55,7,20,0.24242424242424243,4.129655525975185,46.99057793394019,-0.24750421383430848,1550.689071820023,0.9365256124721604,2353.832940340001,2402.4464872363455,-0.032114149146764734,-0.003728440691727722,-0.029190956629576166,0.0023416850736722233,1,8,1,4,2,9,8,25,9985.478109759999,0.0,11550.68907182003
12,55,8,20,0.26666666666666666,4.000766743818521,70.8736355470007,-0.24862743314630337,2126.2090664100215,0.9365256124721604,2536.8675979750205,2512.7474567060995,-0.033756974331114915,-0.013763476950103545,-0.029190956629576166,0.01050925843601984,2,8,1,4,3,9,8,22,9985.478109759999,0.0,12126.209066410029
12,55,9,20,0.23333333333333334,4.889267930780301,76.02582182766747,-0.24607777102555803,2280.7746548300206,0.9365256124721604,2640.176329600019,2622.388342291512,-0.033756974331114915,0.001767921659583864,-0.029190956629576166,-0.006698044000432214,2,8,1,6,2,9,7,23,9985.478109759999,0.0,12280.774654830027
12,55,10,20,0.23333333333333334,4.952118330639707,79.00561194333409,-0.24468723226257652,2370.168358300019,0.9365256124721604,2699.2258369600004,2705.5782255009212,-0.033756974331114915,0.004396687514740401,-0.029190956629576166,-0.008777522686102497,2,8,1,6,2,9,7,23,9985.478109759999,0.0,12370.168358300027
12,55,11,20,0.26666666666666666,3.909043159321577,67.52717938833405,-0.2509989982685102,2025.8153816500198,0.9365256124721604,2467.5590615350193,2470.3771286663,-0.04594935516129905,-0.004892337796237701,-0.029190956629576166,-0.0023520317765753887,2,8,1,4,3,9,8,22,9985.478109759999,0.0,12025.815381650029
13,55,5,20,0.3055555555555556,2.9229831707550606,34.1936987158341,-0.2517833327368081,1230.9731537700227,0.9365256124721604,2170.4829356200025,2012.2014961476154,-0.030047074367408038,-0.01346173760651845,-0.029495872997159188,-0.0011402162261512194,3,6,1,5,4,7,11,25,9985.478109759999,0.0,11230.973153770028
13,55,6,20,0.2727272727272727,3.575733633368126,47.94917058909169,-0.239006400723551,1582.3226294400201,0.9365256124721604,2353.832940340001,2314.300026999161,-0.04618229470575769,-0.010373721225189356,-0.025811042750071993,0.004057113438666906,2,8,1,4,3,9,9,24,9985.478109759999,0.0,11582.322629440025
13,55,7,20,0.25,3.9032127391532603,43.64751805562565,-0.257534839907522,1396.720577780019,0.9365256124721604,2339.2756792600003,2313.9193941506974,-0.03590918551180887,-0.007439085978403562,-0.029190956629576166,0.0023416850736722233,2,8,1,4,3,9,8,24,9985.478109759999,0.0,11396.720577780023
13,55,8,20,0.26666666666666666,3.9361995111974806,64.61760657333403,-0.2606429908289068,1938.5281972000175,0.9365256124721604,2409.7465135150087,2411.1247029549395,-0.051348913271159764,-0.017914683449187722,-0.029190956629576166,0.01050925843601984,2,8,1,4,3,9,8,22,9985.478109759999,0.0,11938.528197200023
13,55,9,20,0.23333333333333334,4.8200797771701245,69.93358965166749,-0.25769660543259937,2098.007689550019,0.9365256124721604,2475.334332640018,2522.860291974785,-0.051348913271159764,-0.002347440665939523,-0.029190956629576166,-0.006698044000432214,2,8,1,6,2,9,7,23,9985.478109759999,0.0,12098.007689550024
13,55,10,20,0.23333333333333334,4.885457332476997,72.9133797673341,-0.25624041084237126,2187.4013930200185,0.9365256124721604,2557.80206993501,2606.0501751841944,-0.051348913271159764,0.000281325189217014,-0.029190956629576166,-0.008777522686102497,2,8,1,6,2,9,7,23,9985.478109759999,0.0,12187.401393020024
13,55,11,20,0.26666666666666666,3.850271785075814,61.60236611100066,-0.26240690242994763,1848.070983330017,0.9365256124721604,2316.499128695008,2373.492849048147,-0.05368727149976201,-0.009021171935774943,-0.029190956629576166,-0.0023520317765753887,2,8,1,4,3,9,8,22,9985.478109759999,0.0,11848.070983330023
13,55,12,20,0.26666666666666666,3.6927573835745506,53.71075024600066,-0.27760177748385273,1611.3225073800177,0.9365256124721604,2189.8983107200092,2289.4114062144613,-0.05368727149976201,-0.011668944431016641,-0.029190956629576166,0.003313638159219673,2,8,1,4,2,9,8,22,9985.478109759999,0.0,11611.322507380022
14,55,5,20,0.3142857142857143,2.951826916948381,41.10932126942933,-0.2370329146987629,1438.8262444300208,0.9365256124721604,2200.9173150300117,2072.3128755384396,-0.029622824772401527,-0.013254044732816668,-0.029495872997159188,-0.0011402162261512194,3,6,1,5,4,7,11,24,9985.478109759999,0.0,11438.826244430025
14,55,6,20,0.28125,3.591512227851684,55.9429912531258,-0.22444449667687136,1790.1757201000191,0.9365256124721604,2438.03517664501,2374.411406389985,-0.04101567614035562,-0.010013706519803543,-0.025811042750071993,0.004057113438666906,2,8,1,4,3,9,9,23,9985.478109759999,0.0,11790.175720100024
14,55,7,20,0.25806451612903225,3.9361951397169213,52.34131294677488,-0.24282067089193213,1622.580701350018,0.9365256124721604,2369.6144653400015,2388.796455640152,-0.03319025473711171,-0.006591851499117619,-0.029190956629576166,0.0023416850736722233,2,8,1,4,3,9,8,23,9985.478109759999,0.0,11622.580701350023
14,55,8,20,0.27586206896551724,3.961550920502449,74.63408002655245,-0.24618315081229522,2164.3883207700173,0.9365256124721604,2565.725187335017,2486.0017644443947,-0.04091011861678716,-0.017506505395512396,-0.029190956629576166,0.01050925843601984,2,8,1,4,3,9,8,21,9985.478109759999,0.0,12164.388320770024
14,55,9,20,0.2413793103448276,4.861572926142717,80.13337286620774,-0.24333825915873442,2323.867813120018,0.9365256124721604,2656.888901210018,2597.737353464239,-0.04091011861678716,-0.0011609004731017835,-0.029190956629576166,-0.006698044000432214,2,8,1,6,2,9,7,22,9985.478109759999,0.0,12323.867813120025
14,55,10,20,0.2413793103448276,4.927687860999513,83.2159143651732,-0.24196320085718007,2413.2615165900174,0.9365256124721604,2699.2258369600004,2680.927236673648,-0.04091011861678716,0.00159930367481258,-0.029190956629576166,-0.008777522686102497,2,8,1,6,2,9,7,22,9985.478109759999,0.0,12413.261516590024
14,55,11,20,0.27586206896551724,3.8691389647541325,71.5148657551731,-0.24791085829055262,2073.931106900016,0.9365256124721604,2472.5826306700174,2448.3699105376018,-0.05302629390529961,-0.008168318306428973,-0.029190956629576166,-0.0023520317765753887,2,8,1,4,3,9,8,21,9985.478109759999,0.0,12073.93110690002
14,55,12,20,0.27586206896551724,3.7070476313495813,63.35112520517313,-0.26310573334445775,1837.1826309500157,0.9365256124721604,2311.0549525050073,2364.288467703916,-0.05302629390529961,-0.01094847942643275,-0.029190956629576166,0.003313638159219673,2,8,1,4,2,9,8,21,9985.478109759999,0.0,11837.182630950023
14,55,13,20,0.27586206896551724,3.7023168725361884,63.15474645896617,-0.2623459891382126,1831.487647310014,0.9365256124721604,2308.2074606850065,2356.7866309051055,-0.05299729230950688,-0.010694154888173898,-0.029190956629576166,0.003313638159219673,2,8,1,4,2,9,8,21,9985.478109759999,0.0,11831.487647310021
15,55,5,20,0.3142857142857143,2.9995941652872533,42.96426583400071,-0.23601090412809447,1503.7493041900207,0.9365256124721604,2229.8487256200033,2125.277256335589,-0.029622824772401527,-0.012271819344520459,-0.029495872997159188,-0.0011402162261512194,3,6,1,5,4,7,11,24,9985.478109759999,0.0,11503.749304190025
15,55,6,20,0.28125,3.6451004167057213,57.97183687062574,-0.22349005414017709,1855.098779860019,0.9365256124721604,2494.1691725450087,2427.3757871871344,-0.03544425460663409,-0.008946070228177228,-0.025811042750071993,0.004057113438666906,2,8,1,4,3,9,9,23,9985.478109759999,0.0,11855.09877986002
15,55,7,20,0.25806451612903225,3.9424756336455737,52.567210741613536,-0.2427099428978926,1629.5835329900165,0.9365256124721604,2369.6144653400015,2393.9953891313758,-0.03282000567866863,-0.006558192493804612,-0.029190956629576166,0.0023416850736722233,2,8,1,4,3,9,8,23,9985.478109759999,0.0,11629.583532990022
15,55,8,20,0.27586206896551724,3.968087882906438,74.87555697965587,-0.24607282902881886,2171.3911524100176,0.9365256124721604,2572.728018975017,2491.2006979356197,-0.04053986955834407,-0.017469480489668083,-0.029190956629576166,0.01050925843601984,2,8,1,4,3,9,8,21,9985.478109759999,0.0,12171.391152410022
15,55,9,20,0.2413793103448276,4.869597736460431,80.37484981931115,-0.24322997731399704,2330.8706447600184,0.9365256124721604,2661.9966599050094,2602.9362869554643,-0.04053986955834407,-0.0011238755672574763,-0.029190956629576166,-0.006698044000432214,2,8,1,6,2,9,7,22,9985.478109759999,0.0,12330.870644760023
15,55,10,20,0.2413793103448276,4.935821804681975,83.45739131827662,-0.24185613904590633,2420.2643482300177,0.9365256124721604,2699.2258369600004,2686.126170164873,-0.04053986955834407,0.0016363285806568872,-0.029190956629576166,-0.008777522686102497,2,8,1,6,2,9,7,22,9985.478109759999,0.0,12420.264348230023
15,55,11,20,0.27586206896551724,3.875340923287713,71.75634270827649,-0.24779948423744527,2080.9339385400162,0.9365256124721604,2479.5854623100176,2453.568844028827,-0.05302629390529961,-0.008131293400584666,-0.029190956629576166,-0.0023520317765753887,2,8,1,4,3,9,8,21,9985.478109759999,0.0,12080.933938540022
15,55,12,20,0.27586206896551724,3.7128814040346128,63.59260215827655,-0.26298753298760197,1844.185462590016,0.9365256124721604,2314.5563683250075,2369.487401195141,-0.05302629390529961,-0.010911454520588443,-0.029190956629576166,0.003313638159219673,2,8,1,4,2,9,8,21,9985.478109759999,0.0,11844.185462590025
15,55,13,20,0.27586206896551724,3.7081101644052334,63.39516315413863,-0.2622284681588568,1838.4597314700168,0.9365256124721604,2311.693502765008,2361.9642735121906,-0.05299729230950688,-0.010657223920155872,-0.029190956629576166,0.003313638159219673,2,8,1,4,2,9,8,21,9985.478109759999,0.0,11838.459731470024
15,55,14,20,0.27586206896551724,3.781125923134849,68.80457539551799,-0.2607162504929981,1995.3326864700175,0.9365256124721604,2459.6977202400176,2531.053190020443,-0.05299729230950688,-0.007222213155251655,-0.029190956629576166,0.00005831960309348985,2,8,1,4,2,9,8,21,9985.478109759999,0.0,11995.332686470023
16,55,5,20,0.3142857142857143,3.012689204416232,43.46251211857215,-0.23485276732032848,1521.187924150022,0.9365256124721604,2238.3598848900115,2129.460171258039,-0.029622824772401527,-0.011972781542290223,-0.029495872997159188,-0.0011402162261512194,3,6,1,5,4,7,11,24,9985.478109759999,0.0,11521.187924150023
16,55,6,20,0.28125,3.6597679951112974,58.516793744375775,-0.22234782309744508,1872.5373998200193,0.9365256124721604,2502.888482525009,2431.558702109585,-0.03544425460663409,-0.008621029138796537,-0.025811042750071993,0.004057113438666906,2,8,1,4,3,9,9,23,9985.478109759999,0.0,11872.537399820021
16,55,7,20,0.25806451612903225,3.9582029151947875,53.12974686935547,-0.24157438258588076,1647.0221529500168,0.9365256124721604,2377.4893150450084,2398.1783040538257,-0.03282000567866863,-0.006218376809452072,-0.029190956629576166,0.0023416850736722233,2,8,1,4,3,9,8,23,9985.478109759999,0.0,11647.022152950023
16,55,8,20,0.27586206896551724,3.984460522457071,75.4768887024145,-0.24495688766333734,2188.829772370018,0.9365256124721604,2588.6467250200094,2495.3836128580692,-0.04053986955834407,-0.017095683236880287,-0.029190956629576166,0.01050925843601984,2,8,1,4,3,9,8,21,9985.478109759999,0.0,12188.829772370023
16,55,9,20,0.2413793103448276,4.889696916457333,80.97618154206975,-0.2421218652651801,2348.309264720018,0.9365256124721604,2670.715969885009,2607.1192018779143,-0.04053986955834407,-0.0007500783144696821,-0.029190956629576166,-0.006698044000432214,2,8,1,6,2,9,7,22,9985.478109759999,0.0,12348.309264720025
16,55,10,20,0.2413793103448276,4.9561943233691235,84.05872304103522,-0.24075428595725049,2437.702968190017,0.9365256124721604,2699.2258369600004,2690.309085087323,-0.04053986955834407,0.0020101258334446815,-0.029190956629576166,-0.008777522686102497,2,8,1,6,2,9,7,22,9985.478109759999,0.0,12437.702968190024
16,55,11,20,0.27586206896551724,3.8908719402875973,72.35767443103515,-0.24668075006597845,2098.3725585000175,0.9365256124721604,2497.024082270019,2457.7517589512768,-0.052913330611072985,-0.007757496147796872,-0.029190956629576166,-0.0023520317765753887,2,8,1,4,3,9,8,21,9985.478109759999,0.0,12098.372558500023
16,55,12,20,0.27586206896551724,3.727054096355548,64.17610236413861,-0.2619019730634371,1861.106968560016,0.9365256124721604,2325.472002330016,2373.564447891266,-0.05302629390529961,-0.010544991208688917,-0.029190956629576166,0.003313638159219673,2,8,1,4,2,9,8,21,9985.478109759999,0.0,11861.106968560025
16,55,13,20,0.27586206896551724,3.722246385541485,63.978663360000695,-0.2611412483319489,1855.3812374400168,0.9365256124721604,2320.154255750008,2366.0413202083155,-0.05299729230950688,-0.010290760608256344,-0.029190956629576166,0.003313638159219673,2,8,1,4,2,9,8,21,9985.478109759999,0.0,11855.381237440024
16,55,14,20,0.27586206896551724,3.795070244275935,69.37858484896626,-0.2596589665733503,2011.9789606200175,0.9365256124721604,2476.3439943900175,2535.0754379674695,-0.05299729230950688,-0.00685965330359008,-0.029190956629576166,0.00005831960309348985,2,8,1,4,2,9,8,21,9985.478109759999,0.0,12011.978960620023
16,55,15,20,0.3103448275862069,3.2129335639016205,66.31860744310413,-0.26218196682031575,1923.2396158500164,0.9365256124721604,2495.9223767300164,2533.5508077290833,-0.05299729230950688,-0.012420870054340338,-0.008927092747367749,0.017073248203930094,2,8,2,3,2,8,9,20,9985.478109759999,0.0,11923.239615850023
17,55,5,20,0.3333333333333333,2.9628833145290043,54.31862407333408,-0.21683337103271882,1792.514594420024,0.9365256124721604,2417.744209370023,2217.641510817906,-0.025292519011674754,-0.00912949403102285,-0.029495872997159188,-0.0011402162261512194,3,6,1,5,4,6,11,22,9985.478109759999,0.0,11792.514594420021
17,55,6,20,0.3,3.56884984323328,71.61936114833415,-0.20712812148360138,2148.5808344500183,0.9365256124721604,2722.3123294000184,2527.4621729824794,-0.03544425460663409,-0.005089930333633349,-0.025811042750071993,0.004057113438666906,2,7,1,4,3,8,9,21,9985.478109759999,0.0,12148.580834450016
17,55,7,20,0.27586206896551724,3.9036848210141213,67.97957431000069,-0.2204511914874108,1971.4076549900174,0.9365256124721604,2586.907809985008,2518.029780728425,-0.03275294943277085,-0.0012611926560759379,-0.029190956629576166,0.0023416850736722233,2,7,1,4,3,8,8,21,9985.478109759999,0.0,11971.40765499002
17,55,8,20,0.2962962962962963,3.904677886406141,93.08204720037114,-0.22419863953824315,2513.2152744100176,0.9365256124721604,2757.5232489000164,2615.235089532668,-0.03275294943277085,-0.012796290447287719,-0.029190956629576166,0.01050925843601984,2,7,1,4,3,8,8,19,9985.478109759999,0.0,12513.215274410017
17,55,9,20,0.25925925925925924,4.814851818445791,98.98869506518605,-0.22150925462875465,2672.6947667600202,0.9365256124721604,2885.503454850019,2726.970678552513,-0.03275294943277085,0.005365492799835176,-0.029190956629576166,-0.006698044000432214,2,7,1,6,2,8,7,20,9985.478109759999,0.0,12672.694766760018
17,55,10,20,0.25925925925925924,4.880331369849794,102.29957297148229,-0.22025810173178925,2762.0884702300195,0.9365256124721604,2974.897158320018,2810.1605617619225,-0.03275294943277085,0.008432386297517802,-0.029190956629576166,-0.008777522686102497,2,7,1,6,2,8,7,20,9985.478109759999,0.0,12762.088470230017
17,55,11,20,0.2962962962962963,3.8448059988143672,91.31909153444516,-0.22312113371639597,2465.6154714300155,0.9365256124721604,2774.0101202000155,2589.8915434446167,-0.043561993145586536,-0.0014289985942832855,-0.029190956629576166,-0.0023520317765753887,2,7,1,4,3,8,8,19,9985.478109759999,0.0,12465.615471430016
17,55,12,20,0.2962962962962963,3.6852806371573514,82.8827423477785,-0.2377339223291618,2237.8340433900157,0.9365256124721604,2636.485567160017,2507.630016999673,-0.046377909064170435,-0.00462820837098442,-0.029190956629576166,0.003313638159219673,2,7,1,4,2,8,8,19,9985.478109759999,0.0,12237.834043390021
17,55,13,20,0.2962962962962963,3.6637848534173427,82.00131458777852,-0.23809743537068415,2214.0354938700166,0.9365256124721604,2612.687017640018,2491.1508726733487,-0.046377909064170435,-0.00476497063210911,-0.029190956629576166,0.003313638159219673,2,7,1,4,2,8,8,19,9985.478109759999,0.0,12214.03549387002
17,55,14,20,0.2962962962962963,3.730012658275716,87.8012302611119,-0.23687913160128926,2370.6332170500173,0.9365256124721604,2704.8933088900085,2660.1849904325027,-0.046377909064170435,-0.0009526291824799274,-0.029190956629576166,0.00005831960309348985,2,7,1,4,2,8,8,19,9985.478109759999,0.0,12370.633217050015
17,55,15,20,0.3333333333333333,3.1538462919075014,84.51458786222295,-0.2393946323564486,2281.8938722800162,0.9365256124721604,2699.2258369600004,2658.6603601941165,-0.046377909064170435,-0.00713175890553577,-0.008927092747367749,0.017073248203930094,2,7,2,3,2,7,9,18,9985.478109759999,0.0,12281.89387228002
17,55,16,20,0.3333333333333333,3.197458575883879,85.88275662000078,-0.23836444359082273,2318.8344287400155,0.9365256124721604,2732.3392580600075,2707.128716906833,-0.046377909064170435,-0.005888018516630585,-0.005978166280056985,0.017400906700297956,2,7,2,3,2,7,9,18,9985.478109759999,0.0,12318.834428740014
18,55,5,20,0.3333333333333333,3.141086560851034,60.71952052636438,-0.2087054864704532,2003.744177370022,0.9365256124721604,2564.1959573900144,2315.6281808468134,-0.025292519011674754,-0.006910267969664596,-0.029495872997159188,-0.0011402162261512194,3,6,1,5,4,6,11,22,9985.478109759999,0.0,12003.744177370025
18,55,6,20,0.3,3.764833847286661,78.66034724666744,-0.20712812148360138,2359.810417400018,0.9365256124721604,2873.7214805400145,2625.448843011388,-0.029730825845528382,-0.002659349409288598,-0.025811042750071993,0.004057113438666906,2,7,1,4,3,8,9,21,9985.478109759999,0.0,12359.810417400016
18,55,7,20,0.27586206896551724,4.118649621825983,75.26335303241444,-0.2066964372883382,2182.6372379400154,0.9365256124721604,2763.647089740015,2616.016450757332,-0.02799574042024116,0.0012909173144860537,-0.029190956629576166,0.0023416850736722233,2,7,1,4,3,8,8,21,9985.478109759999,0.0,12182.637237940016
18,55,8,20,0.2962962962962963,4.124792849166034,100.7942239585193,-0.21087355411200528,2721.4440468800176,0.9365256124721604,2957.6923263700164,2711.4711107411313,-0.03231395238298437,-0.010034181817962192,-0.029190956629576166,0.01050925843601984,2,7,1,4,3,8,8,19,9985.478109759999,0.0,12721.444046880017
18,55,9,20,0.25925925925925924,5.08638095144578,106.70087182333415,-0.20827765647399002,2880.9235392300184,0.9365256124721604,3085.672532320017,2823.206699760976,-0.03231395238298437,0.008127601429160702,-0.029190956629576166,-0.006698044000432214,2,7,1,6,2,8,7,20,9985.478109759999,0.0,12880.923539230018
18,55,10,20,0.25925925925925924,5.155553161833357,110.0117497296304,-0.20710123974274627,2970.3172427000177,0.9365256124721604,3175.0662357900164,2906.396582970385,-0.03231395238298437,0.01119449492684333,-0.029190956629576166,-0.008777522686102497,2,7,1,6,2,8,7,20,9985.478109759999,0.0,12970.317242700017
18,55,11,20,0.2962962962962963,4.0568369940515785,99.0312682925933,-0.21584574215353716,2673.8442439000173,0.9365256124721604,2952.2833676700175,2686.127564653081,-0.04307668585564742,0.0013331100350422423,-0.029190956629576166,-0.0023520317765753887,2,7,1,4,3,8,8,19,9985.478109759999,0.0,12673.844243900015
18,55,12,20,0.2962962962962963,3.8986531767974397,91.10492891703774,-0.22349208956325398,2459.8330807600178,0.9365256124721604,2768.2277295300178,2607.952415304128,-0.04589516586222804,-0.0018663846403251928,-0.029190956629576166,0.003313638159219673,2,7,1,4,2,8,8,19,9985.478109759999,0.0,12459.83308076002
18,55,13,20,0.2962962962962963,3.902282538500938,91.2370070459267,-0.22207562529744596,2463.3991902400176,0.9365256124721604,2771.7938390100176,2599.586914580253,-0.04172441966831363,-0.0013808176786362122,-0.029190956629576166,0.003313638159219673,2,7,1,4,2,8,8,19,9985.478109759999,0.0,12463.399190240018
18,55,14,20,0.2962962962962963,3.878352742004333,93.68739044148228,-0.22678496601326317,2529.559541920018,0.9365256124721604,2813.435996325009,2741.9408893043296,-0.05130260303100712,0.0003747899699649436,-0.029190956629576166,0.00005831960309348985,2,7,1,4,2,8,8,19,9985.478109759999,0.0,12529.559541920016
18,55,15,20,0.3333333333333333,3.2858753249476065,90.40074804259334,-0.22929714360509806,2440.820197150017,0.9365256124721604,2791.6629274950083,2740.4162590659425,-0.05130260303100712,-0.0058043397530908964,-0.008927092747367749,0.017073248203930094,2,7,2,3,2,7,9,18,9985.478109759999,0.0,12440.820197150017
18,55,16,20,0.3333333333333333,3.334281499567599,91.76891680037113,-0.22831040744060316,2477.7607536100163,0.9365256124721604,2832.4758440300157,2788.8846157786597,-0.05130260303100712,-0.004560599364185717,-0.005978166280056985,0.017400906700297956,2,7,2,3,2,7,9,18,9985.478109759999,0.0,12477.760753610015
18,55,17,20,0.34615384615384615,2.8599775361071087,80.79121209269297,-0.2455351197284847,2100.5715144100154,0.9287305122494433,2641.2125148300147,2510.9625284440717,-0.060528497940449705,-0.006875357684594435,-0.019579434762151685,0.029779657674468323,2,6,2,4,2,6,9,17,9943.299752330004,-2.497619889996713,12100.571514410018
19,55,5,20,0.3333333333333333,3.0011561323712583,53.27353981303101,-0.21912377980423,1758.0268138300225,0.9365256124721604,2387.5833996700117,2201.156237984698,-0.025292519011674754,-0.00839046941034158,-0.029495872997159188,-0.0011402162261512194,3,6,1,5,4,6,11,22,9985.478109759999,0.0,11758.026813830025
19,55,6,20,0.3,3.604147214810301,69.83068481533405,-0.2077817088194346,2094.9205444600193,0.9365256124721604,2682.6672944100187,2502.289545313393,-0.029730825845528382,-0.004426915331876959,-0.025811042750071993,0.004057113438666906,2,7,1,4,3,8,9,21,9985.478109759999,0.0,12094.920544460021
19,55,7,20,0.27586206896551724,3.9373768699161045,66.12921948275925,-0.2239454184264381,1917.7473650000165,0.9365256124721604,2549.3627623050083,2492.8571530593376,-0.02799574042024116,-0.0005650269042317274,-0.029190956629576166,0.0023416850736722233,2,7,1,4,3,8,8,21,9985.478109759999,0.0,11917.747365000025
19,55,8,20,0.2962962962962963,3.954477973128699,90.98348792370442,-0.22782452656217092,2456.5541739400187,0.9365256124721604,2703.3956576950086,2588.311813043136,-0.03231395238298437,-0.012096342060981946,-0.029190956629576166,0.01050925843601984,2,7,1,4,3,8,8,19,9985.478109759999,0.0,12456.554173940021
19,55,9,20,0.25925925925925924,4.88410949392545,97.01929455370453,-0.2248881082249432,2619.520952950021,0.9365256124721604,2832.32964104002,2701.5339657906434,-0.03231395238298437,0.006096506485334697,-0.029190956629576166,-0.006698044000432214,2,7,1,6,2,8,7,20,9985.478109759999,0.0,12619.520952950024
19,55,10,20,0.25925925925925924,4.953281704313027,100.33017246000077,-0.22361787051604803,2708.9146564200205,0.9365256124721604,2921.723344510019,2784.7238490000523,-0.03231395238298437,0.009163399983017326,-0.029190956629576166,-0.008777522686102497,2,7,1,6,2,8,7,20,9985.478109759999,0.0,12708.914656420024
19,55,11,20,0.2962962962962963,3.891595374490755,89.30137935703769,-0.22661605798724713,2411.1372426400176,0.9365256124721604,2725.1453216850086,2563.899181916199,-0.04307668585564742,-0.0007096048430126684,-0.029190956629576166,-0.0023520317765753887,2,7,1,4,3,8,8,19,9985.478109759999,0.0,12411.137242640021
19,55,12,20,0.2962962962962963,3.7401218224143666,81.62574560148215,-0.23991119443278583,2203.8951312400186,0.9365256124721604,2602.54665501002,2488.554169528137,-0.04589516586222804,-0.0038487997386192382,-0.029190956629576166,0.003313638159219673,2,7,1,4,2,8,8,19,9985.478109759999,0.0,12203.895131240026
19,55,13,20,0.2962962962962963,3.7436036029916893,81.75782373037111,-0.23851983621281142,2207.4612407200184,0.9365256124721604,2606.11276449002,2480.188668804262,-0.04172441966831363,-0.003363232776930258,-0.029190956629576166,0.003313638159219673,2,7,1,4,2,8,8,19,9985.478109759999,0.0,12207.461240720024
19,55,14,20,0.2962962962962963,3.7262452261236,84.20820712592669,-0.24304080056319047,2273.621592400019,0.9365256124721604,2666.1873515650104,2622.5426435283384,-0.05130260303100712,-0.0016076251283291018,-0.029190956629576166,0.00005831960309348985,2,7,1,4,2,8,8,19,9985.478109759999,0.0,12273.621592400023
19,55,15,20,0.3333333333333333,3.151041839715991,80.92156472703775,-0.24555832983988865,2184.882247630018,0.9365256124721604,2680.6908377350087,2621.0180132899523,-0.05130260303100712,-0.007786754851384938,-0.008927092747367749,0.017073248203930094,2,7,2,3,2,7,9,18,9985.478109759999,0.0,12184.882247630023
19,55,16,20,0.3333333333333333,3.1964581562184646,82.28973348481554,-0.24450161678739948,2221.822804090017,0.9365256124721604,2699.2258369600004,2669.4863700026685,-0.05130260303100712,-0.006543014462479759,-0.005978166280056985,0.017400906700297956,2,7,2,3,2,7,9,18,9985.478109759999,0.0,12221.822804090021
19,55,17,20,0.34615384615384615,2.7416580999602327,70.94744480346216,-0.26187002940484294,1844.6335648900163,0.9287305122494433,2455.866466135008,2391.564282668081,-0.060528497940449705,-0.009105574670175233,-0.019579434762151685,0.029779657674468323,2,6,2,4,2,6,9,17,9943.299752330004,-2.497619889996713,11844.63356489002
19,55,18,20,0.38461538461538464,2.2957004123562723,67.84426470692375,-0.26187002940484294,1763.950882380017,0.9287305122494433,2455.866466135008,2389.4349171493504,-0.060528497940449705,-0.010316819531187738,-0.010441679233606647,0.03166544690730456,2,6,2,3,2,6,10,16,9943.299752330004,-2.497619889996713,11763.95088238002
20,55,5,20,0.34375,2.9329742114264064,59.2935044887508,-0.22024698513168814,1897.3921436400224,0.9365256124721604,2481.9853535900115,2222.7522441656774,-0.023916492266217962,-0.0065929309495208034,-0.029495872997159188,-0.0011402162261512194,3,6,1,5,4,6,11,21,9985.478109759999,0.0,11897.392143640025
20,55,6,20,0.3103448275862069,3.5044342002467874,77.04434049206981,-0.20888948812821875,2234.285874270022,0.9365256124721604,2784.3058026700132,2523.8855514943725,-0.03248196741139681,-0.0022514453210508737,-0.025811042750071993,0.004057113438666906,2,7,1,4,3,8,9,20,9985.478109759999,0.0,12234.285874270021
20,55,7,20,0.2857142857142857,3.8310107416045063,73.42731887392927,-0.22269818186596643,2055.964928470017,0.9365256124721604,2671.891788690016,2514.3910658409523,-0.029730825845528382,0.0019195994420891575,-0.029190956629576166,0.0023416850736722233,2,7,1,4,3,8,8,20,9985.478109759999,0.0,12055.964928470026
20,55,8,20,0.3076923076923077,3.888893757885719,102.46910905423155,-0.22537480621854641,2664.196835410018,0.9365256124721604,2899.4388261900176,2646.448511952835,-0.029730825845528382,-0.00842249662529249,-0.029190956629576166,0.01050925843601984,2,7,1,4,3,8,8,18,9985.478109759999,0.0,12664.19683541002
20,55,9,20,0.2692307692307692,4.812792503337869,108.71980517346248,-0.22245557483836037,2826.714934510022,0.9365256124721604,3030.906318800021,2759.6594061875917,-0.029730825845528382,0.010836762367078694,-0.029190956629576166,-0.006698044000432214,2,7,1,6,2,8,7,19,9985.478109759999,0.0,12826.714934510026
20,55,10,20,0.2692307692307692,4.879156922098342,112.15802453769314,-0.2211990768316672,2916.1086379800213,0.9365256124721604,3120.3000222700202,2842.8492893970006,-0.029730825845528382,0.014084061364625004,-0.029190956629576166,-0.008777522686102497,2,7,1,6,2,8,7,19,9985.478109759999,0.0,12916.108637980025
20,55,11,20,0.3076923076923077,3.8241254010654973,100.62695207461616,-0.2241602068612629,2616.300753940017,0.9365256124721604,2896.3428341700173,2621.952821776265,-0.03523310897726525,0.0036132889795070103,-0.029190956629576166,-0.0023520317765753887,2,7,1,4,3,8,8,18,9985.478109759999,0.0,12616.300753940024
20,55,12,20,0.3076923076923077,3.6637968311891953,92.12395403653923,-0.23834294934089728,2395.2228049500172,0.9365256124721604,2718.4524210700083,2542.5019733536597,-0.04086810631064186,0.0002895510123815033,-0.029190956629576166,0.003313638159219673,2,7,1,4,2,8,8,18,9985.478109759999,0.0,12395.222804950026
20,55,13,20,0.3076923076923077,3.641064840514583,91.20862520884697,-0.23870739363051094,2371.424255430018,0.9365256124721604,2706.5531463100087,2526.0228290273353,-0.04086810631064186,0.00014474391236712577,-0.029190956629576166,0.003313638159219673,2,7,1,4,2,8,8,18,9985.478109759999,0.0,12371.424255430025
20,55,14,20,0.3076923076923077,3.7044626578193585,97.23161456192392,-0.23748210249512772,2528.021978610019,0.9365256124721604,2813.4893779000095,2695.05694678649,-0.04086810631064186,0.004181340741386257,-0.029190956629576166,0.00005831960309348985,2,7,1,4,2,8,8,18,9985.478109759999,0.0,12528.02197861002
20,55,15,20,0.34615384615384615,3.12978955838205,93.7643037992315,-0.23999780175810256,2437.871898780017,0.9365256124721604,2791.7163090700087,2693.484164287079,-0.04086810631064186,-0.002373080287091561,-0.008927092747367749,0.017073248203930094,2,7,2,3,2,7,9,17,9985.478109759999,0.0,12437.871898780024
20,55,16,20,0.34615384615384615,3.176674484443712,95.1474722538469,-0.23896501736894396,2473.834278600017,0.9365256124721604,2832.5412371800167,2741.9203857128464,-0.04086810631064186,-0.001064369666447818,-0.005978166280056985,0.017400906700297956,2,7,2,3,2,7,9,17,9985.478109759999,0.0,12473.83427860002
20,55,17,20,0.34615384615384615,2.6987883343418755,70.37368105846224,-0.2733207120077157,1829.715707520017,0.9287305122494433,2451.0733169600007,2312.0823114632703,-0.04778589042504065,-0.005861615453805476,-0.019579434762151685,0.029779657674468323,2,6,2,4,2,6,9,17,9943.299752330004,-2.497619889996713,11829.715707520025
20,55,18,20,0.38461538461538464,2.259132933068145,67.15372887076998,-0.2733207120077157,1745.9969506400175,0.9287305122494433,2451.0733169600007,2309.869555987992,-0.04778589042504065,-0.007099872471844144,-0.010441679233606647,0.03166544690730456,2,6,2,3,2,6,10,16,9943.299752330004,-2.497619889996713,11745.996950640027
20,55,19,20,0.38461538461538464,2.3521051823865147,73.59710826000071,-0.26262846205492163,1913.5248147600178,0.9287305122494433,2570.339210985007,2402.976426583682,-0.03915967402438289,-0.004924713866107506,-0.010441679233606647,0.03166544690730456,2,6,2,3,2,6,10,16,9943.299752330004,-2.497619889996713,11913.524814760025
21,55,5,20,0.3333333333333333,2.752394543486878,42.987126377879605,-0.2445843118290093,1418.5751704700224,0.9354120267260579,2186.1424080500133,2014.4265253794874,-0.024137381038399422,-0.0077828347097538605,-0.033180703244246386,-0.007772095834808996,3,6,1,5,4,6,11,22,9940.150647890008,-38.58295421999128,11418.57517047003
21,55,6,20,0.2903225806451613,3.389748223090755,52.72264911161372,-0.24078615487078428,1634.4021224600192,0.9365256124721604,2370.3149489050097,2294.5759690647074,-0.03533868179194967,-0.0035407011560929153,-0.033180703244246386,-0.010577610524707293,2,7,1,5,3,8,9,22,9985.478109759999,0.0,11634.40212246003
21,55,7,20,0.26666666666666666,3.726558700422819,50.012100380667334,-0.25118544651953006,1500.3630114200196,0.9365256124721604,2344.9132103400007,2297.82037250002,-0.03523310897726525,0.000574805116295441,-0.033180703244246386,-0.011846396304048884,2,7,1,5,3,8,8,22,9985.478109759999,0.0,11500.363011420028
21,55,8,20,0.2857142857142857,3.810043333846479,75.25389746928647,-0.25339303299233473,2107.10912914002,0.9365256124721604,2518.548780870019,2429.7426244668914,-0.03523310897726525,-0.009935505339171494,-0.033180703244246386,-0.005163836280309919,2,7,1,5,3,8,8,20,9985.478109759999,0.0,12107.10912914003
21,55,9,20,0.25,4.693991795550372,81.06178211785809,-0.2502459070501231,2269.7298993000227,0.9365256124721604,2603.975704790022,2542.9683826060123,-0.03523310897726525,0.009324205337159752,-0.033180703244246386,-0.0192425382737707,2,7,1,7,2,8,7,21,9985.478109759999,0.0,12269.729899300035
21,55,10,20,0.25,4.760709954525473,84.25441438464372,-0.24881843891601388,2359.123602770022,0.9365256124721604,2676.506932610011,2626.1582658154216,-0.03523310897726525,0.012571504334706067,-0.033180703244246386,-0.02094392992568275,2,7,1,7,2,8,7,21,9985.478109759999,0.0,12359.123602770034
21,55,11,20,0.2857142857142857,3.754972084490802,73.56080267750079,-0.2522367581923006,2059.7024749700195,0.9365256124721604,2461.22243016002,2405.275474487426,-0.040346274320141505,0.002103722354119891,-0.033180703244246386,-0.015686710090615116,2,7,1,5,3,8,8,20,9985.478109759999,0.0,12059.702474970032
21,55,12,20,0.2857142857142857,3.600884561726468,65.66516164214363,-0.2665621682461986,1838.6245259800198,0.9365256124721604,2313.718415730009,2325.82462606482,-0.04086810631064186,-0.0012200156130056127,-0.033180703244246386,-0.011051161961328245,2,7,1,5,2,8,8,20,9985.478109759999,0.0,11838.624525980027
21,55,13,20,0.2857142857142857,3.585714616733157,65.0342892400007,-0.26686763017877024,1820.9600987200192,0.9365256124721604,2304.8862021000086,2313.5930131249306,-0.04278106201050767,-0.0013632384183212716,-0.033180703244246386,-0.011051161961328245,2,7,1,5,2,8,8,20,9985.478109759999,0.0,11820.960098720025
21,55,14,20,0.2857142857142857,3.6544727080364208,70.46543783714364,-0.2653819614324392,1973.0322594400204,0.9365256124721604,2441.124394630019,2479.4714719549766,-0.04112944857073923,0.0026767136818599416,-0.033180703244246386,-0.013714604416340577,2,7,1,5,2,8,8,20,9985.478109759999,0.0,11973.032259440024
21,55,15,20,0.25,4.253088195482441,63.805380687143554,-0.2704483658056225,1786.5506592400166,0.9365256124721604,2422.542996125007,2399.8544951250738,-0.04086810631064186,-0.004538463616994383,-0.033180703244246386,-0.0016843812901028155,1,8,1,5,2,8,7,21,9985.478109759999,0.0,11786.55065924002
21,55,16,20,0.25,4.234869312023595,62.66700151500072,-0.2704483658056225,1754.676042420017,0.9365256124721604,2422.542996125007,2398.8251425611097,-0.04086810631064186,-0.00491250293414478,-0.033180703244246386,-0.0014162970658018368,1,8,1,5,2,8,7,21,9985.478109759999,0.0,11754.67604242002
21,55,17,20,0.25925925925925924,3.637614742623869,47.77591379555625,-0.29605950593192526,1289.9496724800197,0.9064587973273942,2056.369057520015,2024.2489073626914,-0.04442516478705512,-0.008233226027440371,-0.033180703244246386,0.01858054486514337,1,7,1,5,1,7,7,20,9686.058506530004,-259.7388656899966,11289.949672480023
21,55,18,20,0.2962962962962963,2.985711952032119,44.69663761037111,-0.29605950593192526,1206.8092154800206,0.9064587973273942,2056.369057520015,2022.0520356886605,-0.04442516478705512,-0.009466732158994897,-0.033180703244246386,0.020294898713176312,1,7,1,4,1,7,8,19,9686.058506530004,-259.7388656899966,11206.809215480025
21,55,19,20,0.2962962962962963,3.0962356074070936,50.90137331851926,-0.28518877940303494,1374.337079600019,0.9064587973273942,2207.847986640013,2115.15890628435,-0.037312540320878385,-0.0072915735532582595,-0.033180703244246386,0.020294898713176312,1,7,1,4,1,7,8,19,9686.058506530004,-259.7388656899966,11374.337079600024
22,55,5,20,0.3333333333333333,2.5327717045429337,31.98146502575831,-0.24764246616106383,1055.388345850024,0.9042316258351893,2141.4563207700094,1843.019110233418,-0.03194530555369189,-0.01120943171389022,-0.033180703244246386,-0.007772095834808996,3,6,1,5,4,6,11,22,9722.899964590008,-255.83363751999286,11055.388345850024
22,55,6,20,0.3,3.0778959051346098,45.87058505533409,-0.2367073935302598,1376.117551660017,0.9354120267260579,2339.2756792600003,2145.8098945715105,-0.03523310897726525,-0.004181723477976945,-0.033180703244246386,-0.010577610524707293,2,6,1,5,3,7,9,21,9932.577958250005,-46.1556438599946,11376.117551660023
22,55,7,20,0.27586206896551724,3.389408923549574,43.19626844069023,-0.24951132071427728,1252.691784780016,0.9365256124721604,2338.0928192600004,2155.957936801978,-0.03379375963743912,0.00014039151143713853,-0.033180703244246386,-0.011846396304048884,2,6,1,5,3,7,8,21,9985.478109759999,0.0,11252.691784780021
22,55,8,20,0.2962962962962963,3.4481922210559266,68.58062133111179,-0.248910913243654,1851.67677594002,0.9365256124721604,2382.9216403400014,2287.4373491916126,-0.03379375963743912,-0.011149802931279441,-0.033180703244246386,-0.005163836280309919,2,6,1,5,3,7,8,19,9985.478109759999,0.0,11851.676775940028
22,55,9,20,0.25925925925925924,4.262413373253492,74.62102191555638,-0.24575343570367084,2014.76759172002,0.9342984409799554,2412.889428810019,2400.674901963139,-0.03379375963743912,0.009317799681925861,-0.033180703244246386,-0.0192425382737707,2,6,1,7,2,7,7,20,9968.868659640008,0.0,12014.76759172003
22,55,10,20,0.25925925925925924,4.324764155710282,77.93189982185262,-0.24433275217081576,2104.1612951900192,0.9365256124721604,2500.87165052001,2483.864785172548,-0.03379375963743912,0.012768054866818816,-0.033180703244246386,-0.02094392992568275,2,6,1,7,2,7,7,20,9985.478109759999,0.0,12104.16129519003
22,55,11,20,0.2962962962962963,3.401672997593727,66.92101210037103,-0.24772737401198167,1806.8673267100176,0.910913140311804,2295.3259722350085,2263.0572134546182,-0.04496839175835235,0.0016648623967733325,-0.033180703244246386,-0.015686710090615116,2,6,1,5,3,7,8,19,9819.447244870007,-126.35012734999418,11806.867326710028
22,55,12,20,0.2962962962962963,3.295343740522616,60.38642785888953,-0.2593160016467172,1630.4335521900175,0.910913140311804,2198.705829975009,2192.746321904752,-0.04778589042504065,-0.0007071563994785861,-0.033180703244246386,-0.011051161961328245,2,6,1,5,2,7,8,19,9819.447244870007,-126.35012734999418,11630.433552190025
22,55,13,20,0.2962962962962963,3.295343740522616,60.38642785888953,-0.2593160016467172,1630.4335521900175,0.910913140311804,2198.705829975009,2192.746321904752,-0.04778589042504065,-0.0007071563994785861,-0.033180703244246386,-0.011051161961328245,2,6,1,5,2,7,8,19,9819.447244870007,-126.35012734999418,11630.433552190025
22,55,14,20,0.2962962962962963,3.371770704906673,66.45499662926,-0.25655491104602157,1794.28490899002,0.9342984409799554,2346.4139764600195,2355.032797430779,-0.04778589042504065,0.004099180905310414,-0.033180703244246386,-0.013714604416340577,2,6,1,5,2,7,8,19,9983.298601670009,0.0,11794.284908990023
22,55,15,20,0.25925925925925924,4.06361856377436,64.7574486070377,-0.25928217217731403,1748.451112390017,0.9365256124721604,2427.1425569600005,2385.9740305639716,-0.037312540320878385,-0.0015633417720058614,-0.033180703244246386,-0.0016843812901028155,1,7,1,5,2,7,7,20,9985.478109759999,0.0,11748.45111239002
22,55,16,20,0.25925925925925924,4.046448092669561,63.61486118703775,-0.25928217217731403,1717.6012520500185,0.9365256124721604,2427.1425569600005,2384.9783435387158,-0.037312540320878385,-0.0019516891990274156,-0.033180703244246386,-0.0014162970658018368,1,7,1,5,2,7,7,20,9985.478109759999,0.0,11717.601252050023
22,55,17,20,0.25925925925925924,2.9794149270197168,7.426128131111767,-0.28991549635665725,200.50545954001973,0.8986636971046771,1167.5954537500147,1364.3963848803528,-0.050568040175407274,-0.017644109906329107,-0.033180703244246386,0.02001440509477744,1,7,1,5,1,7,7,20,9662.725715870007,-322.7267931499955,10200.50545954002
22,55,18,20,0.2962962962962963,2.436487546221599,4.464653773333964,-0.28991549635665725,120.54565188002016,0.8986636971046771,1167.5954537500147,1362.2868741131813,-0.050568040175407274,-0.01884946650719377,-0.033180703244246386,0.02172875894281038,1,7,1,4,1,7,8,19,9662.725715870007,-322.7267931499955,10120.54565188002
22,55,19,20,0.2962962962962963,2.527423813371943,10.669389481482142,-0.2779266842736451,288.07351600001857,0.9008908685968819,1335.1233178700131,1455.393744708871,-0.037312540320878385,-0.01667430790145713,-0.033180703244246386,0.02172875894281038,1,7,1,4,1,7,8,19,9662.725715870007,-322.7267931499955,10288.073516000022
23,55,5,20,0.3548387096774194,2.5241243689546895,45.23641076096857,-0.23406916986499027,1402.3287335900222,0.9354120267260579,2191.1441256200033,2020.911101030678,-0.026975010570896643,-0.006871027159410334,-0.033180703244246386,-0.007772095834808996,3,5,1,5,4,5,11,20,9915.462941110007,-63.2706609999932,11402.32873359003
23,55,6,20,0.3103448275862069,3.0232490143628765,51.94455116793179,-0.2378140995721517,1506.3919838700167,0.9365256124721604,2344.9132103400007,2285.733950763982,-0.03205087836837631,-0.001298674576104918,-0.033180703244246386,-0.010577610524707293,2,6,1,5,3,7,9,20,9985.478109759999,0.0,11506.39198387003
23,55,7,20,0.2857142857142857,3.329451718461582,49.3916506067863,-0.2504491281052979,1382.9662169900166,0.9365256124721604,2339.2756792600003,2295.8819929944507,-0.032354410297613004,0.0034474614753587964,-0.033180703244246386,-0.011846396304048884,2,6,1,5,3,7,8,20,9985.478109759999,0.0,11382.966216990028
23,55,8,20,0.3076923076923077,3.386740774202123,76.7631082288469,-0.24961551030162904,1995.8408139500198,0.9365256124721604,2436.53810958501,2437.5314870168245,-0.032354410297613004,-0.007769222848721324,-0.033180703244246386,-0.005163836280309919,2,6,1,5,3,7,8,18,9985.478109759999,0.0,11995.840813950028
23,55,9,20,0.2692307692307692,4.194795643762851,82.91272695423157,-0.24654552534469418,2155.7309008100224,0.9365256124721604,2507.3323164250114,2548.4032265995766,-0.032354410297613004,0.01397387655113996,-0.033180703244246386,-0.0192425382737707,2,6,1,7,2,7,7,19,9985.478109759999,0.0,12155.730900810031
23,55,10,20,0.2692307692307692,4.256189329575091,86.35094631846229,-0.2451387533138377,2245.1246042800217,0.9365256124721604,2586.4163450650112,2631.5931098089854,-0.032354410297613004,0.01765414874835912,-0.033180703244246386,-0.02094392992568275,2,6,1,7,2,7,7,19,9985.478109759999,0.0,12245.12460428003
23,55,11,20,0.3076923076923077,3.3359702967522162,74.91656291538536,-0.2485011299919933,1947.830635800019,0.9365256124721604,2372.5802701150096,2410.785538091056,-0.0412532656246987,0.005811120158617548,-0.033180703244246386,-0.015686710090615116,2,6,1,5,3,7,8,18,9985.478109759999,0.0,11947.83063580003
23,55,12,20,0.3076923076923077,3.2419852657914996,68.66531813692384,-0.2590360348429325,1785.2982715600192,0.9365256124721604,2284.6808879950095,2344.5999415142855,-0.046853100509021015,0.0032833109392191194,-0.033180703244246386,-0.011051161961328245,2,6,1,5,2,7,8,18,9985.478109759999,0.0,11785.298271560026
23,55,13,20,0.3076923076923077,3.2419852657914996,68.66531813692384,-0.2590360348429325,1785.2982715600192,0.9365256124721604,2284.6808879950095,2344.5999415142855,-0.046853100509021015,0.0032833109392191194,-0.033180703244246386,-0.011051161961328245,2,6,1,5,2,7,8,18,9985.478109759999,0.0,11785.298271560026
23,55,14,20,0.3076923076923077,3.370703087967235,77.57517850923162,-0.2552040605139687,2016.9546412400214,0.9365256124721604,2480.223468710021,2556.259503687706,-0.046853100509021015,0.010297444617945128,-0.033180703244246386,-0.013714604416340577,2,6,1,5,2,7,8,18,9985.478109759999,0.0,12016.954641240027
23,55,15,20,0.2692307692307692,4.080949678264728,75.8123401784623,-0.257889038103131,1971.1208446400183,0.9365256124721604,2542.1289099200194,2587.200736820899,-0.033756974331114915,0.004257682161436375,-0.033180703244246386,-0.0016843812901028155,1,7,1,5,2,7,7,19,9985.478109759999,0.0,11971.120844640023
23,55,16,20,0.2692307692307692,4.064503474780289,74.62580708846232,-0.257889038103131,1940.2709843000198,0.9365256124721604,2542.1289099200194,2586.205049795643,-0.033756974331114915,0.0038436263863327103,-0.033180703244246386,-0.0014162970658018368,1,7,1,5,2,7,7,19,9985.478109759999,0.0,11940.270984300023
23,55,17,20,0.2692307692307692,3.5518324068583498,52.92415218384696,-0.2894533245985159,1376.0279567800212,0.9164810690423163,2346.522716960001,2190.81462379002,-0.046853100509021015,-0.003966200492584749,-0.033180703244246386,0.01858054486514337,1,7,1,5,1,7,7,19,9894.127445350005,-51.66992686999538,11376.027956780024
23,55,18,20,0.3076923076923077,2.908228680372029,49.848774966154735,-0.2894533245985159,1296.0681491200212,0.9164810690423163,2346.522716960001,2188.7051130228483,-0.046853100509021015,-0.005251350919549281,-0.033180703244246386,0.020294898713176312,1,7,1,4,1,7,8,18,9894.127445350005,-51.66992686999538,11296.068149120027
23,55,19,20,0.3076923076923077,3.0225225800322946,56.29215435538546,-0.2787274128830763,1463.5960132400196,0.9164810690423163,2362.971316960001,2281.8119836185388,-0.033756974331114915,-0.0029311817400968663,-0.033180703244246386,0.020294898713176312,1,7,1,4,1,7,8,18,9894.127445350005,-51.66992686999538,11463.596013240025
24,55,5,20,0.3548387096774194,2.484995988675592,41.37274674806518,-0.24938423594879872,1282.5551491900187,0.9365256124721604,2179.2757856200033,2059.620778142481,-0.026975010570896643,-0.008758088477885175,-0.033180703244246386,-0.008112243974217965,3,5,1,5,4,5,11,20,9985.478109759999,0.0,11282.555149190022
24,55,6,20,0.3103448275862069,2.9804225588847384,47.81748113827646,-0.2528815693679865,1386.7069530100143,0.9365256124721604,2339.2756792600003,2324.5093449674337,-0.03205087836837631,-0.003394766710284001,-0.033180703244246386,-0.010917758664116267,2,6,1,5,3,7,9,20,9985.478109759999,0.0,11386.706953010023
24,55,7,20,0.2413793103448276,4.233190536970118,47.62978023172457,-0.26208407963476626,1381.2636267200141,0.9365256124721604,2339.2756792600003,2338.144154185597,-0.02882346465464388,0.0004924194074785356,-0.033180703244246386,-0.010989170035236877,2,8,1,5,3,10,7,22,9985.478109759999,0.0,11381.263626720018
24,55,8,20,0.3076923076923077,3.3113385105492896,69.23252895346215,-0.26384994130078476,1800.0457527900162,0.9365256124721604,2382.9216403400014,2474.5408035201744,-0.032354410297613004,-0.010277956117498549,-0.033180703244246386,-0.004870843418648821,2,6,1,5,3,7,8,18,9985.478109759999,0.0,11800.045752790022
24,55,9,20,0.2692307692307692,4.06441935609362,73.90812881076994,-0.26071104320983773,1921.6113490800217,0.9365256124721604,2429.126621990019,2584.3431203107552,-0.032354410297613004,0.011467430990295013,-0.033180703244246386,-0.0194410028884408,2,6,1,7,2,7,7,19,9985.478109759999,0.0,11921.611349080025
24,55,10,20,0.2692307692307692,4.127227814462909,77.34634817500066,-0.25923701688670836,2011.005052550021,0.9365256124721604,2509.06921211001,2667.5330035201646,-0.032354410297613004,0.015147703187514164,-0.033180703244246386,-0.021142394540352848,2,6,1,7,2,7,7,19,9985.478109759999,0.0,12011.005052550025
24,55,11,20,0.3076923076923077,3.2452395192348127,67.14289088192368,-0.2627844541476257,1745.715162930017,0.9365256124721604,2303.365603825008,2447.857145026422,-0.03841332770229515,0.0033150274636275364,-0.033180703244246386,-0.016063731411463222,2,6,1,5,3,7,8,18,9985.478109759999,0.0,11745.715162930024
24,55,12,20,0.3076923076923077,3.149403641510026,60.889124076923736,-0.27322597290193884,1583.1172260000185,0.9365256124721604,2212.5704702900002,2381.6520895110993,-0.04402975005740281,0.0007861124128434167,-0.033180703244246386,-0.011428183282176353,2,6,1,5,2,7,8,18,9985.478109759999,0.0,11583.117226000024
24,55,13,20,0.3076923076923077,3.1713159737761063,61.94161096153911,-0.2714687021422433,1610.4818850000192,0.9365256124721604,2224.6601598600096,2389.7657331135497,-0.032868637060404333,0.0015301866126433176,-0.033180703244246386,-0.011428183282176353,2,6,1,5,2,7,8,18,9985.478109759999,0.0,11610.481885000023
24,55,14,20,0.3076923076923077,3.2295791604840223,67.3731108915392,-0.2732119368475448,1751.7008831800213,0.9365256124721604,2380.0537026100205,2574.7451522518923,-0.05470367453943945,0.006085231916437695,-0.033180703244246386,-0.014091625737188685,2,6,1,5,2,7,8,18,9985.478109759999,0.0,11751.700883180027
24,55,15,20,0.2692307692307692,3.957636127593459,69.53477987000065,-0.2754823460257476,1807.9042766200191,0.9365256124721604,2439.337956960001,2610.5211329200524,-0.035694496587303955,0.00012196509134959991,-0.033180703244246386,-0.0014504325575700472,1,7,1,5,2,7,7,19,9985.478109759999,0.0,11807.904276620022
24,55,16,20,0.2692307692307692,3.9371661691242035,68.3899907253853,-0.2754823460257476,1778.1397588600194,0.9365256124721604,2439.337956960001,2609.543302045754,-0.035694496587303955,-0.0002871032029049925,-0.033180703244246386,-0.0014504325575700472,1,7,1,5,2,7,7,19,9985.478109759999,0.0,11778.139758860023
24,55,17,20,0.2692307692307692,3.4461443058622376,46.717825546923734,-0.30684997656005114,1214.6634642200197,0.9365256124721604,2335.4623216100076,2214.7368471899963,-0.05816821429822165,-0.008090252742218506,-0.033180703244246386,0.01854640937337516,1,7,1,5,1,7,7,19,9985.478109759999,0.0,11214.663464220026
24,55,18,20,0.23076923076923078,4.156445897649445,43.16461763038535,-0.30684997656005114,1122.2800583900207,0.9365256124721604,2335.4623216100076,2212.1994099407534,-0.05816821429822165,-0.009359922976590466,-0.033180703244246386,0.01854640937337516,1,8,1,5,1,8,6,20,9985.478109759999,0.0,11122.280058390026
24,55,19,20,0.23076923076923078,4.315519978555239,49.607997019616136,-0.296222744237752,1289.8079225100191,0.9365256124721604,2362.971316960001,2305.3062805364434,-0.035694496587303955,-0.007039753797138052,-0.033180703244246386,0.01854640937337516,1,8,1,5,1,8,6,20,9985.478109759999,0.0,11289.807922510025
25,55,5,20,0.3548387096774194,2.481571092251993,41.217054293549026,-0.24946433879483446,1277.7286831000183,0.9365256124721604,2179.2757856200033,2056.2257166933155,-0.026975010570896643,-0.008805019724425652,-0.033180703244246386,-0.008112243974217965,3,5,1,5,4,5,11,20,9985.478109759999,0.0,11277.72868310002
25,55,6,20,0.3103448275862069,2.996748062468681,48.58097677931096,-0.2525147243938957,1408.8483266000167,0.9365256124721604,2339.2756792600003,2343.9352016951966,-0.03036838680915442,-0.003136131305751932,-0.033180703244246386,-0.010917758664116267,2,6,1,5,3,7,9,20,9985.478109759999,0.0,11408.848326600022
25,55,7,20,0.2413793103448276,4.256753210021613,48.38973892931077,-0.26170785754637316,1403.3024289500136,0.9365256124721604,2339.2756792600003,2357.4954758881017,-0.026037078987277584,0.0007498719854742616,-0.033180703244246386,-0.010989170035236877,2,8,1,5,3,10,7,22,9985.478109759999,0.0,11403.302428950017
25,55,8,20,0.3076923076923077,3.330573630000183,70.08017519307757,-0.26347805864904333,1822.0845550200156,0.9365256124721604,2389.9717188250083,2493.8921252226796,-0.02678163896288041,-0.00996901302390368,-0.033180703244246386,-0.004870843418648821,2,6,1,5,3,7,8,18,9985.478109759999,0.0,11822.084555020021
25,55,9,20,0.2692307692307692,4.0877392632544405,74.75577505038532,-0.2603460873536049,1943.650151310021,0.9365256124721604,2440.5945645850097,2603.69444201326,-0.02678163896288041,0.01177637408388988,-0.033180703244246386,-0.0194410028884408,2,6,1,7,2,7,7,19,9985.478109759999,0.0,11943.650151310025
25,55,10,20,0.2692307692307692,4.150908089806675,78.19399441461604,-0.25887617333415974,2033.0438547800204,0.9365256124721604,2520.08861322501,2686.8843252226693,-0.02678163896288041,0.01545664628110904,-0.033180703244246386,-0.021142394540352848,2,6,1,7,2,7,7,19,9985.478109759999,0.0,12033.043854780024
25,55,11,20,0.3076923076923077,3.2634632978556484,67.99053712153906,-0.2624130710847798,1767.7539651600164,0.9365256124721604,2314.3850049400075,2467.2084667289273,-0.03841332770229515,0.003623970557222404,-0.033180703244246386,-0.016063731411463222,2,6,1,5,3,7,8,18,9985.478109759999,0.0,11767.753965160024
25,55,12,20,0.3076923076923077,3.1670274132486353,61.73677031653912,-0.2728398332461723,1605.156028230018,0.9365256124721604,2221.997231475009,2401.003411213605,-0.04402975005740281,0.0010950555064382843,-0.033180703244246386,-0.011428183282176353,2,6,1,5,2,7,8,18,9985.478109759999,0.0,11605.156028230023
25,55,13,20,0.3076923076923077,3.189186533201045,62.7892572011545,-0.2710850459689913,1632.5206872300187,0.9365256124721604,2235.6795609750093,2409.1170548160553,-0.032868637060404333,0.001839129706238185,-0.033180703244246386,-0.011428183282176353,2,6,1,5,2,7,8,18,9985.478109759999,0.0,11632.520687230022
25,55,14,20,0.3076923076923077,3.2473667211284027,68.22075713115458,-0.2728314689573248,1773.7396854100207,0.9365256124721604,2395.760256705011,2594.096473954397,-0.05470367453943945,0.00639417501003257,-0.033180703244246386,-0.014091625737188685,2,6,1,5,2,7,8,18,9985.478109759999,0.0,11773.739685410026
25,55,15,20,0.2692307692307692,3.9528022361190898,69.3491465588468,-0.2755662094617559,1803.0778105300187,0.9365256124721604,2438.0509661700016,2607.126071470887,-0.035694496587303955,0.00005939009596229727,-0.033180703244246386,-0.0014504325575700472,1,7,1,5,2,7,7,19,9985.478109759999,0.0,11803.077810530023
25,55,16,20,0.2692307692307692,3.9323572798366286,68.20435741423145,-0.2755662094617559,1773.313292770019,0.9365256124721604,2438.0509661700016,2606.1482405965885,-0.035694496587303955,-0.0003496781982922951,-0.033180703244246386,-0.0014504325575700472,1,7,1,5,2,7,7,19,9985.478109759999,0.0,11773.313292770024
25,55,17,20,0.2692307692307692,3.4424561155913582,46.532192235769884,-0.3069439535358461,1209.8369981300175,0.9365256124721604,2333.0490885650074,2211.341785740831,-0.05910683922903119,-0.00815282773760581,-0.033180703244246386,0.01854640937337516,1,7,1,5,1,7,7,19,9985.478109759999,0.0,11209.836998130027
25,55,18,20,0.23076923076923078,4.152036597412061,42.97898431923147,-0.3069439535358461,1117.4535923000185,0.9365256124721604,2333.0490885650074,2208.8043484915884,-0.05910683922903119,-0.00942249797197777,-0.033180703244246386,0.01854640937337516,1,8,1,5,1,8,6,20,9985.478109759999,0.0,11117.453592300028
25,55,19,20,0.23076923076923078,4.310766910430041,49.42236370846226,-0.2963134664792107,1284.9814564200205,0.9365256124721604,2362.971316960001,2301.911219087279,-0.035694496587303955,-0.007102328792525355,-0.033180703244246386,0.01854640937337516,1,8,1,5,1,8,6,20,9985.478109759999,0.0,11284.981456420026
26,55,5,20,0.3548387096774194,2.4984396341667052,41.97975561580721,-0.24969237711258793,1301.372424090021,0.9365256124721604,2179.2757856200033,2080.599900564297,-0.026975010570896643,-0.00880812107997706,-0.033180703244246386,-0.008112243974217965,3,5,1,5,4,5,11,20,9985.478109759999,0.0,11301.37242409002
26,55,6,20,0.3103448275862069,3.0142138771796074,49.38864426689727,-0.2527356977272037,1432.2706837400165,0.9365256124721604,2339.2756792600003,2368.1450928370564,-0.03036838680915442,-0.003141448479095119,-0.033180703244246386,-0.010917758664116267,2,6,1,5,3,7,9,20,9985.478109759999,0.0,11432.270683740022
26,55,7,20,0.2413793103448276,4.282084340302009,49.19740641689708,-0.26190612132382785,1426.7247860900134,0.9365256124721604,2339.2756792600003,2381.705367029962,-0.026037078987277584,0.0007445548121310714,-0.033180703244246386,-0.010989170035236877,2,8,1,5,3,10,7,22,9985.478109759999,0.0,11426.724786090017
26,55,8,20,0.3076923076923077,3.351262768188209,70.98103508307764,-0.26366868209343564,1845.5069121600172,0.9365256124721604,2398.078807395009,2518.1020163645408,-0.02678163896288041,-0.009975393631915507,-0.033180703244246386,-0.004870843418648821,2,6,1,5,3,7,8,18,9985.478109759999,0.0,11845.50691216002
26,55,9,20,0.2692307692307692,4.112818276103548,75.65663494038543,-0.2605425325555689,1967.0725084500227,0.9365256124721604,2453.541836360021,2627.904333155121,-0.02678163896288041,0.011769993475878053,-0.033180703244246386,-0.0194410028884408,2,6,1,7,2,7,7,19,9985.478109759999,0.0,11967.072508450025
26,55,10,20,0.2692307692307692,4.176374654725703,79.09485430461615,-0.2590748333346604,2056.466211920022,0.9365256124721604,2542.9355398300204,2711.0942163645304,-0.02678163896288041,0.015450265673097211,-0.033180703244246386,-0.021142394540352848,2,6,1,7,2,7,7,19,9985.478109759999,0.0,12056.466211920024
26,55,11,20,0.3076923076923077,3.2830568278592493,68.89139701153914,-0.2626066523433577,1791.176322300018,0.9365256124721604,2331.834506730017,2491.4183578707884,-0.04346379612779994,0.0036175899492105756,-0.033180703244246386,-0.016063731411463222,2,6,1,5,3,7,8,18,9985.478109759999,0.0,11791.176322300023
26,55,12,20,0.3076923076923077,3.197220810013969,63.16725577961611,-0.27212848738294115,1642.3486502700198,0.9365256124721604,2245.0639147000197,2429.299679451457,-0.04346379612779994,0.001463103055433638,-0.033180703244246386,-0.011428183282176353,2,6,1,5,2,7,8,18,9985.478109759999,0.0,11642.348650270022
26,55,13,20,0.3076923076923077,3.197220810013969,63.16725577961611,-0.27212848738294115,1642.3486502700198,0.9365256124721604,2245.0639147000197,2429.299679451457,-0.04346379612779994,0.001463103055433638,-0.033180703244246386,-0.011428183282176353,2,6,1,5,2,7,8,18,9985.478109759999,0.0,11642.348650270022
26,55,14,20,0.3076923076923077,3.330828088892976,72.07711615192389,-0.2681541409668129,1874.005019950022,0.9365256124721604,2441.6134946550046,2640.9592416248774,-0.04346379612779994,0.008477236734159647,-0.033180703244246386,-0.014091625737188685,2,6,1,5,2,7,8,18,9985.478109759999,0.0,11874.005019950026
26,55,15,20,0.2692307692307692,4.055710324361026,73.2055055796161,-0.2708910922675853,1903.34314507002,0.9365256124721604,2474.241356865012,2653.988839141367,-0.035694496587303955,0.002142451820089375,-0.033180703244246386,-0.0014504325575700472,1,7,1,5,2,7,7,19,9985.478109759999,0.0,11903.343145070023
26,55,16,20,0.2692307692307692,4.034733099768759,72.06071643500076,-0.2708910922675853,1873.5786273100202,0.9365256124721604,2474.241356865012,2653.011008267069,-0.035694496587303955,0.0017333835258347826,-0.033180703244246386,-0.0014504325575700472,1,7,1,5,2,7,7,19,9985.478109759999,0.0,11873.578627310024
26,55,17,20,0.2692307692307692,3.519203345996613,50.31482694115459,-0.3022060909651346,1308.18550047002,0.9365256124721604,2346.522716960001,2256.744625536645,-0.04346379612779994,-0.006089208190402821,-0.033180703244246386,0.01854640937337516,1,7,1,5,1,7,7,19,9985.478109759999,0.0,11308.185500470026
26,55,18,20,0.23076923076923078,4.243772238186147,46.76161902461624,-0.3022060909651346,1215.802094640021,0.9365256124721604,2346.522716960001,2254.207188287402,-0.04346379612779994,-0.007358878424774784,-0.033180703244246386,0.01854640937337516,1,8,1,5,1,8,6,20,9985.478109759999,0.0,11215.802094640027
26,55,19,20,0.23076923076923078,4.409734231609106,53.204998413846965,-0.29159844968711873,1383.3299587600195,0.9365256124721604,2372.47591696,2347.314058883093,-0.035694496587303955,-0.005038709245322371,-0.033180703244246386,0.01854640937337516,1,8,1,5,1,8,6,20,9985.478109759999,0.0,11383.329958760025
27,55,5,20,0.3548387096774194,2.467939751641897,40.67157309967813,-0.24990510445044173,1260.8187660900194,0.9365256124721604,2170.4829356200025,2042.28421274973,-0.029133498538705317,-0.009551588997733344,-0.033180703244246386,-0.008112243974217965,3,5,1,5,4,5,11,20,9985.478109759999,0.0,11260.81876609002
27,55,6,20,0.3103448275862069,2.9945918290798446,48.5627867065524,-0.25267993463519733,1408.3208144900154,0.9365256124721604,2339.2756792600003,2342.1513597065104,-0.035802918315298714,-0.003961231289660385,-0.033180703244246386,-0.010917758664116267,2,6,1,5,3,7,9,20,9985.478109759999,0.0,11408.320814490022
27,55,7,20,0.2413793103448276,4.256127415952795,48.369664182759095,-0.2618855539346926,1402.7202613000118,0.9365256124721604,2339.2756792600003,2355.7086770708743,-0.03134541223734464,-0.00007598882915976768,-0.033180703244246386,-0.010989170035236877,2,8,1,5,3,10,7,22,9985.478109759999,0.0,11402.720261300015
27,55,8,20,0.3076923076923077,3.3276633648880307,70.07135253269297,-0.26365222841985325,1821.8551658500155,0.9365256124721604,2389.9362024850084,2492.125455477146,-0.036161582023963336,-0.01095415299138209,-0.033180703244246386,-0.004870843418648821,2,6,1,5,3,7,8,18,9985.478109759999,0.0,11821.855165850018
27,55,9,20,0.2692307692307692,4.0840790904182045,74.74613063192382,-0.2605196018227822,1943.3993964300207,0.9365256124721604,2440.5258182450098,2601.9272361480716,-0.036161582023963336,0.010790877211578587,-0.033180703244246386,-0.0194410028884408,2,6,1,7,2,7,7,19,9985.478109759999,0.0,11943.399396430023
27,55,10,20,0.2692307692307692,4.147087704656788,78.18434999615454,-0.2590489559853249,2032.79309990002,0.9365256124721604,2520.01986688501,2685.1171193574805,-0.036161582023963336,0.014471149408797738,-0.033180703244246386,-0.021142394540352848,2,6,1,7,2,7,7,19,9985.478109759999,0.0,12032.793099900022
27,55,11,20,0.3076923076923077,3.260748732459102,67.97717389307758,-0.262587894232827,1767.4065212200167,0.9365256124721604,2314.3255486000076,2465.4378417905536,-0.04346379612779994,0.002636858536488688,-0.033180703244246386,-0.016063731411463222,2,6,1,5,3,7,8,18,9985.478109759999,0.0,11767.406521220022
27,55,12,20,0.3076923076923077,3.1756368020384067,62.25303266115452,-0.27212999107099706,1618.5788491900184,0.9365256124721604,2228.846847585009,2403.3191633712227,-0.04346379612779994,0.00048237164271175046,-0.033180703244246386,-0.011428183282176353,2,6,1,5,2,7,8,18,9985.478109759999,0.0,11618.57884919002
27,55,13,20,0.3076923076923077,3.1756368020384067,62.25303266115452,-0.27212999107099706,1618.5788491900184,0.9365256124721604,2228.846847585009,2403.3191633712227,-0.04346379612779994,0.00048237164271175046,-0.033180703244246386,-0.011428183282176353,2,6,1,5,2,7,8,18,9985.478109759999,0.0,11618.57884919002
27,55,14,20,0.3076923076923077,3.308117009171801,71.1628930334623,-0.26814728928950243,1850.2352188700206,0.9365256124721604,2425.018878405004,2614.978725544643,-0.04346379612779994,0.00749650532143776,-0.033180703244246386,-0.014091625737188685,2,6,1,5,2,7,8,18,9985.478109759999,0.0,11850.235218870024
27,55,15,20,0.2692307692307692,4.027592994376768,72.28869869730832,-0.2708899813930448,1879.5061661300178,0.9365256124721604,2451.120485120002,2628.0060300963214,-0.036161582023963336,0.0011605982306227484,-0.033180703244246386,-0.0014504325575700472,1,7,1,5,2,7,7,19,9985.478109759999,0.0,11879.50616613002
27,55,16,20,0.2692307692307692,4.006762452710498,71.14211802038528,-0.2708899813930448,1849.695068530019,0.9365256124721604,2451.120485120002,2627.0266689702635,-0.036161582023963336,0.000750751840530924,-0.033180703244246386,-0.0014504325575700472,1,7,1,5,2,7,7,19,9985.478109759999,0.0,11849.695068530022
27,55,17,20,0.2692307692307692,3.6155547482753123,54.925552180385296,-0.29953852544112713,1428.064356690018,0.9365256124721604,2362.971316960001,2340.254876839785,-0.04346379612779994,-0.007006458623768245,-0.033180703244246386,0.01854640937337516,1,7,1,5,1,7,7,19,9985.478109759999,0.0,11428.064356690025
27,55,18,20,0.23076923076923078,4.361078609750699,51.3667836880777,-0.29953852544112713,1335.5363758900185,0.9365256124721604,2362.971316960001,2337.7134686402305,-0.04346379612779994,-0.008278543919727524,-0.033180703244246386,0.01854640937337516,1,8,1,5,1,8,6,20,9985.478109759999,0.0,11335.536375890026
27,55,19,20,0.23076923076923078,4.536532121268458,57.81016307730843,-0.2890046355779112,1503.0642400100196,0.9365256124721604,2382.70465368501,2430.820339235921,-0.035694496587303955,-0.005958374740275111,-0.033180703244246386,0.01854640937337516,1,8,1,5,1,8,6,20,9985.478109759999,0.0,11503.064240010024
28,55,5,20,0.36666666666666664,2.5715315865547312,52.40806624600067,-0.2291608785200267,1572.2419873800181,0.9365256124721604,2246.3986716800114,2095.5924314404983,-0.025292519011674754,-0.0032555090982810176,-0.033180703244246386,-0.008112243974217965,3,5,1,5,4,5,11,19,9985.478109759999,0.0,11572.241987380019
28,55,6,20,0.32142857142857145,3.081715651129565,61.419429849286416,-0.23227966487814783,1719.744035780015,0.9365256124721604,2394.051755740008,2395.4595783972786,-0.025292519011674754,0.0034044084631435637,-0.033180703244246386,-0.010917758664116267,2,5,1,5,3,7,9,19,9985.478109759999,0.0,11719.74403578002
28,55,7,20,0.25,4.409434934472939,61.219410092500425,-0.24160446918066372,1714.1434825900105,0.9365256124721604,2360.7015088000076,2409.0168957616424,-0.025292519011674754,0.0075181945977912815,-0.033180703244246386,-0.010989170035236877,2,7,1,5,3,10,7,21,9985.478109759999,0.0,11714.143482590014
28,55,8,20,0.32,3.423046341794174,85.33113548560067,-0.24373917689741154,2133.278387140015,0.9365256124721604,2596.4511420500085,2545.433674167914,-0.026037078987277584,-0.0025096562702431246,-0.033180703244246386,-0.004870843418648821,2,5,1,5,3,7,8,17,9985.478109759999,0.0,12133.278387140017
28,55,9,20,0.28,4.209555049768351,90.19290470880077,-0.24074215094963433,2254.8226177200195,0.9365256124721604,2679.2369598950104,2655.2354548388403,-0.026037078987277584,0.02078859037578617,-0.033180703244246386,-0.0194410028884408,2,5,1,7,2,7,7,18,9985.478109759999,0.0,12254.822617720021
28,55,10,20,0.28,4.274499489965217,93.76865284760072,-0.23938314978535552,2344.216321190019,0.9365256124721604,2703.126509930009,2738.425338048249,-0.026037078987277584,0.024731739158520973,-0.033180703244246386,-0.021142394540352848,2,5,1,7,2,7,7,18,9985.478109759999,0.0,12344.21632119002
28,55,11,20,0.32,3.2818138869635707,80.39334853720064,-0.24704465746293908,2009.8337134300164,0.9365256124721604,2486.058339120017,2495.5504918447073,-0.03981268907588164,0.010034911852810984,-0.033180703244246386,-0.016063731411463222,2,5,1,5,3,7,8,17,9985.478109759999,0.0,12009.83371343002
28,55,12,20,0.32,3.1961521147391703,74.4402416560007,-0.2565867543011091,1861.0060414000181,0.9365256124721604,2368.161232025009,2433.4318134253763,-0.03981268907588164,0.007726533038049975,-0.033180703244246386,-0.011428183282176353,2,5,1,5,2,7,8,17,9985.478109759999,0.0,11861.006041400018
28,55,13,20,0.32,3.1961521147391703,74.4402416560007,-0.2565867543011091,1861.0060414000181,0.9365256124721604,2368.161232025009,2433.4318134253763,-0.03981268907588164,0.007726533038049975,-0.033180703244246386,-0.011428183282176353,2,5,1,5,2,7,8,17,9985.478109759999,0.0,11861.006041400018
28,55,14,20,0.32,3.355552685940628,84.85359598960079,-0.2510197824000135,2121.33989974002,0.9365256124721604,2597.5645254300207,2654.7115277393536,-0.03797628171013595,0.01608011710848529,-0.033180703244246386,-0.014091625737188685,2,5,1,5,2,7,8,17,9985.478109759999,0.0,12121.339899740022
28,55,15,20,0.28,4.191466390678693,89.11321991520063,-0.24892350760498688,2227.830497880016,0.9365256124721604,2690.8189634200094,2693.5601909433703,-0.03981268907588164,0.0067302599860795355,-0.033180703244246386,-0.0014504325575700472,1,6,1,5,2,6,7,18,9985.478109759999,0.0,12227.830497880022
28,55,16,20,0.28,4.169788302695198,87.92077601120067,-0.24892350760498688,2198.019400280017,0.9365256124721604,2690.8189634200094,2692.580829817313,-0.03981268907588164,0.006291138853838292,-0.033180703244246386,-0.0014504325575700472,1,6,1,5,2,6,7,18,9985.478109759999,0.0,12198.019400280024
28,55,17,20,0.28,3.7271246685503616,71.05554753760072,-0.2776364366954336,1776.3886884400172,0.9365256124721604,2427.1425569600005,2405.809037686834,-0.0490837353336197,-0.0020201580721965324,-0.033180703244246386,0.01854640937337516,1,6,1,5,1,6,7,18,9985.478109759999,0.0,11776.388688440027
28,55,18,20,0.24,4.5053179621361865,67.35442830560072,-0.2776364366954336,1683.8607076400176,0.9365256124721604,2427.1425569600005,2403.2676294872795,-0.0490837353336197,-0.003383106603581471,-0.033180703244246386,0.01854640937337516,1,7,1,5,1,7,6,19,9985.478109759999,0.0,11683.860707640028
28,55,19,20,0.24,4.703120617580099,74.05554287040067,-0.2671025468322177,1851.3885717600178,0.9365256124721604,2524.7888021600165,2496.3745000829695,-0.03957914635755195,-0.0008972110541681669,-0.033180703244246386,0.01854640937337516,1,7,1,5,1,7,6,19,9985.478109759999,0.0,11851.388571760026
29,55,5,20,0.36666666666666664,2.5767172036955728,52.62384919133399,-0.22906210560724577,1578.7154757400176,0.9365256124721604,2249.635415860011,2100.1157506281147,-0.025292519011674754,-0.003181617247116451,-0.033180703244246386,-0.008112243974217965,3,5,1,5,4,5,11,19,9985.478109759999,0.0,11578.715475740022
29,55,6,20,0.32142857142857145,3.087058225879819,61.65062586214353,-0.2321812070268602,1726.2175241400128,0.9365256124721604,2397.288499920007,2399.982897584894,-0.025292519011674754,0.003486993473268668,-0.033180703244246386,-0.010917758664116267,2,5,1,5,3,7,9,19,9985.478109759999,0.0,11726.21752414002
29,55,7,20,0.25,4.41727228275881,61.45060610535754,-0.2415026568283571,1720.61697095001,0.9365256124721604,2363.9382529800073,2413.540214949259,-0.025292519011674754,0.007600779607916382,-0.033180703244246386,-0.010989170035236877,2,7,1,5,3,10,7,21,9985.478109759999,0.0,11720.616970950017
29,55,8,20,0.32,3.429403172514014,85.59007502000065,-0.24363832808071592,2139.751875500013,0.9365256124721604,2599.6878862300073,2549.9569933555294,-0.026037078987277584,-0.0024093744722340693,-0.033180703244246386,-0.004870843418648821,2,5,1,5,3,7,8,17,9985.478109759999,0.0,12139.75187550002
29,55,9,20,0.28,4.21726817126235,90.45184424320075,-0.24064322019457382,2261.296106080017,0.9365256124721604,2682.473704075009,2659.7587740264553,-0.026037078987277584,0.020888872173795228,-0.033180703244246386,-0.0194410028884408,2,5,1,7,2,7,7,18,9985.478109759999,0.0,12261.296106080024
29,55,10,20,0.28,4.282331608443856,94.0275923820007,-0.2392853325886552,2350.6898095500164,0.9365256124721604,2706.363254110008,2742.9486572358646,-0.026037078987277584,0.024832020956530032,-0.033180703244246386,-0.021142394540352848,2,5,1,7,2,7,7,18,9985.478109759999,0.0,12350.689809550024
29,55,11,20,0.32,3.287578350753813,80.65228807160062,-0.2469421645696204,2016.307201790014,0.9365256124721604,2492.5318274800147,2500.0738110323223,-0.03981268907588164,0.010135193650820043,-0.033180703244246386,-0.016063731411463222,2,5,1,5,3,7,8,17,9985.478109759999,0.0,12016.307201790023
29,55,12,20,0.32,3.2017661147306713,74.69918119040068,-0.256480302621054,1867.4795297600158,0.9365256124721604,2371.397976205008,2437.9551326129913,-0.03981268907588164,0.007826814836059034,-0.033180703244246386,-0.011428183282176353,2,5,1,5,2,7,8,17,9985.478109759999,0.0,11867.479529760021
29,55,13,20,0.32,3.2017661147306713,74.69918119040068,-0.256480302621054,1867.4795297600158,0.9365256124721604,2371.397976205008,2437.9551326129913,-0.03981268907588164,0.007826814836059034,-0.033180703244246386,-0.011428183282176353,2,5,1,5,2,7,8,17,9985.478109759999,0.0,11867.479529760021
29,55,14,20,0.32,3.361492893040996,85.11253552400075,-0.25091716384944573,2127.8133881000176,0.9365256124721604,2604.0380137900183,2659.234846926968,-0.03797628171013595,0.016180398906494343,-0.033180703244246386,-0.014091625737188685,2,5,1,5,2,7,8,17,9985.478109759999,0.0,12127.813388100021
29,55,15,20,0.28,4.19915359944056,89.37215944960064,-0.24882192869284053,2234.3039862400137,0.9365256124721604,2694.055707600008,2698.0835101309854,-0.03981268907588164,0.006830541784088591,-0.033180703244246386,-0.0014504325575700472,1,6,1,5,2,6,7,18,9985.478109759999,0.0,12234.303986240022
29,55,16,20,0.28,4.177435753536483,88.17971554560069,-0.24882192869284053,2204.492888640015,0.9365256124721604,2694.055707600008,2697.104149004928,-0.03981268907588164,0.006391420651847347,-0.033180703244246386,-0.0014504325575700472,1,6,1,5,2,6,7,18,9985.478109759999,0.0,12204.492888640023
29,55,17,20,0.28,3.7332390898367342,71.3144870720007,-0.27752347275983175,1782.8621768000148,0.9365256124721604,2428.2615516800065,2410.3323568744495,-0.0490837353336197,-0.0019198762741874772,-0.033180703244246386,0.01854640937337516,1,6,1,5,1,6,7,18,9985.478109759999,0.0,11782.862176800023
29,55,18,20,0.24,4.512651763473152,67.61336784000068,-0.27752347275983175,1690.3341960000153,0.9365256124721604,2428.2615516800065,2407.790948674895,-0.0490837353336197,-0.003282824805572416,-0.033180703244246386,0.01854640937337516,1,7,1,5,1,7,6,19,9985.478109759999,0.0,11690.334196000023
29,55,19,20,0.24,4.7111130968961925,74.31448240480066,-0.26699386889621435,1857.8620601200155,0.9365256124721604,2531.262290520014,2500.8978192705854,-0.03957914635755195,-0.0007969292561591115,-0.033180703244246386,0.01854640937337516,1,7,1,5,1,7,6,19,9985.478109759999,0.0,11857.862060120022
30,55,5,20,0.36666666666666664,2.5426439552251594,51.18989089666735,-0.23192639428586523,1535.6967269000188,0.9365256124721604,2232.4675014400104,2076.130475535866,-0.023287934006208717,-0.0029903071626522226,-0.033180703244246386,-0.008112243974217965,3,5,1,5,4,5,11,19,9985.478109759999,0.0,11535.696726900022
30,55,6,20,0.32142857142857145,3.051898335741198,60.11424197500071,-0.23499802359550603,1683.198775300014,0.9365256124721604,2382.9216403400014,2375.9976224926454,-0.023287934006208717,0.0037008106264933937,-0.033180703244246386,-0.010917758664116267,2,5,1,5,3,7,9,19,9985.478109759999,0.0,11683.19877530002
30,55,7,20,0.25,4.365706672166414,59.914222218214746,-0.2443030235744492,1677.5982221100112,0.9365256124721604,2353.832940340001,2389.55493985701,-0.023287934006208717,0.007814596761141109,-0.033180703244246386,-0.010989170035236877,2,7,1,5,3,10,7,21,9985.478109759999,0.0,11677.598222110017
30,55,8,20,0.32,3.3875971328636614,83.86932506640068,-0.24638789864869337,2096.733126660014,0.9365256124721604,2576.568810440014,2525.9717182632803,-0.025034786484544564,-0.0021497393576040452,-0.033180703244246386,-0.004870843418648821,2,5,1,5,3,7,8,17,9985.478109759999,0.0,12096.73312666002
30,55,9,20,0.28,4.1665354147050975,88.73109428960078,-0.24337407487979104,2218.2773572400165,0.9365256124721604,2660.964329655009,2635.7734989342057,-0.025034786484544564,0.021148507288425256,-0.033180703244246386,-0.0194410028884408,2,5,1,7,2,7,7,18,9985.478109759999,0.0,12218.277357240024
30,55,10,20,0.28,4.230816153849567,92.30684242840073,-0.2420007777654407,2307.671060710016,0.9365256124721604,2699.2258369600004,2718.963382143615,-0.025034786484544564,0.02509165607116006,-0.033180703244246386,-0.021142394540352848,2,5,1,7,2,7,7,18,9985.478109759999,0.0,12307.671060710023
30,55,11,20,0.32,3.164485078835503,74.91793196760062,-0.25612981754604525,1872.948299190015,0.9365256124721604,2374.1323609200076,2420.332212138893,-0.03981268907588164,0.01038374109780203,-0.033180703244246386,-0.016063731411463222,2,5,1,5,3,7,8,17,9985.478109759999,0.0,11872.948299190022
30,55,12,20,0.32,3.0818858183754507,68.96482508640068,-0.26566795559747913,1724.120627160015,0.9365256124721604,2292.6826015700067,2358.2135337195614,-0.03981268907588164,0.008075362283041022,-0.033180703244246386,-0.011428183282176353,2,5,1,5,2,7,8,17,9985.478109759999,0.0,11724.12062716002
30,55,13,20,0.32,3.0818858183754507,68.96482508640068,-0.26566795559747913,1724.120627160015,0.9365256124721604,2292.6826015700067,2358.2135337195614,-0.03981268907588164,0.008075362283041022,-0.033180703244246386,-0.011428183282176353,2,5,1,5,2,7,8,17,9985.478109759999,0.0,11724.12062716002
30,55,14,20,0.32,3.2346823226495,79.37817942000078,-0.2599704078149016,1984.4544855000167,0.9365256124721604,2511.556277380009,2579.4932480335383,-0.03797628171013595,0.01642894635347633,-0.033180703244246386,-0.014091625737188685,2,5,1,5,2,7,8,17,9985.478109759999,0.0,11984.45448550002
30,55,15,20,0.28,4.035260539339665,83.63780334560064,-0.25785892160872315,2090.945083640013,0.9365256124721604,2589.900416300006,2618.341911237556,-0.03981268907588164,0.007079089231070578,-0.033180703244246386,-0.0014504325575700472,1,6,1,5,2,6,7,18,9985.478109759999,0.0,12090.945083640021
30,55,16,20,0.28,4.014390341453153,82.44535944160069,-0.25785892160872315,2061.133986040014,0.9365256124721604,2589.900416300006,2617.362550111498,-0.03981268907588164,0.006639968098829334,-0.033180703244246386,-0.0014504325575700472,1,6,1,5,2,6,7,18,9985.478109759999,0.0,12061.133986040022
30,55,17,20,0.28,3.7132747643388235,70.46586469400066,-0.2788569311545114,1761.646617350013,0.9365256124721604,2425.055252725006,2398.203473852956,-0.0490837353336197,-0.0022329352316897222,-0.033180703244246386,0.01854640937337516,1,6,1,5,1,6,7,18,9985.478109759999,0.0,11761.64661735002
30,55,18,20,0.24,4.488705326259491,66.76474546200066,-0.2788569311545114,1669.1186365500134,0.9365256124721604,2425.055252725006,2395.6620656534014,-0.0490837353336197,-0.003595883763074665,-0.033180703244246386,0.01854640937337516,1,7,1,5,1,7,6,19,9985.478109759999,0.0,11669.11863655002
30,55,19,20,0.24,4.684135225616537,73.43691352760067,-0.2683728115408445,1835.9228381900148,0.9365256124721604,2509.3230685900135,2488.3667467432792,-0.03957914635755195,-0.001121621443428224,-0.033180703244246386,0.01854640937337516,1,7,1,5,1,7,6,19,9985.478109759999,0.0,11835.922838190023
