day,L=1|z_cut=1.0,L=1|z_cut=1.5,L=3|z_cut=1.0,L=3|z_cut=1.5
2024-01-01,0.0,0.0,0.0,0.0
2024-01-02,0.0,0.0,0.0,0.0
2024-01-03,0.0,0.0,0.0,0.0
2024-01-04,0.0,0.0,0.0,0.0
2024-01-05,0.0,0.0,0.0,0.0
2024-01-06,0.0,0.0,0.0,0.0
2024-01-07,0.0,0.0,0.0,0.0
2024-01-08,0.0,0.0,0.0,0.0
2024-01-09,0.0,0.0,0.0,0.0
2024-01-10,0.0,0.0,0.0,0.0
2024-01-11,0.0,0.0,0.0,0.0
2024-01-12,0.0,0.0,0.0,0.0
2024-01-13,0.0,0.0,0.0,0.0
2024-01-14,0.0,0.0,0.0,0.0
2024-01-15,0.0,0.0,0.0,0.0
2024-01-16,0.0,0.0,0.0,0.0
2024-01-17,0.0,0.0,0.0,0.0
2024-01-18,0.0,0.0,0.0,0.0
2024-01-19,0.0,0.0,0.0,0.0
2024-01-20,0.0,0.0,0.0,0.0
2024-01-21,0.0,0.0,0.0,0.0
2024-01-22,0.0,0.0,0.0,0.0
2024-01-23,0.0,0.0,0.0,0.0
2024-01-24,0.0,0.0,0.0,0.0
2024-01-25,0.0,0.0,0.0,0.0
2024-01-26,0.0,0.0,0.0,0.0
2024-01-27,0.0,0.0,0.0,0.0
2024-01-28,0.0,0.0,0.0,0.0
2024-01-29,0.0,0.0,0.0,0.0
2024-01-30,0.0,0.0,0.0,0.0
2024-01-31,0.0,0.0,0.0,0.0
2024-02-01,0.0,0.0,0.0,0.0
2024-02-02,0.0,0.0,0.0,0.0
2024-02-03,0.0,0.0,0.0,0.0
2024-02-04,0.0,0.0,0.0,0.0
2024-02-05,0.0,0.0,0.0,0.0
2024-02-06,0.0,0.0,0.0,0.0
2024-02-07,0.0,0.0,0.0,0.0
2024-02-08,0.0,0.0,0.0,0.0
2024-02-09,0.0,0.0,0.0,0.0
2024-02-10,0.0,0.0,0.0,0.0
2024-02-11,0.0,0.0,0.0,0.0
2024-02-12,0.0,0.0,0.0,0.0
2024-02-13,0.0,0.0,0.0,0.0
2024-02-14,0.0,0.0,0.0,0.0
2024-02-15,0.0,0.0,0.0,0.0
2024-02-16,0.0,0.0,0.0,0.0
2024-02-17,0.0,0.0,0.0,0.0
2024-02-18,0.0,0.0,0.0,0.0
2024-02-19,0.0,0.0,0.0,0.0
2024-02-20,0.0,0.0,0.0,0.0
2024-02-21,0.0,0.0,0.0,0.0
2024-02-22,0.0,0.0,0.0,0.0
2024-02-23,0.0,0.0,0.0,0.0
2024-02-24,0.0,0.0,0.0,0.0
2024-02-25,0.0,0.0,0.0,0.0
2024-02-26,0.0,0.0,0.0,0.0
2024-02-27,0.0,0.0,0.0,0.0
2024-02-28,0.0,0.0,0.0,0.0
2024-02-29,0.0,0.0,0.0,0.0
2024-03-01,0.0,0.0,0.0,0.0
2024-03-02,0.0,0.0,0.0,0.0
2024-03-03,0.0,0.0,0.0,0.0
2024-03-04,0.0,0.0,0.0,0.0
2024-03-05,0.0,0.0,0.0,0.0
2024-03-06,0.0,0.0,0.0,0.0
2024-03-07,0.0,0.0,0.0,0.0
2024-03-08,0.0,0.0,0.0,0.0
2024-03-09,0.0,0.0,0.0,0.0
2024-03-10,0.0,0.0,0.0,0.0
2024-03-11,0.0,0.0,0.0,0.0
2024-03-12,0.0,0.0,0.0,0.0
2024-03-13,0.0,0.0,0.0,0.0
2024-03-14,0.0,0.0,0.0,0.0
2024-03-15,0.0,0.0,0.0,0.0
2024-03-16,0.0,0.0,0.0,0.0
2024-03-17,0.0,0.0,0.0,0.0
2024-03-18,0.0,0.0,0.0,0.0
2024-03-19,0.0,0.0,0.0,0.0
2024-03-20,0.0,0.0,0.0,0.0
2024-03-21,0.0,0.0,0.0,0.0
2024-03-22,0.0,0.0,0.0,0.0
2024-03-23,0.0,0.0,0.0,0.0
2024-03-24,0.0,0.0,0.0,0.0
2024-03-25,0.0,0.0,0.0,0.0
2024-03-26,0.0,0.0,0.0,0.0
2024-03-27,0.0,0.0,0.0,0.0
2024-03-28,0.0,0.0,0.0,0.0
2024-03-29,0.0,0.0,0.0,0.0
2024-03-30,0.0,0.0,0.0,0.0
2024-03-31,0.00689396719644643,0.00689396719644643,0.0,0.0
2024-04-01,-0.007295742953161227,-0.007295742953161227,0.0,0.0
2024-04-02,-0.014584235301084103,-0.014024857314728717,-0.014113798356451391,-0.014113798356451391
2024-04-03,0.0017979423782158663,0.0018851444824738053,0.0018851444824738053,0.0018851444824738053
2024-04-04,0.004769087157369991,0.004769087157369991,0.004769087157369991,0.004769087157369991
2024-04-05,-0.0015518147044356152,-0.0015518147044356152,-0.0015518147044356152,-0.0015518147044356152
2024-04-06,0.002931437340832569,0.002931437340832569,0.002931437340832569,0.002931437340832569
2024-04-07,0.004270748248046925,0.004270748248046925,0.004270748248046925,0.004270748248046925
2024-04-08,0.011849921494920694,0.011849921494920694,0.011849921494920694,0.011849921494920694
2024-04-09,-0.01003685988296817,-0.01003685988296817,-0.01003685988296817,-0.01003685988296817
2024-04-10,0.004780582488525585,0.004780582488525585,0.0036634284041739597,0.0036634284041739597
2024-04-11,-0.0021209473041158473,-0.0021209473041158473,-0.002209583567725126,-0.002209583567725126
2024-04-12,-0.009503431277001699,-0.009503431277001699,-0.009503431277001699,-0.009503431277001699
2024-04-13,-0.013712690778316407,-0.013712690778316407,-0.010868705340764595,-0.010868705340764595
2024-04-14,0.008256443464883354,0.008256443464883354,0.008168065926321116,0.008168065926321116
2024-04-15,-0.005628299776367574,-0.005628299776367574,-0.005628299776367574,-0.005628299776367574
2024-04-16,-3.4814495719381175e-05,-3.4814495719381175e-05,-3.4814495719381175e-05,-3.4814495719381175e-05
2024-04-17,-8.860677063174937e-05,-0.00883600390931739,-0.007959929477849641,-0.007959929477849641
2024-04-18,0.008643129278152405,0.00873163101214595,0.008643129278152405,0.008643129278152405
2024-04-19,-9.803693451537971e-05,0.00026403857325381884,-9.803693451537971e-05,0.0015005080392265125
2024-04-20,0.0068728986875828246,0.006983693555783219,0.004747588801544715,0.004858383669745109
2024-04-21,-0.0003856940235188799,-0.0003856940235188799,-0.0004960187727735854,-0.0004960187727735854
2024-04-22,0.006445532359615669,0.006445532359615669,0.006445532359615669,0.006445532359615669
2024-04-23,6.807835115253776e-06,6.807835115253776e-06,6.807835115253776e-06,6.807835115253776e-06
2024-04-24,-0.008594983925518926,-0.008594983925518926,-0.008594983925518926,-0.008594983925518926
2024-04-25,0.0012483178018351314,0.0012483178018351314,0.0012483178018351314,0.0012483178018351314
2024-04-26,-0.0028732150756138634,-0.0028732150756138634,-0.0028732150756138634,-0.0028732150756138634
2024-04-27,0.011728375353006859,0.0051200934389272435,0.0051200934389272435,0.0051200934389272435
2024-04-28,-0.0005669401089813642,-0.00044688342473488856,-0.00044688342473488856,-0.00044688342473488856
2024-04-29,-0.00042699532288891423,-0.00042699532288891423,-0.004496454754941861,-0.00042699532288891423
2024-04-30,-0.017383161728010084,-0.017383161728010084,-0.019366630869095073,-0.017383161728010084
2024-05-01,-0.00012250047713935884,-0.008251965926943515,-0.004382944625920073,-0.008251965926943515
2024-05-02,0.0013275977318285793,0.0013275977318285793,-0.0001245234450834094,0.0013275977318285793
2024-05-03,0.012135783646462252,0.012135783646462252,0.012011698909266677,0.012135783646462252
2024-05-04,0.0031070235714792003,0.0031070235714792003,0.001428799514950701,0.0031070235714792003
2024-05-05,0.0011717894342935821,0.0011717894342935821,0.00105287795930446,0.0011717894342935821
2024-05-06,-0.00011891147498912217,-0.00011891147498912217,-0.005514549792407242,-0.005514549792407242
2024-05-07,-0.004975482920130676,-0.004975482920130676,-0.00485640607188562,-0.00485640607188562
2024-05-08,-0.004669472331275777,-0.004669472331275777,-0.004669472331275777,-0.004669472331275777
2024-05-09,-0.0001275471809871874,-0.0001275471809871874,0.008426856933091694,0.008426856933091694
2024-05-10,-0.013973168016508719,-0.013973168016508719,-0.013973168016508719,-0.013973168016508719
2024-05-11,-0.00013267380168650907,-0.00013267380168650907,-0.00013267380168650907,-0.00013267380168650907
2024-05-12,0.0017094238566112696,0.0017094238566112696,0.0,0.0017094238566112696
2024-05-13,0.002682987394785801,0.002682987394785801,0.0,0.002682987394785801
2024-05-14,-0.00014876278289085052,-0.009010856336980292,-0.009353944399807846,-0.009205181616916995
2024-05-15,0.029341099251412234,0.029341099251412234,-0.00015583071913741808,-0.00015583071913741808
2024-05-16,-0.008609048304483401,-0.008609048304483401,-0.005801004931586231,-0.008606664755692918
2024-05-17,0.01368433849793758,0.01368433849793758,0.013541706238930909,0.01368433849793758
2024-05-18,0.0015093239649901732,0.0015093239649901732,0.0015093239649901732,0.0015093239649901732
2024-05-19,-0.00593872970145911,-0.00593872970145911,-0.004601616011330301,-0.004601616011330301
2024-05-20,0.06808714140644209,0.06808714140644209,0.0479107380643704,0.0479107380643704
2024-05-21,0.0026705222383306025,0.0026705222383306025,0.01194883114675975,0.002810612024204106
2024-05-22,-0.003551832899915226,-0.003551832899915226,-0.003652182392696047,-0.003551832899915226
2024-05-23,-0.0007906376591459576,-0.0007906376591459576,-0.0007906376591459576,-0.0007906376591459576
2024-05-24,-0.0008367931585229319,-0.0008367931585229319,-0.0008367931585229319,-0.0008367931585229319
2024-05-25,0.0020045810949886394,0.0020045810949886394,0.0020045810949886394,0.0020045810949886394
2024-05-26,0.0010615017809414537,0.0010615017809414537,0.0010615017809414537,0.0010615017809414537
2024-05-27,0.0043790774005815465,0.003942047188050322,0.003942047188050322,0.003942047188050322
2024-05-28,-0.0032893721370610618,-0.0035539203503748835,-0.0033911381641069855,-0.0035539203503748835
2024-05-29,-0.005205282686247613,-0.00530691207313592,-0.005205282686247613,-0.00530691207313592
2024-05-30,-0.0015574958930347268,0.0005007315492575365,-0.0015574958930347268,-0.0015574958930347268
2024-05-31,0.0009177184687734658,-0.0012246642394179318,0.0009177184687734658,0.0009177184687734658
2024-06-01,0.002149325847371477,0.002257661248806178,0.003710362840865702,0.002149325847371477
2024-06-02,-0.001309874980024449,-0.001309874980024449,-0.0014146128944738155,-0.001309874980024449
2024-06-03,0.0015037888226979387,0.0015037888226979387,0.0015037888226979387,0.0015037888226979387
2024-06-04,0.005050472221703972,0.005050472221703972,0.005050472221703972,0.005050472221703972
2024-06-05,0.003049767411147339,0.003049767411147339,0.003049767411147339,0.003049767411147339
2024-06-06,-0.0026700611269238755,-0.0026700611269238755,-0.0026700611269238755,-0.0026700611269238755
2024-06-07,-0.006076990434000081,-0.00815091222732539,-0.00815091222732539,-0.00815091222732539
2024-06-08,-0.000174426590169248,-6.0009231227584654e-05,-6.0009231227584654e-05,-6.0009231227584654e-05
2024-06-09,0.0015959437403369153,0.0015959437403369153,0.0015959437403369153,0.0015959437403369153
2024-06-10,-0.0006573794139692719,-0.0018077887516726571,-0.0018077887516726571,-0.0018077887516726571
2024-06-11,-0.009462773466249661,-0.009579329724725796,-0.011584159577910135,-0.011584159577910135
2024-06-12,0.004016939903481004,0.0044389845324754075,0.003900716095384048,0.003900716095384048
2024-06-13,-0.006936610577104024,-0.0068228519275907425,-0.006267416164013582,-0.006936610577104024
2024-06-14,-0.0012984151108847949,-0.0012984151108847949,-0.0034880034368662237,-0.0012984151108847949
2024-06-15,0.004101429303962389,0.004101429303962389,0.003980500313646317,0.004101429303962389
2024-06-16,0.003326456949743214,0.003326456949743214,0.003326456949743214,0.003326456949743214
2024-06-17,-0.005350513344202729,-0.005350513344202729,-0.005350513344202729,-0.005350513344202729
2024-06-18,-0.004367607866188651,-0.004367607866188651,-0.004367607866188651,-0.004367607866188651
2024-06-19,0.005725015324698031,0.005725015324698031,0.005725015324698031,0.005725015324698031
2024-06-20,-0.0048037358123195545,-0.0048037358123195545,-0.0048037358123195545,-0.0048037358123195545
2024-06-21,-0.003178188960719053,-0.003178188960719053,-0.003178188960719053,-0.003178188960719053
2024-06-22,-0.001630355646177206,-0.001630355646177206,-0.001630355646177206,-0.001630355646177206
2024-06-23,-0.012160040381639944,-0.012160040381639944,-0.012160040381639944,-0.012160040381639944
2024-06-24,-0.013154186778772262,-0.013154186778772262,-0.021473698371146734,-0.021473698371146734
2024-06-25,0.007579107755087388,0.007579107755087388,0.007329866056528829,0.007329866056528829
2024-06-26,-0.006992211793490145,-0.006992211793490145,-0.004213731940578493,-0.006992211793490145
2024-06-27,0.013522750517029008,0.010768084673298945,0.013750247510366543,0.010768084673298945
2024-06-28,-0.012381425801138999,-0.012313812147397133,-0.012381425801138999,-0.012313812147397133
2024-06-29,0.004615076910289626,0.0048528250616241275,-0.0005016683617286688,0.0022865735606829116
2024-06-30,0.012761625157338963,0.012761625157338963,0.012761625157338963,0.01298683826332224
2024-07-01,0.0006669074190147515,0.0006669074190147515,0.0006669074190147515,0.0006669074190147515
2024-07-02,-0.005006609990938826,-0.005006609990938826,-0.005006609990938826,-0.005006609990938826
2024-07-03,-0.01847212110206766,-0.01847212110206766,-0.01847212110206766,-0.01847212110206766
2024-07-04,-0.0002167385440829931,-0.0002167385440829931,-0.03479477438991292,-0.03479477438991292
2024-07-05,0.0,-0.014204692430814738,-0.00022339681141220313,-0.014204692430814738
2024-07-06,0.012730480451060342,0.012880149618488173,0.0,-0.0002149919707904049
2024-07-07,-0.0205218576504901,-0.0205218576504901,-0.020704188219599216,-0.020704188219599216
2024-07-08,0.009609069856732693,0.009609069856732693,0.012966213113730474,0.012966213113730474
2024-07-09,0.009645267835276417,0.008176365298389837,0.006547209825591593,0.00800842996158822
2024-07-10,0.004118281941858649,0.0010624036340563742,-0.00016793533680161624,0.0010624036340563742
2024-07-11,-0.00019560791832064258,-0.0015633439891285339,0.0,-0.0003579991778420888
2024-07-12,-0.00016533184293859935,0.004319842747648908,0.0,0.00464158223966556
2024-07-13,0.009304002614064843,0.007442428060979884,0.0,0.007277040180564514
2024-07-14,0.010034734530598315,0.010203364902167474,0.0110856837776557,0.0110856837776557
2024-07-15,0.03051147075046171,0.03051147075046171,0.02865349917192895,0.02865349917192895
2024-07-16,-0.0014597589720691335,-0.0014597589720691335,-0.0012957223790131308,-0.0012957223790131308
2024-07-17,-0.0055541573871819025,-0.0055541573871819025,-0.0055541573871819025,-0.0055541573871819025
2024-07-18,0.001728650766909209,0.001728650766909209,0.001728650766909209,0.001728650766909209
2024-07-19,0.011269591060832567,0.011269591060832567,0.011269591060832567,0.011269591060832567
2024-07-20,0.0019068789468402968,0.0019068789468402968,0.0019068789468402968,0.0019068789468402968
2024-07-21,0.0035319070593044636,0.0035319070593044636,0.0035319070593044636,0.0035319070593044636
2024-07-22,-0.006354446753682681,-0.006354446753682681,-0.006354446753682681,-0.006354446753682681
2024-07-23,-0.001972686374397778,-0.001972686374397778,-0.001972686374397778,-0.001972686374397778
2024-07-24,-0.00909736250733237,-0.00909736250733237,-0.00909736250733237,-0.00909736250733237
2024-07-25,0.0020549699734402098,0.0020549699734402098,-0.0075156100605420235,-0.0075156100605420235
2024-07-26,0.011175592589329082,0.011175592589329082,0.011037426800910783,0.011037426800910783
2024-07-27,-0.0015424754698229414,-0.0015424754698229414,-0.00012817100795955256,-0.00012817100795955256
2024-07-28,0.0018357235440255584,0.0018357235440255584,0.001697654039595144,0.001697654039595144
2024-07-29,-0.0012178002720016547,-0.0012178002720016547,-0.0012178002720016547,-0.0012178002720016547
2024-07-30,-0.003662904294906153,-0.003662904294906153,-0.003662904294906153,-0.003662904294906153
2024-07-31,-0.0066728394596783135,-0.0066728394596783135,-0.0066728394596783135,-0.0066728394596783135
2024-08-01,0.003688688173008698,0.0002595362507206779,0.0002595362507206779,0.0002595362507206779
2024-08-02,-0.02110960812105346,-0.022489533519666954,-0.02124915904052437,-0.022489533519666954
2024-08-03,-0.00014270974846470182,-0.00014270974846470182,-0.005412202606567089,-0.00555491235503179
2024-08-04,0.0,0.0,-0.00016293301936738354,-0.00016293301936738354
2024-08-05,0.0,0.0,0.0,0.0
2024-08-06,0.0,0.0,0.0,0.0
2024-08-07,0.0,-0.004869843194064421,0.0,0.0
2024-08-08,0.0,0.04306176209039309,0.0,0.0
2024-08-09,0.0,-0.004329213257140991,0.0,0.0
2024-08-10,0.0005396877945326865,0.0005124291413628,0.0,0.0005396877945326865
2024-08-11,-0.006394577238871119,-0.006394577238871119,-0.00821228273931526,-0.006394577238871119
2024-08-12,0.00854754754667664,0.00854754754667664,0.00845794864310256,0.00854754754667664
2024-08-13,-0.0017580893884698529,0.0015013456271278168,0.0015013456271278168,0.0015013456271278168
2024-08-14,-0.005585833568853647,-0.005499285401832812,-0.005499285401832812,-0.005499285401832812
2024-08-15,-0.008191748646043358,-0.0063223081675187615,-0.0063223081675187615,-0.0063223081675187615
2024-08-16,0.0037094335734072087,0.0038033833551660034,0.0038033833551660034,0.0038033833551660034
2024-08-17,0.002193738362671158,0.002193738362671158,0.0018697670359281667,0.002193738362671158
2024-08-18,-9.356894665211922e-05,-0.0022561437344813394,-0.0023485850132908374,-0.0022561437344813394
2024-08-19,0.002132545778693751,0.0031696805193436807,0.0031696805193436807,0.0031696805193436807
2024-08-20,-0.0018499742793897638,-0.003696103091911757,-0.0017554068575213722,-0.003696103091911757
2024-08-21,0.0068493111889731,0.006943905327608729,0.0068493111889731,0.006943905327608729
2024-08-22,-0.0030518513414957192,-0.001815753839302219,-0.0030518513414957192,-0.001815753839302219
2024-08-23,0.014232619859592965,0.013325793707271806,0.01323225113046426,0.013325793707271806
2024-08-24,0.0002823711719550111,0.0003756190393264315,0.0003756190393264315,0.0003756190393264315
2024-08-25,-0.0007743017249198137,-0.0007743017249198137,-0.0007743017249198137,-0.0007743017249198137
2024-08-26,-0.005021596999860607,-0.005021596999860607,-0.005189101526221643,-0.005189101526221643
2024-08-27,-0.012459076222597131,-0.012459076222597131,-0.012550229350915595,-0.01575812778562793
2024-08-28,-9.12339934222411e-05,-0.0014255521365971443,-0.0014255521365971443,-0.0015160406947409652
2024-08-29,0.0,0.0011542375720729285,0.0011542375720729285,0.0011542375720729285
2024-08-30,-0.0005764119669383779,-0.0005765140847057171,-0.0008466552374945217,-0.0008466552374945217
2024-08-31,-0.0006661647828052926,-0.0008768957810436069,-0.000579356677996674,-0.000579356677996674
2024-09-01,-0.007220172747230105,-0.007136648151348583,-0.007220172747230105,-0.007220172747230105
2024-09-02,0.0071999194632502775,0.0071999194632502775,0.0071999194632502775,0.008867842325130654
2024-09-03,-0.008544016836437492,-0.008544016836437492,-0.008544016836437492,-0.008455945547808331
2024-09-04,0.002047111431468412,0.0023757322188461237,0.002047111431468412,0.0023757322188461237
2024-09-05,-0.00010033063933460418,-0.008454230076555864,-0.00010033063933460418,-0.008044581353107053
2024-09-06,0.0,-9.917709053648242e-05,0.0,-9.917709053648242e-05
2024-09-07,0.007352104988997095,0.007352104988997095,0.0,0.0
2024-09-08,0.003710829651492947,0.003710829651492947,0.0032608695611070666,0.0032608695611070666
2024-09-09,-0.00013150282273039713,0.010928077055357695,0.008859955154200317,0.008859955154200317
2024-09-10,0.003681464714200636,0.003812209210298476,0.0036827013110545016,0.0036827013110545016
2024-09-11,-0.0042272023480531655,-0.0042272023480531655,-0.0042272023480531655,-0.0042272023480531655
2024-09-12,0.0038187587976151877,0.0038187587976151877,0.0038187587976151877,0.0038187587976151877
2024-09-13,0.012254437309430741,0.012254437309430741,0.012254437309430741,0.012254437309430741
2024-09-14,-0.0028629678888290487,-0.0028629678888290487,-0.0028629678888290487,-0.0028629678888290487
2024-09-15,-0.009315959560710957,-0.009315959560710957,-0.009315959560710957,-0.009315959560710957
2024-09-16,-0.002997602729021959,-0.004001167780764469,-0.004001167780764469,-0.004001167780764469
2024-09-17,0.008906159382045078,0.00903594789713018,0.00903594789713018,0.00903594789713018
2024-09-18,0.006214541518981912,0.006214541518981912,0.006214541518981912,0.006214541518981912
2024-09-19,0.006021818719363973,0.006021818719363973,0.009158917532682222,0.009158917532682222
2024-09-20,0.006739307903859922,0.006739307903859922,0.006865931771189634,0.006865931771189634
2024-09-21,0.00347446709962346,0.00347446709962346,0.00347446709962346,0.00347446709962346
2024-09-22,-0.0014909949271429475,-0.0014909949271429475,-0.0014909949271429475,-0.0014909949271429475
2024-09-23,0.008478638171390562,0.003599792300181396,0.003599792300181396,0.003599792300181396
2024-09-24,0.0027502709965419882,0.002885996758002328,0.002885996758002328,0.002885996758002328
2024-09-25,-0.007748812122160203,-0.007748812122160203,-0.007748812122160203,-0.007748812122160203
2024-09-26,0.012485785839959294,0.010269989058509857,0.010269989058509857,0.010269989058509857
2024-09-27,0.006208735432924506,0.00636466744712641,0.00636466744712641,0.00636466744712641
2024-09-28,-0.0012584290357988467,-0.0012584290357988467,-0.0012584290357988467,-0.0012584290357988467
2024-09-29,-0.0020468408959319374,-0.0020468408959319374,-0.0020468408959319374,-0.0020468408959319374
2024-09-30,-0.010576578608093978,-0.010576578608093978,-0.010576578608093978,-0.010576578608093978
2024-10-01,-0.019811764625122737,-0.019811764625122737,-0.019811764625122737,-0.019811764625122737
2024-10-02,-0.007482723079710919,-0.007482723079710919,-0.007482723079710919,-0.007482723079710919
2024-10-03,-0.0008825482360174144,-0.0008825482360174144,-0.0008825482360174144,-0.0008825482360174144
2024-10-04,0.008142240379883165,0.00936678403933955,0.00936678403933955,0.00936678403933955
2024-10-05,-0.00029581113908118043,-0.00014902765349463114,-0.00014902765349463114,-0.00014902765349463114
2024-10-06,0.005125291006488047,0.005125291006488047,0.005125291006488047,0.004863588356298654
2024-10-07,-0.0037909967502782766,-0.0037909967502782766,-0.0037909967502782766,-0.0036187555880824985
2024-10-08,0.001327934807921106,0.001327934807921106,0.001327934807921106,0.001327934807921106
2024-10-09,-0.01205251161550528,-0.01205251161550528,-0.01205251161550528,-0.01205251161550528
2024-10-10,0.0002307271833305429,0.0002307271833305429,0.0002307271833305429,0.0002307271833305429
2024-10-11,0.00948642717959484,0.01287381258382864,0.01287381258382864,0.01287381258382864
2024-10-12,0.004296216450660799,0.0055795075214121245,0.0055795075214121245,0.0055795075214121245
2024-10-13,-0.002077034919804617,-0.0019046144788246856,-0.0019046144788246856,-0.0019046144788246856
2024-10-14,0.02600470846463841,0.02600470846463841,0.02600470846463841,0.02600470846463841
2024-10-15,0.0013270821826391584,0.0013270821826391584,0.0013270821826391584,0.0013270821826391584
2024-10-16,0.0031163801068651315,0.0018659380058873463,0.0018659380058873463,0.0018659380058873463
2024-10-17,-0.001326628177395014,-0.0011659596943239278,-0.0011659596943239278,-0.0011659596943239278
2024-10-18,0.0062642030567404555,0.0060944946650532605,0.0060944946650532605,0.0060944946650532605
2024-10-19,6.157954351285687e-05,6.157954351285687e-05,-0.0004623383843856907,-0.0004623383843856907
2024-10-20,0.010360534654761997,0.010360534654761997,0.004169989998932,0.004169989998932
2024-10-21,-0.011976856914759243,-0.011976856914759243,-0.0121537590248345,-0.0121537590248345
2024-10-22,-0.00369219146215063,-0.00369219146215063,-0.00369219146215063,-0.00369219146215063
2024-10-23,-0.010447136523817287,-0.010447136523817287,-0.010447136523817287,-0.010447136523817287
2024-10-24,0.0056954809588405115,0.0056954809588405115,0.0056954809588405115,0.0056954809588405115
2024-10-25,-0.012743477933933505,-0.012743477933933505,-0.012743477933933505,-0.012743477933933505
2024-10-26,0.00490447670747177,0.00490447670747177,0.00490447670747177,0.00490447670747177
2024-10-27,0.004891886822703885,0.004891886822703885,0.004891886822703885,0.004891886822703885
2024-10-28,0.010807139840577455,0.010807139840577455,0.010807139840577455,0.010807139840577455
2024-10-29,0.014100939719078833,0.014100939719078833,0.014100939719078833,0.014100939719078833
2024-10-30,0.0003422011250223034,0.0003422011250223034,0.0003422011250223034,0.0003422011250223034
2024-10-31,-0.018480433261597123,-0.018480433261597123,-0.018480433261597123,-0.018480433261597123
2024-11-01,-0.003495405906217384,-0.003495405906217384,-0.003495405906217384,-0.003495405906217384
2024-11-02,-0.0020572860587588036,-0.0020572860587588036,-0.0020572860587588036,-0.0020572860587588036
2024-11-03,-0.0040537575154044915,-0.005145321618196035,-0.005145321618196035,-0.005145321618196035
2024-11-04,-0.008447320198093107,-0.008275297573426214,-0.008275297573426214,-0.008275297573426214
2024-11-05,0.006809551042377045,0.006809551042377045,0.006809551042377045,0.006809551042377045
2024-11-06,0.04509900767446092,0.04509900767446092,0.04509900767446092,0.04509900767446092
2024-11-07,0.013973766010173829,0.013973766010173829,0.013973766010173829,0.013973766010173829
2024-11-08,0.004807527897209452,0.004807527897209452,0.004807527897209452,0.004807527897209452
2024-11-09,0.009017243934885814,0.009017243934885814,0.009017243934885814,0.009017243934885814
2024-11-10,0.01048217489551419,0.01048217489551419,0.01048217489551419,0.01048217489551419
2024-11-11,0.02533284311411622,0.02533284311411622,0.02533284311411622,0.02533284311411622
2024-11-12,-0.0076435575387957646,-0.0076435575387957646,-0.0076435575387957646,-0.0076435575387957646
2024-11-13,0.0013296814244956093,0.0013296814244956093,0.0013296814244956093,0.0013296814244956093
2024-11-14,-0.010671667761791192,-0.010671667761791192,-0.010671667761791192,-0.010671667761791192
2024-11-15,0.007419543938678093,0.007419543938678093,0.007419543938678093,0.007419543938678093
2024-11-16,0.001167652372535156,0.001167652372535156,0.001167652372535156,0.001167652372535156
2024-11-17,-0.003736684909412057,-0.003736684909412057,-0.003736684909412057,-0.003736684909412057
2024-11-18,0.006692519384207011,0.006692519384207011,0.006692519384207011,0.006692519384207011
2024-11-19,-0.0017607502608025943,-0.0017607502608025943,-0.0017607502608025943,-0.0017607502608025943
2024-11-20,0.0011220554160240944,0.0011220554160240944,0.0011220554160240944,0.0011220554160240944
2024-11-21,0.01909799223213022,0.01909799223213022,0.01909799223213022,0.01909799223213022
2024-11-22,-0.0005697564304540171,-0.0005697564304540171,-0.0005697564304540171,-0.0005697564304540171
2024-11-23,0.0008965135981781176,0.0008965135981781176,0.0008965135981781176,0.0008965135981781176
2024-11-24,-0.0012114946677266823,-0.0012114946677266823,-0.0012114946677266823,-0.0012114946677266823
2024-11-25,-0.004893965986408997,-0.004893965986408997,-0.004893965986408997,-0.004893965986408997
2024-11-26,-0.005352610890670582,-0.005352610890670582,-0.005352610890670582,-0.005352610890670582
2024-11-27,0.019135681226239706,0.019135681226239706,0.019135681226239706,0.019135681226239706
2024-11-28,-0.003177468374659337,-0.003177468374659337,-0.003177468374659337,-0.003177468374659337
2024-11-29,0.002800187478398002,0.002800187478398002,0.002800187478398002,0.002800187478398002
2024-11-30,0.002577816047698374,0.002577816047698374,0.002577816047698374,0.002577816047698374
2024-12-01,0.001182951097837304,0.001182951097837304,0.001182951097837304,0.001182951097837304
2024-12-02,-0.0044834543941540935,-0.0044834543941540935,-0.0044834543941540935,-0.0044834543941540935
2024-12-03,-0.0012389284204108574,-0.0012389284204108574,-0.0012389284204108574,-0.0012389284204108574
2024-12-04,0.012210633506631404,0.012210633506631404,0.012210633506631404,0.012210633506631404
2024-12-05,-0.004532822102040052,-0.004532822102040052,-0.004532822102040052,-0.004532822102040052
2024-12-06,0.013301511938445173,0.013301511938445173,0.013301511938445173,0.013301511938445173
2024-12-07,-0.00013948711902777084,-0.00013948711902777084,-0.00013948711902777084,-0.00013948711902777084
2024-12-08,0.0021115466255654477,0.0021115466255654477,0.0021115466255654477,0.0021115466255654477
2024-12-09,-0.01741432486353159,-0.01741432486353159,-0.01741432486353159,-0.01741432486353159
2024-12-10,-0.004844051902465132,-0.004844051902465132,-0.004844051902465132,-0.004844051902465132
2024-12-11,0.01658843418411949,0.01658843418411949,0.01658843418411949,0.01658843418411949
2024-12-12,0.00020773969082258132,0.00020773969082258132,0.00020773969082258132,0.00020773969082258132
2024-12-13,0.003089885854994371,0.003089885854994371,0.003089885854994371,0.003089885854994371
2024-12-14,-0.0016307841699338245,-0.0016307841699338245,-0.0016307841699338245,-0.0016307841699338245
2024-12-15,0.007428235420695757,0.008736562180331463,0.008736562180331463,0.008736562180331463
2024-12-16,0.0033206407061612702,0.0034520614842310513,0.0019539660813103557,0.0034520614842310513
2024-12-17,-0.003889527560765274,-0.003889527560765274,-0.004020918269539883,-0.003889527560765274
2024-12-18,-0.020577280673953775,-0.020577280673953775,-0.020577280673953775,-0.020577280673953775
2024-12-19,-0.014084802497587057,-0.014084802497587057,-0.014084802497587057,-0.014084802497587057
2024-12-20,0.0027691841355802853,0.0027691841355802853,0.0027691841355802853,0.0027691841355802853
2024-12-21,-0.00011935539670586805,-0.012220562988856567,-0.012220562988856567,-0.006890815736135094
2024-12-22,-0.006254070198503458,-0.006254265536526275,-0.006254265536526275,-0.006129323923163311
2024-12-23,0.00604116761484279,0.00604116761484279,0.01300077602767968,0.00604116761484279
2024-12-24,0.006202442425128889,0.006202442425128889,0.0063242610221319285,0.006202442425128889
2024-12-25,0.00029113414877301774,0.0011453910968791212,0.00029113414877301774,0.00029113414877301774
2024-12-26,-0.014209146237066409,-0.014329675728289266,-0.014209146237066409,-0.014209146237066409
2024-12-27,-0.002902944530261932,-0.002902944530261932,-0.00020191491582721602,-0.00020191491582721602
2024-12-28,0.005080402637090343,0.005080402637090343,0.006784618714564307,0.006784618714564307
2024-12-29,-0.005010373683340834,-0.005010373683340834,-0.005140296974227959,-0.005140296974227959
2024-12-30,0.0002230449451652392,0.0002230449451652392,0.0002230449451652392,-0.0014870111010050673
2024-12-31,1.9276250551827153e-05,1.9276250551827153e-05,-0.002364045840374222,0.0001489524749455558
2025-01-01,0.0028099098444273013,0.0028099098444273013,0.002125884016880784,0.0028099098444273013
2025-01-02,0.00863773091685459,0.00863773091685459,0.008507481800609002,0.00863773091685459
2025-01-03,0.009584678221321639,0.009584678221321639,0.009584678221321639,0.009584678221321639
2025-01-04,0.0022129564657261905,0.0022129564657261905,0.0022129564657261905,0.0022129564657261905
2025-01-05,-0.0008078697054762081,-0.0008078697054762081,-0.0008078697054762081,-0.0008078697054762081
2025-01-06,0.009077458727991842,0.009077458727991842,0.009077458727991842,0.009077458727991842
2025-01-07,-0.023461715512198084,-0.023461715512198084,-0.023461715512198084,-0.023461715512198084
2025-01-08,-0.0075579980849407105,-0.006734154156874964,-0.006734154156874964,-0.006734154156874964
2025-01-09,-0.01101014461548704,-0.009772552484070801,-0.009772552484070801,-0.009772552484070801
2025-01-10,0.005092768975760044,0.006661714615861745,0.004960651287836805,0.006661714615861745
2025-01-11,-0.00014118921643055233,0.0015183844489957362,0.0016548152202751666,0.0015183844489957362
2025-01-12,-0.001171251318539102,-0.0011724687519143403,-0.0017896843509009892,-0.0017896843509009892
2025-01-13,-0.0069058323373652865,-0.0069058323373652865,-0.013713301198315903,-0.013713301198315903
2025-01-14,0.0073306869467595435,0.008635752626264204,0.009803344217688298,0.00850187666029162
2025-01-15,0.01938257019294437,0.01952344510732957,0.01938257019294437,0.01952344510732957
2025-01-16,-0.008108649544237003,-0.008108649544237003,-0.008108649544237003,-0.008108649544237003
2025-01-17,0.015701727580289846,0.015701727580289846,0.015701727580289846,0.015701727580289846
2025-01-18,-0.00783302613618178,-0.00783302613618178,-0.00783302613618178,-0.00783302613618178
2025-01-19,-0.010110382386456718,-0.010110382386456718,-0.010110382386456718,-0.010110382386456718
2025-01-20,0.005131262199585976,0.005131262199585976,0.005131262199585976,0.005131262199585976
2025-01-21,0.008485076563499396,0.008485076563499396,0.008485076563499396,0.008485076563499396
2025-01-22,-0.008295112486110047,-0.008295112486110047,-0.008295112486110047,-0.008295112486110047
2025-01-23,0.00042424256104019067,0.00042424256104019067,0.00525142591199318,0.00525142591199318
2025-01-24,-0.0001612096622627129,-0.0001612096622627129,-2.7325007316614518e-05,-2.7325007316614518e-05
2025-01-25,0.00023006371269526337,0.00023006371269526337,0.00023006371269526337,0.00023006371269526337
2025-01-26,-0.007381768706869203,-0.008264806301697299,-0.008264806301697299,-0.008264806301697299
2025-01-27,-0.0018914725415183071,-0.0036497068007917614,-0.002031244572934392,-0.0036497068007917614
2025-01-28,-0.00014051112057959417,-0.0027514284153891564,-0.002613513722408083,-0.0027514284153891564
2025-01-29,0.008045869390011522,0.0059737139361495375,0.008184328424222623,0.008184328424222623
2025-01-30,0.014353902081262252,0.014492738051757971,-0.00013883597049571777,0.003143950162722736
2025-01-31,-0.001144512732769756,-0.001144512732769756,-0.007694358785910237,-0.001144512732769756
2025-02-01,-0.0061257104421522796,-0.0061257104421522796,-0.00013643765230427718,-0.012514043116924915
2025-02-02,-0.02810001052922166,-0.01915372920379173,0.0,-0.019020001779745686
2025-02-03,-0.00013939862112155216,-0.00013939862112155216,0.0,-0.00013939862112155216
2025-02-04,-0.011401035171464954,-0.011401035171464954,0.0,0.0
2025-02-05,0.0013154574935847717,0.0013154574935847717,-0.003932898673307317,-0.003932898673307317
2025-02-06,-0.01250908462716414,-0.01250908462716414,-0.0001682552048901854,-0.006394869779186329
2025-02-07,-0.004381662416223725,-0.004381662416223725,-0.004381662416223725,-0.004246564943219831
2025-02-08,-0.00013628340248295333,0.0005813262566597399,-0.00013628340248295333,0.001171261152304134
2025-02-09,-0.0008260252845233456,-0.0008260252845233456,-0.0008260252845233456,-0.000688070603624324
2025-02-10,0.004452853388805462,0.004452853388805462,0.004452853388805462,0.004452853388805462
2025-02-11,-0.006966045615039462,-0.006966045615039462,-0.0077288092317292535,-0.006966045615039462
2025-02-12,0.0074286581502571855,0.012891904373521848,0.012752985401588212,0.012891904373521848
2025-02-13,-0.006521768654230052,-0.006383873637938689,-0.006383873637938689,-0.006383873637938689
2025-02-14,0.005146863235193314,0.005146863235193314,0.003208913038245617,0.005146863235193314
2025-02-15,-0.00212677740346641,-0.00212677740346641,-0.0022753188715292937,-0.00212677740346641
2025-02-16,-0.005478047373201962,-0.005478047373201962,-0.005478047373201962,-0.005478047373201962
2025-02-17,0.005605075158287377,0.005605075158287377,0.005605075158287377,0.005605075158287377
2025-02-18,-0.005841959545925289,-0.005841959545925289,-0.005841959545925289,-0.005841959545925289
2025-02-19,0.006561761353478154,0.006561761353478154,0.006561761353478154,0.005443234617107643
2025-02-20,-0.00016685244243781901,0.00699187766372608,-0.00016685244243781901,0.0034005747310249267
2025-02-21,-0.009529528985518796,-0.010883867495171359,0.0,-0.009702013183365298
2025-02-22,0.0016130367035651404,0.00904712694521069,0.001440173115006882,0.0016130367035651404
2025-02-23,0.00352187881189108,0.003692868287401042,0.00352187881189108,0.00352187881189108
2025-02-24,-0.0328898761533595,-0.0328898761533595,-0.0328898761533595,-0.0328898761533595
2025-02-25,-0.01345493892098801,-0.01345493892098801,-0.008136219486824069,-0.008136219486824069
2025-02-26,-0.022800125322773233,-0.022800125322773233,-0.000168257944003094,-0.000168257944003094
2025-02-27,-0.004406754325327897,-0.004406754325327897,0.0,-0.004547535724206812
2025-02-28,-0.000140877182494541,-0.000140877182494541,0.0,-0.01021903556600483
2025-03-01,0.0,0.0,0.0,-0.00013418358305005053
2025-03-02,0.0398011948550932,0.0398011948550932,0.0,0.046689082578145046
2025-03-03,-0.04064729388959702,-0.04064729388959702,-0.05154334029623555,-0.040783656796868066
2025-03-04,0.003214977208386985,0.003214977208386985,0.0029429265446577176,0.0030516873173386167
2025-03-05,-0.00010876077268089928,0.007986008517040486,0.007322838827268886,0.008078521688409931
2025-03-06,-0.0030389397017765484,-0.002946426530407104,-9.251317136944442e-05,-0.0018877617142036211
2025-03-07,-0.008115754135895908,-0.00718921532485133,-0.008115754135895908,-0.008025359774384067
2025-03-08,-9.205590637232788e-05,-0.0016202440596291999,-0.0015281881532568718,-0.0015281881532568718
2025-03-09,-0.019184893675541558,-0.019277096629464148,-9.220295392259187e-05,-9.220295392259187e-05
2025-03-10,-9.1498174974974e-05,-9.1498174974974e-05,0.0,0.0
2025-03-11,0.0,0.006663311439787581,0.0,0.0
2025-03-12,0.0018119759768686018,0.0017251694402100168,0.0,0.0
2025-03-13,-0.006384891696771231,-0.005661373274203725,0.0,-0.006466244978489583
2025-03-14,0.0074553271140366745,0.0073719126992510126,0.0073719126992510126,0.0074553271140366745
2025-03-15,0.001785918361761929,0.001785918361761929,0.0009352994328774866,0.001785918361761929
2025-03-16,-0.004918199157929195,-0.004918199157929195,-0.004399391133264382,-0.004918199157929195
2025-03-17,0.00396696575702882,0.00396696575702882,0.003883208252598613,0.00396696575702882
2025-03-18,-0.0013457854084910038,-0.0013457854084910038,-0.0013457854084910038,-0.0013457854084910038
2025-03-19,0.011915239245849656,0.011915239245849656,0.011915239245849656,0.011915239245849656
2025-03-20,-0.006838126817454038,-0.006838126817454038,-0.006838126817454038,-0.006838126817454038
2025-03-21,-0.001096794071446148,-0.001096794071446148,-0.001096794071446148,-0.001096794071446148
2025-03-22,-0.0006795126161770708,0.00045597881815417646,0.00045597881815417646,0.00045597881815417646
2025-03-23,0.0024141663978228746,0.003973733598131067,0.003973733598131067,0.003973733598131067
2025-03-24,0.005389771566562628,0.0054698721148564305,0.0054698721148564305,0.0054698721148564305
2025-03-25,-0.0008504576714671952,-0.0008504576714671952,-0.0008504576714671952,-0.0008504576714671952
2025-03-26,-0.0034779982455429756,-0.0034779982455429756,-0.0034779982455429756,-0.0034779982455429756
2025-03-27,-8.417287110192721e-05,5.4791321739573024e-05,-8.417287110192721e-05,5.4791321739573024e-05
2025-03-28,-0.00710310091125159,-0.009299484406889246,-0.00710310091125159,-0.00710310091125159
2025-03-29,-8.682154623293852e-05,-0.004690615259156316,-8.682154623293852e-05,-0.004603793712923378
2025-03-30,-0.002460814677102212,-0.001606262803151942,0.0,-0.0006648867030150592
2025-03-31,0.0009698913946793743,0.0010549117163331848,0.0,0.0015375532511815878
2025-04-01,0.011338963614977679,0.009674529988682151,0.011338963614977679,0.0096055032835937
2025-04-02,-0.018029332186438377,-0.01384350630930335,-0.00010101393821917029,-0.01384350630930335
2025-04-03,0.0029944285998640217,0.003115010513840716,0.003624348994597256,0.003115010513840716
2025-04-04,-0.00012058191397669439,-0.00012058191397669439,-0.00010995448423361474,-0.0002298311570719852
2025-04-05,0.0,0.0,-0.00012022929340753243,-0.00012022929340753243
2025-04-06,-0.038032662687042654,-0.02839083928493692,0.0,0.0
2025-04-07,-0.00012151803762224198,-0.005415076904165281,0.0,0.0
2025-04-08,0.0,-0.01059058795561252,0.0,-0.014882560182001911
2025-04-09,0.0,0.032244185511216,0.0,-0.00011497538675723353
2025-04-10,-0.019166415609429607,-0.01904629048397489,0.0,-0.0113283823079588
2025-04-11,0.009548344575565847,0.009548344575565847,0.011793550355107067,0.009449196338013272
2025-04-12,0.005185471716493814,0.008540269571035644,0.005277008358741138,0.008540269571035644
2025-04-13,-0.005617144225083116,-0.005522541586036405,-0.005617144225083116,-0.005522541586036405
2025-04-14,0.0030252707750666376,0.0030252707750666376,0.0030252707750666376,0.0030252707750666376
2025-04-15,-0.0038243066823675453,-0.0038243066823675453,-0.0038243066823675453,-0.0038243066823675453
2025-04-16,-0.00031897429354171706,-0.00031897429354171706,-0.00031897429354171706,-0.00031897429354171706
2025-04-17,0.0008129101338467419,0.001722511955240384,0.001722511955240384,0.001722511955240384
2025-04-18,-0.00042403494498161287,-0.0003353276719263717,-0.0003353276719263717,-0.0003353276719263717
2025-04-19,0.0027871407650281823,0.0027871407650281823,0.0027871407650281823,0.0027871407650281823
2025-04-20,-0.0018477960029905244,-0.0018477960029905244,-0.0018477960029905244,-0.0018477960029905244
2025-04-21,0.006583835821466926,0.0027059367051271974,0.0027059367051271974,0.0027059367051271974
2025-04-22,0.01678594941725066,0.01668772832085909,0.01668772832085909,0.01668772832085909
2025-04-23,0.0029319992570937116,0.0029319992570937116,0.0005949725139503811,0.0005949725139503811
2025-04-24,-0.001277410650497529,-0.001277410650497529,0.0007077350696937417,-0.001367271797818127
2025-04-25,0.0017293353410066114,0.0017293353410066114,0.0016395781071462125,0.0017293353410066114
2025-04-26,0.0022769818439145463,0.0022769818439145463,0.0022769818439145463,0.0022769818439145463
2025-04-27,-0.002939422943226092,-0.002939422943226092,-0.002939422943226092,-0.002939422943226092
2025-04-28,0.002180033555073495,0.002180033555073495,0.002180033555073495,0.002180033555073495
2025-04-29,-0.0011245818930302627,-0.0011245818930302627,-0.0011245818930302627,-0.0011245818930302627
2025-04-30,-0.0003195452738492378,-0.0003195452738492378,-0.0003195452738492378,-0.0003195452738492378
2025-05-01,0.005772027276196611,0.005772027276196611,0.005772027276196611,0.005772027276196611
2025-05-02,0.000818480002543039,0.000818480002543039,0.000818480002543039,0.000818480002543039
2025-05-03,-0.0018474371626065948,-0.0018474371626065948,-0.0018474371626065948,-0.0018474371626065948
2025-05-04,-0.0036096978903275424,-0.0036096978903275424,-0.0036096978903275424,-0.0036096978903275424
2025-05-05,0.0013597147924619413,0.0013597147924619413,0.0013597147924619413,0.0013597147924619413
2025-05-06,0.002778890812693039,0.002778890812693039,0.002778890812693039,0.002778890812693039
2025-05-07,-0.00021010723308276846,-0.00021010723308276846,-0.00021010723308276846,-0.00021010723308276846
2025-05-08,0.0407176939687455,0.0407176939687455,0.0407176939687455,0.0407176939687455
2025-05-09,0.010708014142279712,0.010708014142279712,0.010708014142279712,0.010708014142279712
2025-05-10,0.016299629923852185,0.016299629923852185,0.016299629923852185,0.016299629923852185
2025-05-11,-0.004676899095944257,-0.004676899095944257,-0.004676899095944257,-0.004676899095944257
2025-05-12,-0.00281622184884007,-0.00281622184884007,-0.00281622184884007,-0.00281622184884007
2025-05-13,0.011726136143768646,0.011726136143768646,0.011726136143768646,0.011726136143768646
2025-05-14,-0.00436783769077951,-0.00436783769077951,-0.00436783769077951,-0.00436783769077951
2025-05-15,-0.0028546292539856286,-0.0028546292539856286,-0.0028546292539856286,-0.0028546292539856286
2025-05-16,-0.0010702867844266384,-0.0010702867844266384,-0.0010702867844266384,-0.0010702867844266384
2025-05-17,-0.0036417501609642532,-0.0036417501609642532,-0.0036417501609642532,-0.0036417501609642532
2025-05-18,0.005425682706895448,0.005425682706895448,0.005425682706895448,0.005425682706895448
2025-05-19,0.0004535773913864942,0.0004535773913864942,0.0004535773913864942,0.0004535773913864942
2025-05-20,0.001334863445735226,0.001334863445735226,0.001334863445735226,0.001334863445735226
2025-05-21,0.00480124173821043,0.00480124173821043,0.00480124173821043,0.00480124173821043
2025-05-22,0.009081444831218744,0.009081444831218744,0.009081444831218744,0.009081444831218744
2025-05-23,-0.013278928966621919,-0.013278928966621919,-0.013278928966621919,-0.013278928966621919
2025-05-24,0.0007498288646053002,0.0007498288646053002,0.0007498288646053002,0.0007498288646053002
2025-05-25,0.0026611008716696445,0.0026611008716696445,0.0026611008716696445,0.0026611008716696445
2025-05-26,0.0011495336152458594,0.0011495336152458594,0.0011495336152458594,0.0011495336152458594
2025-05-27,0.004551455687283836,0.004551455687283836,0.004551455687283836,0.004551455687283836
2025-05-28,-0.00046648327290741033,-0.00046648327290741033,-0.00046648327290741033,-0.00046648327290741033
2025-05-29,-0.005437904746570641,-0.005437904746570641,-0.005437904746570641,-0.005437904746570641
2025-05-30,-0.007415012053282001,-0.007415012053282001,-0.007415012053282001,-0.007415012053282001
2025-05-31,0.0005952061631386674,0.0005952061631386674,0.0005952061631386674,0.0005952061631386674
2025-06-01,0.0018752879280872455,0.0018752879280872455,0.0018752879280872455,0.0018752879280872455
2025-06-02,0.0038953446872176545,0.0038953446872176545,0.0038953446872176545,0.0038953446872176545
2025-06-03,-0.001408327376941781,-0.001408327376941781,-0.001408327376941781,-0.001408327376941781
2025-06-04,-0.00016158919495429136,-0.00016158919495429136,-0.00016158919495429136,-0.00016158919495429136
2025-06-05,-0.014197207909177252,-0.014197207909177252,-0.014197207909177252,-0.014197207909177252
2025-06-06,0.007215939970487111,0.007215939970487111,0.007215939970487111,0.007215939970487111
2025-06-07,0.0059326537027555235,0.0059326537027555235,0.0059326537027555235,0.0059326537027555235
2025-06-08,-0.000897172780101254,-0.000897172780101254,-0.000897172780101254,-0.000897172780101254
2025-06-09,0.023865233353732567,0.023865233353732567,0.023865233353732567,0.023865233353732567
2025-06-10,0.010996153260066442,0.010996153260066442,0.010996153260066442,0.010996153260066442
2025-06-11,-0.006194116740971698,-0.006194116740971698,-0.006194116740971698,-0.006194116740971698
2025-06-12,-0.015211473959663843,-0.015211473959663843,-0.015211473959663843,-0.015211473959663843
2025-06-13,-0.009962568212696936,-0.009962568212696936,-0.0040942025081319704,-0.0040942025081319704
2025-06-14,-0.005080663569742852,-0.005080663569742852,-0.007508422924556336,-0.004924684620240793
2025-06-15,0.00233653824491293,0.00233653824491293,0.002491475103916728,0.00233653824491293
2025-06-16,-0.0005576169936674344,-0.0005576169936674344,-0.0005576169936674344,-0.0005576169936674344
2025-06-17,-0.0069893619555333845,-0.0069893619555333845,-0.005350600414373197,-0.005350600414373197
2025-06-18,0.001032818496503413,0.0017040793279552722,0.0015464901071996077,0.0015464901071996077
2025-06-19,-0.0008844370992438314,-0.0007268478784881671,-0.0007268478784881671,-0.0007144894304166711
2025-06-20,-0.018054677444773633,-0.011777748733102293,-0.00015610444964425277,-0.018210781894417886
2025-06-21,-0.00015789669065496666,-0.01905574920220227,0.0,-0.0188978525115473
2025-06-22,-0.012963346372024046,-0.009068224088379382,-0.012963346372024046,-0.01279923149767266
2025-06-23,0.02617010065671489,0.026337188158799398,0.03452561372287045,0.03452561372287045
2025-06-24,0.004657168520783711,0.004657168520783711,0.004491017799121003,0.004491017799121003
2025-06-25,-0.00013833937844982174,-0.00013833937844982174,-0.00013833937844982174,-0.00013833937844982174
2025-06-26,-0.0008555000774470883,-0.0008555000774470883,-0.0008555000774470883,-0.0008555000774470883
2025-06-27,0.0007064646455118166,0.0007064646455118166,0.0007064646455118166,0.0007064646455118166
2025-06-28,0.0013153395870108046,0.0013153395870108046,0.0013153395870108046,0.0013153395870108046
2025-06-29,0.006752051061378974,0.006752051061378974,0.006752051061378974,0.006752051061378974
2025-06-30,-0.0032727069364994073,-0.0032727069364994073,-0.0032727069364994073,-0.0032727069364994073
2025-07-01,-0.0085573800562782,-0.0085573800562782,-0.0085573800562782,-0.0085573800562782
2025-07-02,0.01836717705616658,0.01836717705616658,0.01836717705616658,0.01836717705616658
2025-07-03,0.0026707804718798856,0.0026707804718798856,0.0026707804718798856,0.0026707804718798856
2025-07-04,-0.008081501257591356,-0.008081501257591356,-0.008081501257591356,-0.008081501257591356
2025-07-05,0.0009514604057033848,0.0009514604057033848,0.0009514604057033848,0.0009514604057033848
2025-07-06,0.0032440579667205875,0.0056425317950083076,0.0056425317950083076,0.0056425317950083076
2025-07-07,-0.003267039210939879,-0.0036876246107112793,-0.0036876246107112793,-0.0036876246107112793
2025-07-08,0.006263756958741952,0.006412511782166593,0.006412511782166593,0.006412511782166593
2025-07-09,0.016404082902398486,0.016404082902398486,0.016404082902398486,0.016404082902398486
2025-07-10,0.022651709180590313,0.022651709180590313,0.022651709180590313,0.022651709180590313
2025-07-11,0.0028932805195425386,0.0028932805195425386,0.0028932805195425386,0.0028932805195425386
2025-07-12,-0.001254237019954658,-0.001254237019954658,-0.001254237019954658,-0.001254237019954658
2025-07-13,0.004460141628316222,0.004460141628316222,0.004460141628316222,0.004460141628316222
2025-07-14,0.0038907394431937107,0.0038907394431937107,0.0038907394431937107,0.0038907394431937107
2025-07-15,0.004573048693980052,0.004573048693980052,0.004573048693980052,0.004573048693980052
2025-07-16,0.015585382872941277,0.015585382872941277,0.015585382872941277,0.015585382872941277
2025-07-17,0.007015445648002971,0.007015445648002971,0.007015445648002971,0.007015445648002971
2025-07-18,0.0016391706111406358,0.0016391706111406358,0.0016391706111406358,0.0016391706111406358
2025-07-19,0.002148834674865899,0.002148834674865899,0.002148834674865899,0.002148834674865899
2025-07-20,0.007933883921311747,0.007933883921311747,0.007933883921311747,0.007933883921311747
2025-07-21,0.00036416418642315663,0.00036416418642315663,0.00036416418642315663,0.00036416418642315663
2025-07-22,0.003937049461732112,0.003937049461732112,0.003937049461732112,0.003937049461732112
2025-07-23,-0.010564220791335515,-0.010564220791335515,-0.010564220791335515,-0.010564220791335515
2025-07-24,0.004316052160645649,0.004316052160645649,0.004316052160645649,0.004316052160645649
2025-07-25,-0.000422401714018047,-0.000422401714018047,-0.000422401714018047,-0.000422401714018047
2025-07-26,0.0014791600597584803,0.0014791600597584803,0.0014791600597584803,0.0014791600597584803
2025-07-27,0.011244232080871816,0.011244232080871816,0.011244232080871816,0.011244232080871816
2025-07-28,-0.0074818112583236165,-0.0074818112583236165,-0.0074818112583236165,-0.0074818112583236165
2025-07-29,-0.0006914638308336043,-0.0006914638308336043,-0.0006914638308336043,-0.0006914638308336043
2025-07-30,0.0007042350502554356,0.0007042350502554356,0.0007042350502554356,0.0007042350502554356
2025-07-31,-0.01152092265697849,-0.01152092265697849,-0.01152092265697849,-0.01152092265697849
2025-08-01,-0.020694831654960208,-0.020694831654960208,-0.020694831654960208,-0.020694831654960208
2025-08-02,-0.0034951488434502003,-0.008426240328770719,-0.008426240328770719,-0.008426240328770719
2025-08-03,0.006752713625917411,0.010425998231811208,0.010425998231811208,0.010425998231811208
2025-08-04,0.028977361835872063,0.0163437181312016,-0.00018767859038532368,0.0163437181312016
2025-08-05,-0.00874382141766597,-0.00856229000016808,-0.008742348755314475,-0.00856229000016808
2025-08-06,0.00847377087095689,0.00596533881096572,0.00847377087095689,0.00596533881096572
2025-08-07,0.017748054279607607,0.017921057637900036,0.017748054279607607,0.017921057637900036
2025-08-08,0.004216678023521069,0.004216678023521069,0.004216678023521069,0.004216678023521069
2025-08-09,0.01433006510857358,0.01433006510857358,0.01433006510857358,0.01433006510857358
2025-08-10,0.0050843854445328926,0.0050843854445328926,0.0050843854445328926,0.0050843854445328926
2025-08-11,-0.0028425303163338855,-0.0028425303163338855,-0.0028425303163338855,-0.0028425303163338855
2025-08-12,0.023013908936570793,0.023013908936570793,0.023013908936570793,0.023013908936570793
2025-08-13,0.014137382757758471,0.014137382757758471,0.014137382757758471,0.014137382757758471
2025-08-14,-0.018105440427422452,-0.018105440427422452,-0.018105440427422452,-0.018105440427422452
2025-08-15,-0.007081417221902895,-0.007081417221902895,-0.007081417221902895,-0.007081417221902895
2025-08-16,-0.0007825577559516639,-0.0007825577559516639,-0.0007825577559516639,-0.0007825577559516639
2025-08-17,0.0022532462477725937,0.0022532462477725937,0.0022532462477725937,0.0022532462477725937
2025-08-18,-0.009068699226813836,-0.009068699226813836,-0.009068699226813836,-0.009068699226813836
2025-08-19,-0.02233557898661084,-0.02233557898661084,-0.02233557898661084,-0.016904258187463668
2025-08-20,0.02492041159395071,0.01469959860115637,0.02492041159395071,0.014855950670670746
2025-08-21,-0.007759978598496129,-0.007612574887895787,-0.009483284490340794,-0.009621739842027102
2025-08-22,0.03288172572075133,0.03288172572075133,0.05164905862654111,0.032737690848826224
2025-08-23,-0.0043713740021022246,-0.0043713740021022246,-0.004513479029418179,-0.0043713740021022246
2025-08-24,-0.0025645246654201308,-0.0025645246654201308,-0.0025645246654201308,-0.0025645246654201308
2025-08-25,-0.01695124141151116,-0.01695124141151116,-0.01695124141151116,-0.01695124141151116
2025-08-26,0.015093268382709909,0.009797405804166139,0.009797405804166139,0.009797405804166139
2025-08-27,-0.005716827269616935,-0.005821821534985811,-0.005821821534985811,-0.0035215709165903166
2025-08-28,0.0015972591295754794,0.0015972591295754794,0.0002289359178730191,0.0017073872971327014
2025-08-29,-0.009282433235991185,-0.009689770384079893,-0.00917316982055261,-0.009689770384079893
2025-08-30,-0.0001096957914978983,0.0007192189874411712,0.0008289147789390695,0.0009261126604220986
2025-08-31,-0.00027850512368287196,-0.000277915332667485,0.0011128186138652269,-0.00016750447431820043
2025-09-01,0.002376941713338608,-0.0012035802336796543,-0.00011159044038005848,-0.0012035802336796543
2025-09-02,0.005114242424629516,0.005001800953602972,0.005001800953602972,0.005001800953602972
2025-09-03,0.0011956969124336382,0.004593577489860132,0.0011956969124336382,0.0011956969124336382
2025-09-04,-0.006378901488803227,-0.0062646240583605515,-0.002588526098563241,-0.006378901488803227
2025-09-05,0.000578301176841176,0.00022574175910728574,0.00010986157756072818,0.00022574175910728574
2025-09-06,-0.0019477208727959442,-0.001833984932388948,-0.001833984932388948,-0.001833984932388948
2025-09-07,0.0023683856733116523,0.0023683856733116523,0.0023280845418508648,0.0023280845418508648
2025-09-08,0.0024614365431094892,0.0010978400380817015,0.002343250858879507,0.0012140153330446892
2025-09-09,-0.0007221288024991773,-0.0006020718423816536,-0.0014487201463059256,-0.0015689162198029027
2025-09-10,0.004542112722934304,0.004542112722934304,0.006405630332944774,0.004421800900598825
2025-09-11,0.004097785432178847,0.004097785432178847,0.00421814398359623,0.0060570021785650305
2025-09-12,0.009790848199016926,0.009790848199016926,0.009790848199016926,0.009915625272174922
2025-09-13,-0.0018540772402670907,-0.0018540772402670907,-0.0018540772402670907,-0.0018540772402670907
2025-09-14,-0.003178250925764619,-0.003178250925764619,-0.003178250925764619,-0.003178250925764619
2025-09-15,-0.0027992066642907767,-0.0027992066642907767,-0.0027992066642907767,-0.0027992066642907767
2025-09-16,0.0012081795559261072,0.0012081795559261072,0.0012081795559261072,0.0012081795559261072
2025-09-17,-0.001179883038805105,0.0027186917548244482,0.0027186917548244482,0.0027186917548244482
2025-09-18,-0.0005367472535314553,0.0007452838789531146,0.0007452838789531146,0.0007452838789531146
2025-09-19,-0.007027839368017692,-0.0068938809805812445,-0.0068938809805812445,-0.0068938809805812445
2025-09-20,0.0008184316756606573,0.0005623852014569849,0.0005623852014569849,0.0005623852014569849
2025-09-21,-0.003994410835585592,-0.004140223605519715,-0.004140223605519715,-0.004140223605519715
2025-09-22,-0.027699581246475823,-0.027699581246475823,-0.027699581246475823,-0.027699581246475823
2025-09-23,-0.00020005676659833887,-0.00020005676659833887,-0.00020005676659833887,-0.004147737340628969
2025-09-24,0.006192298291129008,0.0022036472261103427,0.0,-0.00020038776679403902
2025-09-25,-0.023197194976906158,-0.031837940204859985,-0.023420226377579602,-0.023420226377579602
2025-09-26,0.003570744569383095,0.0033283658613534085,0.003570744569383095,0.003570744569383095
2025-09-27,-0.0011726598683743426,-0.0011726598683743426,-0.00014877526324015848,-0.0011726598683743426
2025-09-28,0.015821789001730684,0.015821789001730684,0.015615910653936145,0.015821789001730684
2025-09-29,0.009377424443783285,0.009517832521353171,0.009377424443783285,0.009377424443783285
2025-09-30,-0.005056191584689193,-0.0048535792713991915,-0.008453546144866717,-0.008453546144866717
2025-10-01,0.019647151318575112,0.022121617487950402,0.021922494615187787,0.021922494615187787
2025-10-02,0.0079678468874868,0.0077687240147241874,0.0077687240147241874,0.011748316412870882
2025-10-03,0.004429864771874394,0.004429864771874394,0.006307594307647968,0.004612866603099264
2025-10-04,0.0002891569469419643,-0.0011275072466183,0.0004721587781668349,-0.0011275072466183
2025-10-05,0.003124439156967033,0.0033074180037031093,0.003124439156967033,0.0033074180037031093
2025-10-06,0.010758584052877135,0.010758584052877135,0.010758584052877135,0.010758584052877135
2025-10-07,-0.017868960340026302,-0.017868960340026302,-0.017868960340026302,-0.017868960340026302
2025-10-08,0.007501218699952478,0.007501218699952478,0.007501218699952478,0.007501218699952478
2025-10-09,-0.005841316599112517,-0.01018050278491363,-0.01018050278491363,-0.01018050278491363
2025-10-10,-0.0305349220900722,-0.04142721203282874,-0.04142721203282874,-0.04142721203282874
2025-10-11,-0.00016738839214585746,-0.008072764746051007,-0.008072764746051007,-0.008072764746051007
2025-10-12,0.0,-0.0001651432519348331,-0.0001651432519348331,0.01259479601405849
2025-10-13,0.006786381208565433,0.0036388435843401844,0.0,-0.00012909821171662876
2025-10-14,-0.0066990223031230854,-0.006584773709435977,-0.007997461304302199,-0.0066848519758545815
2025-10-15,-0.005875355725860235,-0.007706134753391073,-0.007820163433497916,-0.007706134753391073
2025-10-16,-0.00011402868010684306,-0.006654285889802104,-0.006654285889802104,-0.006654285889802104
2025-10-17,0.0,-0.004630945888711842,-0.00011310683643484533,-0.00453598367744301
2025-10-18,0.0,0.004010373811176091,0.0,-0.00011211624492119603
2025-10-19,0.005138171130037678,0.0051383349845860295,0.0,0.005138171130037678
2025-10-20,-0.0003629476748602973,0.002289880289847423,-0.0003629476748602973,-0.0003629476748602973
2025-10-21,-0.006577801600500164,-0.006467436093123285,-0.007414881400893335,-0.006577801600500164
2025-10-22,-0.00011036550737687851,-0.00011036550737687851,-0.00011036550737687851,-0.005014865593512917
2025-10-23,0.0,0.0,0.0,-0.0001128513117887153
2025-10-24,0.0,0.005504351615800789,0.0,0.0
2025-10-25,0.0013780252372516792,0.0013828063238119455,0.0,0.0012688598417964277
2025-10-26,0.007498562723200801,0.01134767627171291,0.011231094091691464,0.011231814475639227
2025-10-27,-0.002089888353817335,-0.0019726268699220505,-0.0019726268699220505,-0.0019726268699220505
2025-10-28,-0.006543084352323219,-0.006543084352323219,-0.006543084352323219,-0.006543084352323219
2025-10-29,-0.00649224747256481,-0.00649224747256481,-0.00649224747256481,-0.00649224747256481
2025-10-30,-0.007290978383002335,-0.005856706122646688,-0.005856706122646688,-0.005856706122646688
2025-10-31,-0.00011528234096643874,0.0032655157399959383,-0.00011528234096643874,0.0034365920016645596
2025-11-01,0.0014749577762899857,0.0014760493824729191,0.0,0.0018165843861395743
2025-11-02,0.0018139182152216084,0.0018139182152216084,0.0023532425203475127,0.0016938925189615346
2025-11-03,-0.017007907697951217,-0.017007907697951217,-0.017127717391525913,-0.017007907697951217
2025-11-04,-0.00011980969357469855,-0.01451373951322955,-0.01451373951322955,-0.020410794133448852
2025-11-05,0.0,-0.00011987423765295225,-0.00011987423765295225,0.006662938205634211
2025-11-06,-0.006892361241365227,-0.007929320919643814,0.0,-0.006787184805342201
2025-11-07,-0.00011053181126698209,0.009726372941261403,0.0,0.005312133819988933
2025-11-08,-0.002870217710538452,-0.002870481028009365,-0.0028651470646049683,-0.002870481028009365
2025-11-09,0.007179480912857514,0.011948266845806644,-0.00010839281923454797,0.011948266845806644
2025-11-10,0.0010987495058039404,0.0012232024009286894,0.0010981527372465182,0.0012232024009286894
2025-11-11,-0.012185048768821845,-0.012185048768821845,-0.012185048768821845,-0.012185048768821845
2025-11-12,-0.00045514728436152156,-0.00045514728436152156,-0.0025454190586185568,-0.0025454190586185568
2025-11-13,-0.012728320866963527,-0.012728320866963527,-0.01865532376733615,-0.012590906310228597
2025-11-14,-0.015402837279771035,-0.015402837279771035,-0.01285914993351971,-0.01299656449025464
2025-11-15,-0.00013927066746835987,-0.00013927066746835987,-0.00013927066746835987,0.0060333892404569765
2025-11-16,-0.007783491622522727,-0.006311309357845438,0.0,-0.00013679014778712571
2025-11-17,-0.006895020748702864,-0.0070768611335910005,0.0,0.0
2025-11-18,0.01003873058211278,0.006328557863093933,0.009907037543420432,0.009907037543420432
2025-11-19,-0.005370876418921905,-0.007821081073744955,-0.00013316448179307282,-0.007954119706058653
2025-11-20,-0.00013329033127244773,-0.00013329033127244773,0.0,-0.017902333203836565
2025-11-21,0.0,-0.006973851376609313,0.0,-0.00013196876100214706
2025-11-22,0.0,-0.00013116651910008277,0.0,0.0
2025-11-23,0.0,0.003494192433446101,0.0,0.0
2025-11-24,0.017073008379240556,0.01720004596787827,0.0,0.0
2025-11-25,-0.0037031811191163932,-0.0015233243421556544,0.0,0.0005190953666414077
2025-11-26,0.006845683651572068,0.009157174778170058,0.0,0.007098086927779434
2025-11-27,0.0007660944307291177,0.0008919224094924013,0.002847848807754469,0.0007660944307291177
2025-11-28,-0.0001265752974440819,5.288398643235448e-05,-0.0001265752974440819,5.288398643235448e-05
2025-11-29,-0.002404231615852825,-0.002280931792173594,-0.00041238992145279437,-0.002280931792173594
2025-11-30,-0.0006995388068952956,-0.0006995388068952956,-0.0008222589909595269,-0.0006995388068952956
2025-12-01,-0.01710931690627088,-0.01710931690627088,-0.01710931690627088,-0.01710931690627088
2025-12-02,0.020074195693762314,0.020074195693762314,0.020074195693762314,0.020074195693762314
2025-12-03,0.013733858205327673,0.013733858205327673,0.013733858205327673,0.013733858205327673
2025-12-04,-0.004928820613602002,-0.004928820613602002,-0.004928820613602002,-0.004928820613602002
2025-12-05,-0.009932226945947253,-0.009932226945947253,-0.009932226945947253,-0.009932226945947253
2025-12-06,-0.000445792318039834,-0.000445792318039834,0.0006399829277746652,0.0006399829277746652
2025-12-07,0.0029109581466280625,0.0029109581466280625,0.003780320141113334,0.003032658775758376
2025-12-08,0.003662136547044665,0.003662136547044665,0.0035398430797577802,0.003662136547044665
2025-12-09,0.01329192370984859,0.01329192370984859,0.01329192370984859,0.01329192370984859
2025-12-10,-0.0008708171402826062,-0.0008708171402826062,-0.0008708171402826062,-0.0008708171402826062
2025-12-11,-0.0032247460744610963,-0.0032247460744610963,-0.0032247460744610963,-0.0032247460744610963
2025-12-12,-0.014650010065488089,-0.011032255544636195,-0.011032255544636195,-0.011032255544636195
2025-12-13,0.0013072019873820058,0.0014273883823358799,0.0014273883823358799,0.0014273883823358799
2025-12-14,-0.006371371681025193,-0.006371371681025193,-0.006371371681025193,-0.006371371681025193
2025-12-15,-0.010552927407750243,-0.00837534050724837,-0.00837534050724837,-0.00837534050724837
2025-12-16,-0.00026100916856301444,0.0025229174839339324,-0.00038954856185005984,0.0025229174839339324
2025-12-17,-0.010095276687458285,-0.00996722573496552,-0.01394416398791828,-0.00996722573496552
2025-12-18,-0.0016617740537048602,-0.0016617740537048602,-0.001788833713252401,-0.0016617740537048602
2025-12-19,0.01338199719280079,0.01338199719280079,0.01338199719280079,0.01338199719280079
2025-12-20,0.00027917202025147075,0.00027917202025147075,0.00027917202025147075,0.00027917202025147075
2025-12-21,0.0018786882176800885,0.0018786882176800885,0.0018786882176800885,0.0018786882176800885
2025-12-22,0.00034313311946932367,0.00034313311946932367,0.00034313311946932367,0.00034313311946932367
2025-12-23,-0.004716789864391444,-0.004716789864391444,-0.004716789864391444,-0.004716789864391444
2025-12-24,-0.0007477635254496506,-0.0007477635254496506,-0.0007477635254496506,-0.0007477635254496506
2025-12-25,-0.005371759118928874,-0.0035355536470006153,-0.0035355536470006153,-0.0035355536470006153
2025-12-26,0.0015736427995155413,0.0017091475563502723,0.0017091475563502723,0.0017091475563502723
2025-12-27,0.0023339487233350414,0.0022562972514858196,0.0023339487233350414,0.0022562972514858196
2025-12-28,9.893959638016136e-05,0.00024053828427361883,9.893959638016136e-05,0.00024053828427361883
2025-12-29,-0.002310984059325288,-0.002310984059325288,-0.002310984059325288,-0.002310984059325288
2025-12-30,0.004633892440311596,0.004633892440311596,0.004633892440311596,0.004633892440311596
2025-12-31,-0.0020232734986633237,-0.0020232734986633237,-0.0020232734986633237,-0.0020232734986633237
2026-01-01,0.005381534533168505,0.005381534533168505,0.005381534533168505,0.005381534533168505
2026-01-02,0.013188346736626683,0.013188346736626683,0.013188346736626683,0.013188346736626683
2026-01-03,0.0018520973514812391,0.0018520973514812391,0.0018520973514812391,0.0018520973514812391
2026-01-04,0.0038813168251010453,0.0038813168251010453,0.0038813168251010453,0.0038813168251010453
2026-01-05,0.012841581939730496,0.012841581939730496,0.012841581939730496,0.012841581939730496
2026-01-06,0.0052867749792822934,0.0052867749792822934,0.0052867749792822934,0.0052867749792822934
2026-01-07,-0.015997624335507502,-0.015997624335507502,-0.015997624335507502,-0.015997624335507502
2026-01-08,-0.001955241109680779,-0.001955241109680779,-0.006268079856580455,-0.006268079856580455
2026-01-09,-0.0030628283455734788,-0.0030628283455734788,-0.002857964639831899,-0.002857964639831899
2026-01-10,-0.0006297413252862251,-0.0006297413252862251,-0.0010612889519475018,-0.0006297413252862251
2026-01-11,0.004660333929612222,0.004660333929612222,0.004471947304456377,0.004660333929612222
2026-01-12,-0.0016997661992534754,-0.0016997661992534754,-0.0016997661992534754,-0.0016997661992534754
2026-01-13,0.033822100012286374,0.033822100012286374,0.033822100012286374,0.033822100012286374
2026-01-14,0.007259037123443432,0.007259037123443432,0.007259037123443432,0.007259037123443432
2026-01-15,-0.006087814202069001,-0.006087814202069001,-0.006087814202069001,-0.006087814202069001
2026-01-16,-0.002000088139254993,-0.002000088139254993,-0.002000088139254993,-0.002000088139254993
2026-01-17,-4.039399783475232e-05,-4.039399783475232e-05,-4.039399783475232e-05,-4.039399783475232e-05
2026-01-18,-0.0067160230240871695,-0.0067160230240871695,-0.0067160230240871695,-0.0067160230240871695
2026-01-19,-0.011203857573994891,-0.011203857573994891,-0.011203857573994891,-0.011203857573994891
2026-01-20,-0.03430265702616708,-0.03430265702616708,-0.03430265702616708,-0.03430265702616708
2026-01-21,-0.00022114783427606491,0.005869277688810397,0.0068930593437925855,0.0068930593437925855
2026-01-22,0.0,-0.004778241539917608,-0.004564114219214112,-0.0020134910820306514
2026-01-23,0.0001555789212244983,0.00015446043936807335,-0.00017640738532695094,-4.619336464231291e-05
2026-01-24,-0.0020958450737045757,-0.0020958450737045757,-0.0020958450737045757,-0.0019205561702340499
2026-01-25,-0.016723979491581137,-0.016723979491581137,-0.01265991319671203,-0.016723979491581137
2026-01-26,-0.00017609420648541529,0.008272101732207496,0.008448195938692912,0.013111772859775765
2026-01-27,0.008687621725316492,0.008677978470756038,0.008677978470756038,0.008844599383294403
2026-01-28,-0.0023285388759513984,-0.0009770666179640443,-0.0009770666179640443,-0.0009770666179640443
2026-01-29,-0.021233563914690994,-0.022976379984691327,-0.022976379984691327,-0.022976379984691327
2026-01-30,-0.0018850796835722012,-0.009117712758528585,-0.00015980929229565612,-0.009117712758528585
2026-01-31,-0.03444009436953477,-0.028960715625727308,0.0,-0.028960715625727308
2026-02-01,-0.008578563962691535,-0.008433631224249687,0.0,-0.017687353187602426
2026-02-02,0.007295123106460765,0.007295123106460765,0.0,0.00718728481384352
2026-02-03,-0.013355372320227946,-0.013355372320227946,-0.011728872315376506,-0.011609361452518271
2026-02-04,-0.011133368547116563,-0.011133368547116563,-0.01055511709105817,-0.011256281373317242
2026-02-05,-0.0439465390944452,-0.0439465390944452,-0.044067585384619364,-0.0439465390944452
2026-02-06,-0.00012104629017416182,0.03677070843214931,0.038117864542436826,0.038117864542436826
2026-02-07,0.0025000713632966367,-0.0009058195938585941,-0.00012056870227079293,-0.0008134455096574132
2026-02-08,0.0014770900747988263,0.0015537194690967606,0.0,0.0015537194690967606
2026-02-09,0.0004766624577283346,0.0004766624577283346,0.00040003306343040047,0.0004766624577283346
2026-02-10,-0.0054890364496188535,-0.0054890364496188535,-0.0054890364496188535,-0.0054890364496188535
2026-02-11,-0.007726907611086103,-0.006253947850268648,-0.006253947850268648,-0.006253947850268648
2026-02-12,-0.0009155834595763883,-0.0008421960371907893,-0.0008421960371907893,-0.0008421960371907893
2026-02-13,0.009062978246095315,0.009062978246095315,0.009062978246095315,0.009062978246095315
2026-02-14,0.0032617148840813543,0.0032617148840813543,0.0032617148840813543,0.0032617148840813543
2026-02-15,-0.006971939688882999,-0.006971939688882999,-0.006971939688882999,-0.006971939688882999
2026-02-16,0.0016768400688760552,0.0016768400688760552,0.0016768400688760552,0.0016768400688760552
2026-02-17,-0.0022720772874970526,-0.0022720772874970526,-0.0022720772874970526,-0.0022720772874970526
2026-02-18,-0.003227748224743523,-0.003227748224743523,-0.003227748224743523,-0.003227748224743523
2026-02-19,0.000504351446849839,0.000504351446849839,0.000504351446849839,0.000504351446849839
2026-02-20,0.0024786880131808446,0.0024786880131808446,0.0024786880131808446,0.0024786880131808446
2026-02-21,0.0001432096750405476,0.0001432096750405476,0.0001432096750405476,0.0001432096750405476
2026-02-22,-0.001237762757462044,-0.001237762757462044,-0.001237762757462044,-0.001237762757462044
2026-02-23,-0.009358591597533703,-0.009358591597533703,-0.009358591597533703,-0.009358591597533703
2026-02-24,-7.824065807600903e-05,-7.824065807600903e-05,-0.0005338251285926199,-0.0011374996271665643
2026-02-25,0.021802870520887644,0.016902723287222175,0.02188159162882119,0.01698144439515572
2026-02-26,-0.0022718184697881937,-0.0021936685250971044,-0.002905808070269815,-0.0021936685250971044
2026-02-27,-0.006663400832029671,-0.006663400832029671,-0.006737198599931098,-0.006663400832029671
2026-02-28,0.003378228589332074,0.003299170552427693,0.003299170552427693,0.003299170552427693
2026-03-01,-0.0029315472466183044,-0.002856766649875165,-0.002856766649875165,-0.002856766649875165
2026-03-02,0.008930335272236571,0.008930335272236571,0.008930335272236571,0.008930335272236571
2026-03-03,-0.002899651800658362,-0.002899651800658362,-0.002899651800658362,-0.002899651800658362
2026-03-04,0.013259356542197837,0.013259356542197837,0.013259356542197837,0.013259356542197837
2026-03-05,-0.004918148473029249,-0.004918148473029249,-0.004918148473029249,-0.004918148473029249
2026-03-06,-0.008090326284765893,-0.008090326284765893,-0.008090326284765893,-0.008090326284765893
2026-03-07,-0.002032648010445925,-0.002032648010445925,-0.002032648010445925,-0.002032648010445925
2026-03-08,-0.004789358866037757,-0.004789358866037757,-0.005120413780011439,-0.005120413780011439
2026-03-09,0.009459995904559128,0.009459995904559128,0.008280622617713026,0.009574879876918962
2026-03-10,0.006234946702894485,0.006234946702894485,0.006160285452297437,0.006234946702894485
2026-03-11,0.0015969959715822603,0.0015969959715822603,0.0014848544814277263,0.0015969959715822603
2026-03-12,0.002188872040923428,0.002188872040923428,0.002188872040923428,0.002188872040923428
2026-03-13,0.002118960461831367,0.002118960461831367,0.002118960461831367,0.002118960461831367
2026-03-14,0.0008792560631218465,0.0008792560631218465,0.0008792560631218465,0.0008792560631218465
2026-03-15,0.0092414311671388,0.0092414311671388,0.0092414311671388,0.0092414311671388
2026-03-16,0.016175770707543714,0.016175770707543714,0.016175770707543714,0.016175770707543714
2026-03-17,-0.0042523872754803875,-0.0042523872754803875,-0.0042523872754803875,-0.0042523872754803875
2026-03-18,-0.012370223899345029,-0.012370223899345029,-0.012370223899345029,-0.012370223899345029
2026-03-19,-0.006951300069741187,-0.006951300069741187,-0.006951300069741187,-0.006951300069741187
2026-03-20,0.0010385840475201507,0.0017418477414059756,0.0017418477414059756,0.0017418477414059756
2026-03-21,-0.007210319189898144,-0.007099819826107477,-0.007099819826107477,-0.007099819826107477
2026-03-22,-0.004112096555368703,-0.004112096555368703,-0.004142919873440886,-0.004112096555368703
2026-03-23,-0.00011065459955243755,0.012948373633516586,0.013056174948011224,0.01264360186249327
2026-03-24,-0.0014519313994655202,-0.0005131983373532884,-0.00010922795702353785,-0.0004043500788785813
2026-03-25,0.0029991431037540268,0.0028902948452793195,0.0028902948452793195,0.0028902948452793195
2026-03-26,-0.01188953650348669,-0.01188953650348669,-0.009716535292726881,-0.009716535292726881
2026-03-27,-0.00011036711908620331,-0.0111609196997177,-0.011050552580631498,-0.011050552580631498
2026-03-28,0.0,-9.064069193937044e-05,-9.064069193937044e-05,-9.064069193937044e-05
2026-03-29,-0.0017500067407876913,-0.0016860399079370524,-0.00012093278453253495,-0.0016290739562551564
2026-03-30,0.004938375965124917,0.005059010008464348,0.0,0.003630261890196191
2026-03-31,0.009352849822677464,0.009352849822677464,0.009230854210732192,0.009231406347032314
2026-04-01,0.0022211408121041577,0.0022211408121041577,0.0022211408121041577,0.0022211408121041577
2026-04-02,-0.00884006024600305,-0.00884006024600305,-0.00884006024600305,-0.00884006024600305
2026-04-03,-0.00010495455861081372,-0.00010495455861081372,-0.00010495455861081372,-0.00010495455861081372
2026-04-04,0.001840336794685196,0.001840336794685196,0.001840336794685196,0.001840336794685196
2026-04-05,0.00868605242253433,0.00868605242253433,0.00868605242253433,0.00868605242253433
2026-04-06,-0.0008035617064351959,-0.0008035617064351959,-0.0008035617064351959,-0.0008035617064351959
2026-04-07,0.019769555541939172,0.019769555541939172,0.019769555541939172,0.019769555541939172
2026-04-08,-0.006549742634473665,-0.006549742634473665,-0.006549742634473665,-0.006549742634473665
2026-04-09,0.0017524021840263128,0.0017524021840263128,0.0017524021840263128,0.0017524021840263128
2026-04-10,0.007230504636323054,0.007230504636323054,0.007230504636323054,0.007230504636323054
2026-04-11,0.003410713599555823,0.003410713599555823,0.003410713599555823,0.003410713599555823
2026-04-12,-0.012527720557801911,-0.012527720557801911,-0.012527720557801911,-0.012527720557801911
2026-04-13,0.01787872006251255,0.01787872006251255,0.023086882393736206,0.023086882393736206
2026-04-14,-0.004240101315130485,-0.004240101315130485,-0.004103367295429059,-0.004103367295429059
2026-04-15,0.004185374421895013,0.004185374421895013,0.004185374421895013,0.004185374421895013
2026-04-16,-7.493126419398035e-05,-7.493126419398035e-05,-7.493126419398035e-05,-7.493126419398035e-05
2026-04-17,0.009620964775095886,0.009620964775095886,0.009620964775095886,0.009620964775095886
2026-04-18,-0.008079266550801305,-0.008079266550801305,-0.008079266550801305,-0.008079266550801305
2026-04-19,-0.010618696421451588,-0.010618696421451588,-0.010618696421451588,-0.010618696421451588
2026-04-20,0.008688419790896353,0.008688419790896353,0.008688419790896353,0.008688419790896353
2026-04-21,0.002160856853807126,0.002160856853807126,0.002160856853807126,0.002160856853807126
2026-04-22,0.008419962621449912,0.00780531108726103,0.00780531108726103,0.00780531108726103
2026-04-23,-0.0032178579848601498,-0.0030767677104295618,-0.0030767677104295618,-0.0030767677104295618
2026-04-24,-0.0029026631149435193,-0.0029026631149435193,-0.0029026631149435193,-0.0029026631149435193
2026-04-25,0.0008368575869144235,0.0008368575869144235,0.0008368575869144235,0.0008368575869144235
2026-04-26,0.0067495970702093015,0.0067495970702093015,0.0067495970702093015,0.0067495970702093015
2026-04-27,-0.008484426450544902,-0.008484426450544902,-0.008484426450544902,-0.008484426450544902
2026-04-28,-0.0036982492255582208,-0.0036982492255582208,-0.0036982492255582208,-0.0036982492255582208
2026-04-29,-0.004441833655749113,-0.004441833655749113,-0.004441833655749113,-0.004441833655749113
2026-04-30,0.0018854632107659453,0.0018854632107659453,0.0018854632107659453,0.0018854632107659453
2026-05-01,0.007957185859332552,0.007957185859332552,0.007957185859332552,0.007957185859332552
2026-05-02,0.0030427236528189835,0.0030427236528189835,0.0030427236528189835,0.0030427236528189835
2026-05-03,0.000154382369215802,0.000154382369215802,0.000154382369215802,0.000154382369215802
2026-05-04,0.005274174827154982,0.005274174827154982,0.005274174827154982,0.005274174827154982
2026-05-05,0.003748995879773333,0.003748995879773333,0.003748995879773333,0.003748995879773333
2026-05-06,0.0005441475869214347,0.0005441475869214347,0.0005441475869214347,0.0005441475869214347
2026-05-07,-0.009265383433707359,-0.009265383433707359,-0.009265383433707359,-0.009265383433707359
2026-05-08,0.0021137779734119377,0.0021137779734119377,0.0021137779734119377,0.0021137779734119377
2026-05-09,0.0030207611788276804,0.0030207611788276804,0.0030207611788276804,0.0030207611788276804
2026-05-10,0.008335319746698518,0.008335319746698518,0.008335319746698518,0.008335319746698518
2026-05-11,-0.004249561923969827,-0.004249561923969827,-0.004249561923969827,-0.004249561923969827
2026-05-12,-0.01001872078167633,-0.01001872078167633,-0.01001872078167633,-0.01001872078167633
2026-05-13,-0.006440105515908918,-0.006440105515908918,-0.006440105515908918,-0.006440105515908918
2026-05-14,0.009351841866092826,0.009351841866092826,0.009351841866092826,0.009351841866092826
2026-05-15,-0.014246115210032688,-0.014246115210032688,-0.014246115210032688,-0.014246115210032688
2026-05-16,-0.007150194591743616,-0.007150194591743616,-0.009065365505431603,-0.009065365505431603
2026-05-17,-0.00491997157422551,-0.00491997157422551,-0.005144268690950302,-0.005144268690950302
2026-05-18,-0.0021464959950002363,-0.0021464959950002363,-0.003558093685409589,-0.003558093685409589
2026-05-19,-0.0016332175418428355,-0.0016332175418428355,-0.0014021618333743973,-0.0014021618333743973
2026-05-20,0.005325768846753126,0.005325768846753126,0.005836529600884621,0.005836529600884621
2026-05-21,0.0008732038198843107,0.0008732038198843107,0.0005550308271242338,0.0005550308271242338
2026-05-22,-0.019889931926565275,-0.019889931926565275,-0.020137070895698564,-0.020137070895698564
2026-05-23,0.013852739241449974,0.013852739241449974,0.013852739241449974,0.013852739241449974
2026-05-24,-0.0015227723345375907,-0.0015227723345375907,-0.0015227723345375907,-0.0015227723345375907
2026-05-25,0.0027430181523906616,0.0027430181523906616,0.0027430181523906616,0.0027430181523906616
2026-05-26,-0.011465775356359675,-0.011465775356359675,-0.011465775356359675,-0.011465775356359675
2026-05-27,-0.014268228918452605,-0.014268228918452605,-0.014268228918452605,-0.014268228918452605
2026-05-28,-0.005989249929618268,-0.005989249929618268,-0.005989249929618268,-0.005989249929618268
2026-05-29,-0.0017663046331976577,-0.0017663046331976577,-0.0017663046331976577,-0.00014819862219332406
2026-05-30,0.0027419242286494,0.0027419242286494,0.0027419242286494,0.002990740913230628
2026-05-31,-0.0034978424194404482,-0.0034978424194404482,-0.0034978424194404482,-0.0034978424194404482
2026-06-01,-0.01028313114839888,-0.01028313114839888,-0.01028313114839888,-0.01028313114839888
2026-06-02,-0.04340813735192964,-0.04578461435561032,-0.04578461435561032,-0.04578461435561032
2026-06-03,-0.01742810099873386,-0.017164774961292237,-0.021649007385974244,-0.021649007385974244
2026-06-04,-0.007325351152941226,-0.007325351152941226,-0.012209951802191395,-0.007122399561778112
2026-06-05,-0.00020295159116311368,-0.037096225704196524,-0.05229483559699707,-0.05248693933789305
2026-06-06,0.0,-0.00019752766602954824,-0.00019752766602954824,-0.00019752766602954824
2026-06-07,0.016501156831546602,0.016501156831546602,0.0,0.0
2026-06-08,-0.000992506814707263,-0.000992506814707263,-0.001790808948591108,-0.001790808948591108
2026-06-09,-0.009461437425897138,-0.009461437425897138,-0.009608157393098128,-0.009608157393098128
2026-06-10,-0.002606470927838055,-0.002606470927838055,-0.002606470927838055,-0.002606470927838055
2026-06-11,0.01238307461674464,0.012109628938816723,0.01238307461674464,0.012109628938816723
2026-06-12,-0.00104948076137458,-0.0009035829818176979,-0.0002991878211047479,-0.0009035829818176979
2026-06-13,-0.00014589777955688216,0.003975995086349395,0.004812140643351178,0.003975995086349395
2026-06-14,0.00810784545753809,0.008249039896422667,0.008108669931786164,0.008249039896422667
2026-06-15,0.008735776110629711,0.008735776110629711,0.008735776110629711,0.008735776110629711
2026-06-16,-0.001944592826703593,-0.001944592826703593,-0.001944592826703593,-0.001944592826703593
2026-06-17,-0.007007859293924972,-0.007007859293924972,-0.007007859293924972,-0.007007859293924972
2026-06-18,-0.007836177933217347,-0.007836177933217347,-0.007836177933217347,-0.007836177933217347
2026-06-19,-0.00012383196268880592,-0.00012383196268880592,-0.00012383196268880592,0.0015582188958480911
2026-06-20,-0.00013439741020046566,0.00577308706138294,0.00577308706138294,0.005640035075234927
2026-06-21,-0.006007337287501642,-0.006006057613478868,-0.006557287395100242,-0.006557287395100242
2026-06-22,0.004026783744762031,0.003946577828422021,-0.00013500437219701408,0.0041617881169590445
2026-06-23,-0.011954330384754571,-0.012089613275784717,-0.012089613275784717,-0.009546221903743688
2026-06-24,-0.00013562113496224423,-0.009119833544340868,-0.00910298671595542,-0.009237175940187784
2026-06-25,0.0,-0.00013490517959730344,-0.00013490517959730344,-0.011251603397665138
2026-06-26,0.0,0.0014782080582743707,0.0,-0.0001338551493016817
2026-06-27,0.0,-0.001270953583168377,0.0,0.0
2026-06-28,-0.00011053256579099022,-0.0013723399261343077,0.0,0.0
2026-06-29,0.001702479004555243,0.0018337084526844586,-0.00013921688240409535,-0.00013921688240409535
2026-06-30,-0.004486214781742801,-0.004486214781742801,-0.004618223060717534,-0.004618223060717534
2026-07-01,0.003869461386226973,0.003869461386226973,0.003869461386226973,0.003869461386226973
2026-07-02,0.004620984589436811,0.004620984589436811,0.004620984589436811,0.004620984589436811
2026-07-03,0.0030904599734889707,0.0030904599734889707,0.0030904599734889707,0.0030904599734889707
2026-07-04,0.001623515838331151,0.001623515838331151,0.001623515838331151,0.001623515838331151
2026-07-05,0.0017629202534393403,0.0017629202534393403,0.0017629202534393403,0.0017629202534393403
2026-07-06,0.0014431561375810587,0.0014431561375810587,0.0014431561375810587,0.0014431561375810587
2026-07-07,-0.0029591463893576856,-0.0029591463893576856,-0.0029591463893576856,-0.0029591463893576856
2026-07-08,-0.009480407685971226,-0.004631793360964444,-0.004631793360964444,-0.004631793360964444
2026-07-09,0.004066292008843746,0.004274285608213991,0.004274285608213991,0.004274285608213991
