day,lookback_days=7|quantile=0.2,lookback_days=7|quantile=0.3,lookback_days=14|quantile=0.2,lookback_days=14|quantile=0.3
2024-01-01,0.0,0.0,0.0,0.0
2024-01-02,-0.00031999999999998696,-0.00039999999999995595,-0.00031999999999998696,-0.00039999999999995595
2024-01-03,-0.005439276454935027,-0.006160832347632872,-0.005439276454935027,-0.006160832347632872
2024-01-04,0.006210678420635052,0.00924011194765506,0.006210678420635052,0.00924011194765506
2024-01-05,0.00516993890944506,-0.001223947224979094,0.00516993890944506,-0.001223947224979094
2024-01-06,0.0076886290179813965,0.008672092623376537,0.0076886290179813965,0.008672092623376537
2024-01-07,0.005201699045151109,0.010103175496297245,0.005201699045151109,0.010103175496297245
2024-01-08,0.010088339411040925,0.007184923527279619,0.010088339411040925,0.007184923527279619
2024-01-09,-0.013272989286407633,-0.0148436231608563,-0.013216322218907894,-0.014716566051456548
2024-01-10,0.003851099354000187,0.005908989782420937,-0.0013247785699583847,-0.0005940040720913142
2024-01-11,-0.013035011258274887,-0.015793981223392373,-0.02291828223697534,-0.023435342077382737
2024-01-12,0.0017181581500129717,-0.0016635334941040858,-0.007069881261224653,-0.004608156733967639
2024-01-13,0.005942197582245123,0.012667023871228977,0.003843011525744622,0.009602753875767034
2024-01-14,-0.0010912871338870644,0.005759887252748674,6.752006814880751e-05,0.002922279103795944
2024-01-15,-7.318969404979114e-07,0.002265047755377836,0.004646598375507516,0.007340588231723011
2024-01-16,0.0013345978911114553,0.00010273522268766655,0.0016226824904070902,-9.890364833675669e-05
2024-01-17,0.0009151876132493797,0.0005406394120612834,0.0010969744377216095,-0.00015408822747042805
2024-01-18,-0.003841824164261487,-0.0042327432456267244,-0.0008973724340693989,-0.000817169457854372
2024-01-19,0.005195046519425484,0.0053957367648400645,0.004115272087947375,0.004085837339250942
2024-01-20,-0.0008470804446547575,-0.004768684061158268,0.004018812112706716,0.005652153909693425
2024-01-21,0.0011863835148864244,0.0024323059443411843,-0.0004519987991070673,-0.004944393771246891
2024-01-22,0.0010663562320400999,0.0007936049238890241,0.0012946809503344703,0.002284901304237197
2024-01-23,0.0033753038922474943,0.003339438602466105,0.005278784124075564,0.006368345562084876
2024-01-24,-0.004932147661674269,-0.00215275371397583,-0.004129358974517605,-0.0026008061963964657
2024-01-25,-0.0041054557823752,-0.0009692443206227308,-0.004124314324419731,-0.0003795626085562054
2024-01-26,0.004794041945042293,0.0038413979568547862,0.00478190189611305,0.003580998155175541
2024-01-27,-0.0077589389572351175,-0.0035831520663093253,-0.007133147794863959,-0.0036017261498663133
2024-01-28,0.00028681176214817583,0.00022720615167171054,-0.00023562010660260757,0.0001483466559504265
2024-01-29,0.0006779724481187355,-0.0003514066149719053,-0.0005376086401094327,-0.001412404879676754
2024-01-30,-0.0064015435394166875,-0.0025845588644984874,-0.005351745340067993,-0.004721258522189409
2024-01-31,0.002505764980206049,0.0008325450207844476,0.003352975957761961,0.0008325450207844476
2024-02-01,-0.003511337621955879,-0.0014185824184028695,-0.0017828899301424173,-0.0014185824184028695
2024-02-02,-0.00139882676951264,0.00024446164645941515,-3.471415387135135e-05,0.00024446164645941515
2024-02-03,0.0012719495354878152,0.002196877939456998,0.0014193653543057572,0.002196877939456998
2024-02-04,-0.001272188969182797,-0.0004355800214991268,-0.0004863743706627899,-0.0004355800214991268
2024-02-05,0.0012176344454204457,0.0024773794338897037,0.002614745669399232,0.0024773794338897037
2024-02-06,-0.001954287617404904,-0.0015510145642007034,-0.00243816293817134,-0.0015627049357122003
2024-02-07,0.045680205306880994,0.0496814116859714,0.04452086561566304,0.04884261485529473
2024-02-08,-0.025346673009426834,-0.02412646306183308,-0.025602384054943084,-0.023234403232242906
2024-02-09,0.002328434136044999,0.001587886087895285,0.0012815602824503003,-0.002460044357838309
2024-02-10,0.010410638118824478,0.008134300145812734,0.007864286623482597,0.009801945126170164
2024-02-11,0.00353444673540082,0.0038488107766718738,0.005443974257561601,0.0034237187037351458
2024-02-12,0.005298185822197654,0.004326153446519765,0.005779629706382128,0.005105320242226652
2024-02-13,-0.005220928614617315,-0.0030842931251225947,-0.006686797853197812,-0.0037922246515327274
2024-02-14,0.010876906586299251,0.01693567621858616,0.009649234427140163,0.014997682506300514
2024-02-15,-0.00010506139185817442,-0.004990161824613426,-0.0007612312114011477,-0.007122483165450388
2024-02-16,-0.005459208075405453,-0.007963741383100964,-0.004362126889405293,-0.0020398851996593637
2024-02-17,0.005307574621661093,0.004043246881996865,0.008130323557407504,0.008113541264392232
2024-02-18,-0.005899820269372635,-0.008509029866096696,-0.01755003432478519,-0.010839508801838038
2024-02-19,-0.0003626954762719903,0.001561617495835721,-0.0015374038345248309,-0.0009206976045263993
2024-02-20,0.013666309706220847,-0.002009019866797246,-0.0053147620345082025,-0.010266344972289954
2024-02-21,0.014867302220972434,0.017245008511332482,0.009413046459781249,0.016870932920197257
2024-02-22,0.018451322074936938,0.020415673041724425,0.018709479613078006,0.022437354448340052
2024-02-23,-0.015871112970647916,-0.024992518155726673,-0.003952808896229065,-0.0036392995242269244
2024-02-24,0.001279228525495224,0.007865792651462034,-0.0030912089565683365,-0.002926143810643822
2024-02-25,-0.0010237729914880367,-8.119714088272723e-05,-0.004654475290181148,-0.008135587498373398
2024-02-26,0.0035602896608770696,0.004338235664448575,-0.0015655285963627197,-0.0017372276057803226
2024-02-27,0.004929262911603116,0.005952205082507156,0.0011808935999422232,0.0016124501030643223
2024-02-28,0.01039890542875277,0.0035628358876480526,0.008111543657649767,0.009260194495493534
2024-02-29,-0.0037053605565602332,-0.0004565310414104129,-0.0028593437608679384,0.00022066901032968822
2024-03-01,-0.023478898335899778,-0.029605173176667887,-0.022617820183863047,-0.028187611890627684
2024-03-02,-0.027058089290944998,-0.03138051625692606,-0.03293467758695212,-0.03632009336141906
2024-03-03,-0.0037675803823532528,-0.014264466144016774,0.0013935905888935451,-0.013725289246273253
2024-03-04,-0.011673920987814945,-0.00950036085199768,-0.0058993125658379775,-0.00240902506917684
2024-03-05,-0.04612487781451813,-0.044174921279501844,-0.05100553260276908,-0.05068274634565528
2024-03-06,0.0038727556899238458,0.0009732576410244054,0.005378442640951997,-0.003230213987052699
2024-03-07,-0.0006930912297599123,0.0021653033738544547,-0.004076427855965181,0.0038949565106931594
2024-03-08,0.0008117899021400365,-0.0036668365688113935,0.007359127420293765,0.0007285684001137049
2024-03-09,-0.005709416648362886,-0.004078650152638197,-0.013478662030604216,-0.010188936134306825
2024-03-10,0.0005338130167318322,0.0024736031451959573,0.004504674079324866,0.0034520954163881346
2024-03-11,0.013285179412974246,0.013147288037609561,0.013216877696570872,0.01357673544393645
2024-03-12,-0.01610419266030627,-0.016872461472233202,-0.0029219026888887,-0.005868860953374688
2024-03-13,-0.01176607215765868,-0.008468726675160299,-0.012475516568897005,-0.007304049663539369
2024-03-14,0.02328892317879605,0.011507552585072522,0.01608025647155631,0.009129436597711038
2024-03-15,0.003666833430300498,-0.0036899213149916843,-0.0008710015757789069,-0.006735412706533772
2024-03-16,-0.00017395809687692498,-0.004694746118552695,0.004594555658917532,-0.0019559671790539968
2024-03-17,-0.014835512881185453,-0.015781863615936365,-0.010717135895880414,-0.013216080572190592
2024-03-18,-0.0029873682971238713,-0.0058716090161298196,-0.0035698850878361776,-0.00507038876071475
2024-03-19,-0.0031039904330352197,-0.007275032789328506,-0.0038165501516298495,-0.006882155331755624
2024-03-20,-0.01021518942525046,-0.010406636219208787,-0.012376090728378975,-0.010406636219208787
2024-03-21,0.005083863775767972,0.002487016289464572,0.007798796781737227,0.002487016289464572
2024-03-22,0.0016570054072579943,-0.005117000088698642,-0.0038565897474588384,-0.005117000088698642
2024-03-23,-0.0018361367676320572,-0.002514514773271248,-0.001796706469633924,-0.002514514773271248
2024-03-24,0.00414870206807838,0.002145563122170957,0.0037528437654335,0.002145563122170957
2024-03-25,-0.007512560163407733,-0.007116481865915514,-0.005751091493211513,-0.007116481865915514
2024-03-26,-0.008651542724277594,-0.006554330706801448,-0.009599813616903319,-0.006448518886866483
2024-03-27,0.0072530486250850235,0.007263569708082951,0.0007401477968447256,0.0022234852676223937
2024-03-28,-0.0014497826622221766,-0.0044323270192614395,-0.008187334747401964,-0.009756229418828588
2024-03-29,0.0015214249539001745,-0.0037998806053816114,0.006441848875076817,0.0012148689929092349
2024-03-30,-0.00010630579925385852,0.002093514988489531,0.008298814158073986,0.007140053840672733
2024-03-31,-0.0002734455088785337,0.0008793575402219478,-0.00032920438097350235,0.0009611793946626701
2024-04-01,0.002314895685020524,-0.00062554180404506,0.0017310847485547676,0.000139628005546788
2024-04-02,0.002804071732004143,0.0013948353083472753,0.000979853661468022,-0.000359532084879266
2024-04-03,-0.010395614422821442,-0.007306018606743403,-0.0024931000547817606,-0.002178582470161672
2024-04-04,0.005597783569386561,0.00579531631792829,0.0005805361128081721,0.0013606175831231138
2024-04-05,-0.0023891639119364427,-0.003739647831470738,-0.0061149068437361676,-0.00452812877768205
2024-04-06,-0.0022061673520917813,-0.00017697902860236425,-0.0009697481076683667,0.0004885919023467356
2024-04-07,-0.0067332258581558335,-0.008042245252791624,-0.0038077525180747473,-0.00537365440161075
2024-04-08,0.004100563918038258,0.001788010967509912,0.0021013046688513892,0.0011417188250140153
2024-04-09,-0.0054671001651831475,-0.0021849845864332362,-0.0076240208731404024,-0.006558493050465408
2024-04-10,0.0027892683699923815,0.002080723182957822,-0.0023520025256716925,-0.0014136546226316549
2024-04-11,0.0016777845633131339,0.004971855974679418,0.009599822920322243,0.006727827991933166
2024-04-12,-0.006035895772148803,-0.0029246018303936694,-0.004494546686296785,-0.0028933403484706632
2024-04-13,0.003941093636065096,0.014371164824612093,0.013254331009373566,0.012036933147861584
2024-04-14,0.0003540420192218452,0.0070569410137453215,0.0021594253606032066,0.003178940853849399
2024-04-15,-0.0052609300957873195,-0.007516732896924672,-0.01115748366903413,-0.008856918327092345
2024-04-16,-0.002947229481407909,-0.003237397165292255,-0.0035588184855377403,-0.004323678318880697
2024-04-17,0.00113502208434757,0.0008892300257898889,0.001454268776938994,0.0012909981746274113
2024-04-18,0.002450790832684957,0.0035436574466094495,0.0019056392178693482,0.001987807651913087
2024-04-19,-0.0023098435588675414,-0.002677315160120708,-0.0022236842864490347,-0.0022550207527433086
2024-04-20,0.0005244059035187654,0.001142230475114081,0.0007447448758797215,0.0005136464127450946
2024-04-21,8.213957426872476e-05,-0.00039409131570533606,0.0002286290509097011,-0.00037115708705182104
2024-04-22,0.0025547505112262225,0.0014500844822173953,0.0020679568633763523,0.0016963019169322635
2024-04-23,0.0013251192180749882,0.0013517889646179615,0.0022179983426651173,0.002298391674467659
2024-04-24,4.724535200018032e-05,0.018254045430698973,0.00011276131856652327,-0.00012719332492461266
2024-04-25,-0.0007266375965518934,-0.003156159279159687,0.00334790911648164,0.002898260007854425
2024-04-26,0.002108475833791257,0.002045134521252656,0.0012799845293602896,0.0011847926827128763
2024-04-27,-0.0018774867383455351,-0.00325770408584658,0.0006618046173616499,-0.0014298580368772296
2024-04-28,0.00023705345161650904,-0.00032136126653681263,-0.002345541704684262,-0.00010416073391827929
2024-04-29,0.0015943863915206524,0.0012429952990657966,0.0006676161512062517,-4.953136242924483e-05
2024-04-30,-0.00047197512061014635,-0.0007541071048505765,-0.0017796694943855718,-0.0024379552091501333
2024-05-01,0.0010598507617141095,0.0017734863314977645,0.0002838106086295866,0.006524031138131159
2024-05-02,-0.0024984661893302507,0.0008209357972635001,-0.0018841950327818102,-0.0011728396813095454
2024-05-03,-0.0021148081038379063,-0.0011976182346888908,-0.001617522233826385,-0.002183298462291039
2024-05-04,0.0007561504760198456,-0.0013472610532834217,0.0010972256129710978,-0.0004232833079138576
2024-05-05,-0.0023773097624132378,-0.0014804534282992776,0.0002447101649571959,-0.00042985285256114114
2024-05-06,-0.0014929578474605076,-0.0026922669403710575,-0.0021818672068348866,-0.0017848269267792816
2024-05-07,0.00262317114409516,0.0027473715423218525,0.002435789848918457,0.0024407731795934584
2024-05-08,-0.0001836371915742152,-0.0003351319333624314,-0.0006888202932467946,-0.00029704984383904787
2024-05-09,-0.004045625765411898,-0.003104479167967522,-0.00472510818415528,-0.003328273864892317
2024-05-10,-0.0006986383505399596,-0.0006384758791917466,-0.0001865942728528358,0.0001058204627391035
2024-05-11,-0.0011796620263216928,-0.0004070982337587292,-0.0013885528004616843,-0.0018606726344325697
2024-05-12,0.0007262061179234003,-0.00013178794939827654,-3.071883211747117e-05,-0.0009631625348006656
2024-05-13,0.0010477720382910949,0.0005411523732354873,0.0005610890278904268,0.000123064162410369
2024-05-14,-0.0015579863558772278,-0.0014683557426909966,-0.001047475141630505,-0.0011059584117619758
2024-05-15,0.0,0.0,0.0,0.0
2024-05-16,0.0,0.0,0.0,0.0
2024-05-17,0.0,0.0,0.0,0.0
2024-05-18,0.0,0.0,0.0,0.0
2024-05-19,0.0,0.0,0.0,0.0
2024-05-20,0.0,0.0,0.0,0.0
2024-05-21,-0.00033398323160382937,-0.00046539899123854145,-0.0003637573224156698,-0.0004752774338446786
2024-05-22,0.002721843891949849,0.005164886438191241,0.00524090507392283,0.002595462268384363
2024-05-23,0.003301380579899371,0.0073925164274522,0.0032165793077905125,0.003975987277854642
2024-05-24,-0.016318616680642606,-0.007346448041724907,-0.01737637780193413,-0.010615743683137446
2024-05-25,-0.003427091549740302,-0.0036421244029447575,-0.00857163046227627,-0.008300910181338939
2024-05-26,0.0005638796593749884,-0.00225376304695335,-0.0012961602295179508,-0.0032504485480115974
2024-05-27,0.002033216418927397,0.0028014929736071004,-0.00023620488258813133,0.002076323070032915
2024-05-28,-0.004104629866550136,-0.0087446653853126,-0.005564316876587094,-0.007694178517508199
2024-05-29,-0.006273067426226797,-0.0025826944164035748,0.002368547401499832,0.0005396771359005292
2024-05-30,-0.003434917593506004,-0.0025014165965971946,0.0053806367580331305,0.0009627134188359143
2024-05-31,0.011369219625535054,0.008217616376561931,0.0029843442829804445,0.006568248458885595
2024-06-01,0.0033101959221752963,0.00280461577571689,-0.0011888577957062108,0.0033608433576697294
2024-06-02,0.0017304365172257086,0.0021954359230889064,0.0021445612033170747,0.0009768334540363188
2024-06-03,5.695690273355147e-05,-0.0009119526875729367,0.012987406134877366,0.012622280618528992
2024-06-04,0.00531632309840413,0.0017981753691524993,0.006452450361929429,0.006295023336958749
2024-06-05,0.0006557787395178316,-0.0012910779366106517,0.011095329715678615,0.008216615349520895
2024-06-06,-0.0012080164135492844,-0.0007530657887236947,0.0010667094989618153,0.0017211128066974002
2024-06-07,0.006171624863260394,0.0069760992916212405,0.011289728423125478,0.01113795182320998
2024-06-08,-0.003682681591792525,-0.0006383452515722476,-0.0021605418415169275,0.0005580052233882249
2024-06-09,0.008772956627409956,0.007518843371526751,0.009997224143617256,0.008089893037662499
2024-06-10,0.0034304642179945333,0.005154470352509044,0.0006043872584529097,0.0011025760076139868
2024-06-11,0.00822073944951729,0.009884528242470658,0.001510006817981857,0.0003763201489541679
2024-06-12,0.006587470084820968,0.0031355091553915138,0.005682340477612291,0.005053554145243666
2024-06-13,-0.013432318540179233,-0.0024478581616531603,-0.005994595416355386,-0.004245644723664177
2024-06-14,0.006455316375536313,-0.0004150696755337302,0.0006082146310861791,0.004795535125933448
2024-06-15,0.00983125629411341,0.010247452539630997,0.0053790262877548845,0.011481114055549524
2024-06-16,0.0019527593908559293,-0.004669359988961674,-0.004059705409700465,-0.0042198136701689926
2024-06-17,-0.002223028659045667,0.000768110484130391,0.0029547153140232485,-0.00028278969536454923
2024-06-18,0.018933928758863683,0.010484836347417037,0.007687219929979783,0.013658239635284897
2024-06-19,-0.0051504818171360656,0.0024013304415033687,0.003996818757403098,0.006699376445862271
2024-06-20,-0.005434532560477989,-0.0044753147746684485,-0.004043821746595344,-0.004833756894797814
2024-06-21,0.002379067375430477,0.003430654737453631,0.0014662253411250603,0.002068443981412482
2024-06-22,-0.0006949288916733298,-0.008154916380507582,-0.006239903956083093,-0.0061669409669142805
2024-06-23,0.007813346778706265,0.009565652094758459,0.016680849455227076,0.014288451463539076
2024-06-24,0.0008633335658834174,1.51306863729328e-05,0.005063130486166578,0.004903291536096033
2024-06-25,0.0010651803095860224,3.507339378971963e-05,-0.011173838519215162,-0.0028192953640200358
2024-06-26,-0.0014718322805640227,0.0003386812415184792,-0.0012243640685192236,0.001676684554633212
2024-06-27,-0.0062331401223455485,-0.0052484577536136,-0.0023384281699070364,-0.0020533954230224083
2024-06-28,0.0021767047826770636,0.0005931760616502135,0.004608539954291446,0.0037977586541848574
2024-06-29,-0.005789031619535923,-0.0037399409793593685,-0.0032118797411816447,-0.0023719541476482364
2024-06-30,-0.0017628073132686106,-0.003936656322391152,-0.004513823871736933,-0.005410737894185669
2024-07-01,0.00044713914883987016,0.0011656064475871197,0.00014960417771492374,0.00043106638795920027
2024-07-02,-0.00010767413022028105,0.0008875270949799674,0.002201641365450868,0.00048260190135995806
2024-07-03,0.0018444149006240362,-0.002590699107212213,0.005432614965971361,0.005718974549544731
2024-07-04,0.0018710847181597767,0.0014072441942021285,0.0008816849526058768,-0.0002692662813884583
2024-07-05,-0.00019051861951946414,0.0022298825809445866,-0.006715252192198817,-0.007547677057324842
2024-07-06,0.0010734720485230387,0.004236695520561051,0.001121914963392312,-0.0005325194116191367
2024-07-07,0.000853260119184629,0.0009565239967999073,0.00835767119184383,0.007183458650455998
2024-07-08,-0.0011068722446719859,-0.0004495311372660904,-0.004730566765528743,-0.005038735237073544
2024-07-09,-0.0015356658133625078,-0.003836330544882749,-0.0006979225860745952,0.00226944584591382
2024-07-10,0.0,0.0,0.0,0.0
2024-07-11,0.0,0.0,0.0,0.0
2024-07-12,0.0,0.0,0.0,0.0
2024-07-13,0.0,0.0,0.0,0.0
2024-07-14,0.0,0.0,0.0,0.0
2024-07-15,0.0,0.0,0.0,0.0
2024-07-16,0.0,0.0,0.0,0.0
2024-07-17,0.0,0.0,0.0,0.0
2024-07-18,0.0,0.0,0.0,0.0
2024-07-19,0.0,0.0,0.0,0.0
2024-07-20,0.0,0.0,0.0,0.0
2024-07-21,0.0,0.0,0.0,0.0
2024-07-22,0.0,0.0,0.0,0.0
2024-07-23,-0.0003379364842814869,-0.00041226581006525986,-0.0003209504841001909,-0.0003836997835003908
2024-07-24,0.004752300628858119,0.008993214410779604,-0.0015849709406657864,0.00194648470169545
2024-07-25,0.010775320947925993,0.005923771134029643,0.007644067296842305,0.006518612749328412
2024-07-26,0.004854017366984431,0.007367593310659837,0.0055106986454582785,0.0027130955568530624
2024-07-27,-0.013222243826513491,-0.01314192920291013,-0.01218821304934592,-0.009451093540580158
2024-07-28,0.0014500267886861096,0.0026459952238406803,0.0014898473114048905,-0.00018507894712815887
2024-07-29,0.015430558220801638,0.013678278182962744,0.011953593059828238,0.010706759693820844
2024-07-30,0.0025134938871445023,0.0022998217958087874,-0.0007261640784014256,-0.0013676433690033019
2024-07-31,0.005150754311844752,0.006106216505976425,0.0012100604755265199,-0.0008293401623512553
2024-08-01,-0.00457880570251934,-0.004214647875181221,-0.006221246481599163,-0.001145236384919479
2024-08-02,0.0027301323498196695,0.0019403215531810236,0.007089831220449927,0.006636632925346442
2024-08-03,-0.01217013256409294,-0.005993080801703465,-0.0051151630777859225,0.007284320787575016
2024-08-04,0.004264146243896372,0.00799710784799279,0.005190751431186191,0.00677394161312872
2024-08-05,-0.0013396652615824678,-0.0036295638409119535,0.003213750872821386,0.004408414590160614
2024-08-06,-0.010717424852002111,-0.0055423471023657855,-0.0036908768323886676,0.0024207686432418107
2024-08-07,0.0,0.0,0.0,0.0
2024-08-08,0.0,0.0,0.0,0.0
2024-08-09,0.0,0.0,0.0,0.0
2024-08-10,0.0,0.0,0.0,0.0
2024-08-11,0.0,0.0,0.0,0.0
2024-08-12,0.0,0.0,0.0,0.0
2024-08-13,0.0,0.0,0.0,0.0
2024-08-14,0.0,0.0,0.0,0.0
2024-08-15,0.0,0.0,0.0,0.0
2024-08-16,0.0,0.0,0.0,0.0
2024-08-17,0.0,0.0,0.0,0.0
2024-08-18,0.0,0.0,0.0,0.0
2024-08-19,0.0,0.0,0.0,0.0
2024-08-20,0.0,0.0,0.0,0.0
2024-08-21,0.0,0.0,0.0,0.0
2024-08-22,0.0,0.0,0.0,0.0
2024-08-23,0.0,0.0,0.0,0.0
2024-08-24,0.0,0.0,0.0,0.0
2024-08-25,0.0,0.0,0.0,0.0
2024-08-26,0.0,0.0,0.0,0.0
2024-08-27,-0.0001416935469226166,-0.00017736394389089583,-0.00012982548582785025,-0.00017545055873757764
2024-08-28,-5.825454437813349e-05,0.000651341639587022,0.0025762428078135446,0.0007950494501989258
2024-08-29,0.002694430500076672,0.003578875063109166,0.002713989658940097,0.0002713634292546008
2024-08-30,0.0011604968315643838,0.00040595401615362015,-0.0004390825185180969,-0.0005806160442968222
2024-08-31,0.0013907701624307212,0.003223106945977161,0.0001881034233757184,-0.0005058433427295173
2024-09-01,0.003430441074231405,0.0026455854328168993,0.0022792758088732157,0.001815537547042334
2024-09-02,0.004277908261930863,0.0024265904677676087,0.001383188298586857,-2.242182984535379e-05
2024-09-03,-0.002323893863458437,-0.00014689210025053967,-0.0016602725474433866,-0.0001182868236627721
2024-09-04,0.0,0.0,0.0,0.0
2024-09-05,0.0,0.0,0.0,0.0
2024-09-06,0.0,0.0,0.0,0.0
2024-09-07,0.0,0.0,0.0,0.0
2024-09-08,0.0,0.0,0.0,0.0
2024-09-09,0.0,0.0,0.0,0.0
2024-09-10,0.0,0.0,0.0,0.0
2024-09-11,0.0,0.0,0.0,0.0
2024-09-12,0.0,0.0,0.0,0.0
2024-09-13,0.0,0.0,0.0,0.0
2024-09-14,0.0,0.0,0.0,0.0
2024-09-15,0.0,0.0,0.0,0.0
2024-09-16,0.0,0.0,0.0,0.0
2024-09-17,0.0,0.0,0.0,0.0
2024-09-18,0.0,0.0,0.0,0.0
2024-09-19,0.0,0.0,0.0,0.0
2024-09-20,0.0,0.0,0.0,0.0
2024-09-21,0.0,0.0,0.0,0.0
2024-09-22,0.0,0.0,0.0,0.0
2024-09-23,0.0,0.0,0.0,0.0
2024-09-24,-0.0001978595462095445,-0.00024076329988464984,-0.00018544972121992132,-0.0002427925098568151
2024-09-25,0.00020510126609929458,0.00288048537610619,-0.005283999952889085,-0.0010600450312425735
2024-09-26,0.002092138242008268,-0.0007407498165391546,-0.0003685436066461767,-0.0009178806185344834
2024-09-27,-0.004550703709295445,-0.009641537508965348,-0.0019914574829608123,-0.004581744102684859
2024-09-28,0.0006900850659998792,-0.0008696336655165116,0.002825210429149738,0.002754717135221574
2024-09-29,-0.0030502756326642455,-0.0031579115128694824,-5.033878738336384e-05,-0.0026348257672904607
2024-09-30,0.0023989714484080604,0.004997207144264104,0.004147297414166529,0.0027980084663585814
2024-10-01,0.0018600385375298067,0.0028391519719555003,0.0007357674553709614,0.0048307418988629
2024-10-02,0.0049313319548767165,0.005426981687915333,0.0018884213395762295,0.0022729531063694353
2024-10-03,0.008789643086169141,0.009106078252568484,0.01354396324810736,0.011860409981773401
2024-10-04,-0.0023595402827746303,-0.004368154832818716,-0.0010775225323356175,-0.002747873335091411
2024-10-05,-0.0018686067039020982,-0.0001533826771143998,-0.003723064059342862,-0.0010907741812661298
2024-10-06,-0.002861314776339885,-0.0030294612145590483,-0.003424359548686917,-0.005338282848897924
2024-10-07,0.0014261470529099984,0.0032409513065694284,-0.001331936333699546,0.0026103664449181885
2024-10-08,0.003099916333677566,0.0029772916876276145,0.001906426168050368,0.0016801133617923014
2024-10-09,-0.00296734605061566,0.001188024648113073,5.2932946200012765e-05,0.0016808355300654831
2024-10-10,-0.001954388206742985,-0.0010517538507550661,-0.0008363865193508069,-0.001485430066203941
2024-10-11,-0.0010639194357214832,-0.0024411730259307207,-0.002527925315934376,-0.00268549793132955
2024-10-12,0.005575040363102968,0.001544112885263793,0.00423542900295204,0.0014101436271898304
2024-10-13,0.007709463927481508,0.005784069347825271,0.005625458839965569,0.00613231561845895
2024-10-14,0.0027229255878593595,0.0027355703141485055,0.0031462484463649076,0.0029956512946276437
2024-10-15,-0.0009676221959530329,-0.00419094322216107,-0.0017959304079229188,-0.0033234616501799374
2024-10-16,-0.002789303793797604,-0.009758061968969778,-0.010699841815424826,-0.011464636435920661
2024-10-17,0.0038098883830266494,0.006615480108146832,0.004365686111952316,0.004604385169784564
2024-10-18,0.00015927467030563136,-0.0013454608176073357,-0.0023310899941321184,-0.0017502540286812307
2024-10-19,-0.0014924736159687146,-0.00046234138143996795,0.0010829114484884883,-0.0011144960092636103
2024-10-20,-0.002247857302697387,-0.004655534523253624,-0.005629874543797153,-0.006794773425356837
2024-10-21,0.0008910821310328387,0.0007864812527333953,0.0016445545090997271,-0.0013983056396628113
2024-10-22,0.003422814806434804,0.004219222310223536,0.0025730928113254503,0.005295764818993742
2024-10-23,-0.0017559601828894822,0.0006663193211764451,0.0010527939655258223,0.0014324995914423155
2024-10-24,-0.0005511283892670749,0.000791168803186082,0.003361150711644223,0.0014845978046529318
2024-10-25,0.004492485336991647,0.0033910348764363274,0.0038113237283354806,0.0019972884855095074
2024-10-26,-0.005829057766645773,-0.011942940806892954,-0.00372178674476209,-0.008681231937126999
2024-10-27,0.008284610214778887,0.00742575250587163,0.003527912370639319,0.0061616286945840315
2024-10-28,-0.009807482507633636,-0.012949923946572128,-0.001157443598965635,-0.0048866463602385
2024-10-29,0.004763140556300227,-0.005309064967242705,0.001459886272221711,0.00217462896152143
2024-10-30,0.004583000880284072,-0.002076575345962839,0.0012321097252872004,-0.005488125000175592
2024-10-31,-0.015137083344208158,-0.010925984946453138,-0.010453754401558712,-0.008869097457989583
2024-11-01,0.004274169904411318,0.001694812619276842,0.009040027537935647,0.008727005180861225
2024-11-02,-0.005043630040827307,-0.004765324194161202,-0.005905679286771215,-0.0022395596180626587
2024-11-03,0.0005737992760628252,-0.003973778879650558,0.0005938151462594465,-0.0024246069286526506
2024-11-04,-0.010153658517147224,-0.008499924431821348,-0.006640528335973062,-0.0035480516445012267
2024-11-05,-0.003611258900771075,-0.007722153437213719,-0.004633401616318311,-0.00843727161695984
2024-11-06,0.014132769048342153,0.007207314391887376,0.011609377190321624,0.01328185745042032
2024-11-07,0.00020569037306761295,-0.0017534077430823025,-0.0016612625647075552,0.009631774586012165
2024-11-08,-0.006086633242366912,-0.016015082480150378,-0.0050801376655572605,-0.001961667067815198
2024-11-09,0.0010177558101613915,-0.004582140782463884,0.016156499376542177,0.00691346829061068
2024-11-10,0.016758150642309566,0.0099640421044207,0.007300714357745486,0.010554217454671111
2024-11-11,-0.001490660574738234,-0.016605838863331668,0.011135872861224305,-0.007420173352455595
2024-11-12,-0.007107736252979446,-0.005981589914489938,0.010866103829242135,-0.0056858521540607
2024-11-13,0.020066798186078483,0.01723654878196257,-0.013948373053556229,-0.00654396505620658
2024-11-14,-0.008433566978732543,-0.021829590435993307,-0.013028500186841652,-0.016164780655332778
2024-11-15,0.0012182579371353697,-0.013909479407426262,-0.021173717200668962,-0.017645965921547102
2024-11-16,0.03785707711219488,0.029599100593629135,0.0231751923865251,0.006366818819401265
2024-11-17,0.0044333208506586175,0.03802141473266207,-0.0060930829617308335,-0.0023829827054929753
2024-11-18,-0.015403613558510831,-0.014425231414075146,-0.0010134193416051485,-0.006428030719243694
2024-11-19,0.018519804271415863,0.031075950162048338,0.019400158782346022,0.014871946891821919
2024-11-20,-0.012020780994156932,-0.009165622826301512,-0.006695884728015522,-0.012405116817065687
2024-11-21,-0.0035396818948891795,-0.0028233480925586862,-0.005265084534605502,-0.006421209255559446
2024-11-22,-0.0004796020103163823,-0.0031776541577575035,-0.003979036267941605,-0.0031531376402140765
2024-11-23,0.006278663922645533,0.010642838370471974,0.011500823804725169,0.011024365173758044
2024-11-24,0.012400313860648104,0.029401060947197077,0.01488366908774541,0.030636946006509902
2024-11-25,0.002939879916321164,-0.0008805826023461361,-0.0010379309066804732,-0.0023126584362029856
2024-11-26,0.0022461400378572804,-0.0009703241767508031,-0.006864377764245644,-0.0031215506007931104
2024-11-27,-0.005347399280837606,-0.005642264405715136,-0.0025402100939198036,0.0013828552264782967
2024-11-28,0.006561800826258013,0.007468102810364696,0.0061499999960161755,0.006737407882058788
2024-11-29,-0.002580098850194168,9.672393721293915e-06,-0.001060102713433042,0.003723522485290731
2024-11-30,0.011185113552863557,0.010710321706507875,0.00923284910627098,0.012351364778751872
2024-12-01,-0.002997413733267118,0.0022476488908613756,0.0012659539319010982,0.0026999919197376876
2024-12-02,0.0028330016136484115,0.0003036032068408634,0.008391577956671892,-0.002735178123949522
2024-12-03,0.025318539123462713,-0.0060417231810017125,0.021529216069130275,-0.003941951231118179
2024-12-04,-0.008513178737466709,0.05483347660036375,-0.004327420631890955,-0.005169036090501233
2024-12-05,0.0012744061735838752,-0.021009708496109503,0.0007667245437703585,0.0003069899837901957
2024-12-06,0.005681345405624594,0.006988678369841184,0.006715808889653507,0.003139656942626079
2024-12-07,0.00271127883323774,-0.002302718751986621,0.001643955671873698,0.007777874597947987
2024-12-08,-0.003505482288031936,-0.0035680410284364417,-0.00733349986774301,-0.007488823878411988
2024-12-09,-0.008456136868106756,-0.010062983239544465,-0.009368562798535707,-0.010077629475369942
2024-12-10,0.0002972198543202964,0.003266784705379777,-0.0027721494004477876,-0.004436751909534631
2024-12-11,-0.007149482558939324,-0.005574785733217569,-0.007383022248222626,-0.006287840497432029
2024-12-12,-0.0032138286043025266,-0.006768180935669443,-0.005017450165066384,-0.006336520334752849
2024-12-13,-0.00818870151107276,-0.017653592670498486,-0.02014044961667394,-0.015022177187216212
2024-12-14,-0.003874181210873018,-0.0027426447004643695,-0.0040565175798249475,-0.005193286616648751
2024-12-15,0.0013513202488422138,0.0007041528710238776,-0.0012663784332871408,0.002396658502377358
2024-12-16,0.0006384265010541679,0.0004628259177261729,0.00157944532637333,0.000952498368138377
2024-12-17,2.7570516377695142e-05,-0.0004516150205309266,-0.0020038494770792115,0.0017288647071918017
2024-12-18,-0.005118809922491918,-0.002494141876245304,-0.0007596415360152653,-0.0006048305980409507
2024-12-19,0.005277938897455092,0.003069596404033925,-0.0024320164122412224,0.0006569831217437816
2024-12-20,0.003123434962019056,0.0036119060681090165,-0.0012711261696383147,0.003642145465725166
2024-12-21,0.004271868091307418,0.0010321806075817008,-0.0011185051294414494,-0.0022631544495552713
2024-12-22,-0.00032167556571860434,0.0030811355930604467,0.002441191260043496,0.0063909686490808415
2024-12-23,-0.005517066517814473,-0.007226055087570793,-0.009246966718801763,-0.011560925525728405
2024-12-24,-0.0027001605266717688,-0.007144793776058589,-0.009077774295806806,-0.011833634429492701
2024-12-25,-0.0026389364868352194,-0.00042002055222889467,-0.0030157057395289177,-0.0016782932851824306
2024-12-26,-0.00032983235088412943,-0.0008530017884100793,0.0006856657185623227,0.0010286979438611787
2024-12-27,0.0017627361884069437,0.0015718683357244245,0.0029055984238244292,0.0023509901635576647
2024-12-28,0.00033342981157735707,-0.000527616046499535,0.0009271469681126909,0.0002309791932693095
2024-12-29,0.0010760563535463508,0.002219314192851929,0.0008295149747541419,0.00161562696949491
2024-12-30,0.000341428494375684,-0.0009301733577649074,-0.0003013902175057481,-0.0007258301317309979
2024-12-31,0.0014852018415172363,0.0013409857067014919,0.001838486203590728,0.0014469042721165781
2025-01-01,-1.5206982429960547e-05,0.00034370473562272963,-0.000919652452502917,6.424789160708322e-05
2025-01-02,-0.007460980439274789,-0.004499203081202441,-0.00035257312617476,-0.0025521169917478437
2025-01-03,0.001384125791420443,0.0009803002253927495,0.00026252309059593415,0.000812488536939826
2025-01-04,0.0020965888213022588,0.0040078273313681745,-0.00013944441084967618,-6.620949940638887e-06
2025-01-05,0.0037302329062778306,0.0017833043110180302,0.0011731999120196956,0.0015110695385636141
2025-01-06,-0.00046847157465934597,-0.00011145670924894713,-0.0005068377043871974,-0.0009696970448869191
2025-01-07,-0.0008271367554169018,-0.002024051861051812,-9.758188122421796e-05,-0.0002344558454849821
2025-01-08,0.009352989074620233,0.010222802971646017,0.010009158755059255,0.0073479373801865755
2025-01-09,0.0076616449896698136,0.006787891258257961,0.005528557573129644,0.005435729141543888
2025-01-10,0.0008473346630928358,-0.004055017141458062,0.002023717748681708,-0.00031292339873734143
2025-01-11,-0.0010954774495874897,0.00023393984167219273,0.0003592016660514119,0.002431834812501421
2025-01-12,-0.004426897152424947,-0.00019283266868608262,-0.0009957369868222044,0.0003757581891834505
2025-01-13,0.00033873627244651594,-0.0009494031904989653,-0.0013159734366673392,-0.003448285917536764
2025-01-14,0.004194478170921556,0.0066298596224367845,0.0028481691896451444,0.002694050990640129
2025-01-15,-0.004198896211858094,-0.00487209357646845,-0.005248649905753022,-0.006314070093700552
2025-01-16,-0.001533990788927242,-0.0018999653219908819,-0.004636256232695146,-0.007492622895473033
2025-01-17,0.002561748073760084,0.0002199725238334338,0.005203068493553786,0.003037553450935482
2025-01-18,0.0010957672174074506,0.0021957954969360483,-0.0014243050109123967,-0.0006949001871562333
2025-01-19,0.009698976826964634,0.008639684699688122,0.01075972728961494,0.007899213349076506
2025-01-20,4.9372764571398164e-05,-0.0010705386413688567,-0.0001730991966262252,6.8344662063069e-07
2025-01-21,-0.0035489701332868107,-0.0040065589145116265,-0.004741654721332478,-0.003708119634655671
2025-01-22,0.0038463507918902184,0.00021337383011932332,0.003519216498199196,0.0006212251796648971
2025-01-23,0.008381153952717435,0.0033562328855816226,0.009438796217879908,0.008446741284714454
2025-01-24,-0.00595723104580359,-0.0037660245380614077,-0.007551573726289007,-0.008411159584839067
2025-01-25,0.0035347549123063704,0.000974094628926947,0.006152525681841103,0.002992095356838531
2025-01-26,-0.001356768698558053,0.0011978355771318228,-0.0008560188070847463,0.0027668461169849667
2025-01-27,2.492689788025082e-05,0.002543837261850035,-0.003189539495023319,0.003122245244090216
2025-01-28,0.0036028627176094563,0.009394968158707773,0.004655137140441301,0.005775210232022987
2025-01-29,-0.00010502260859623913,-0.005708718110481459,-0.007542993146525956,-0.00310997501256427
2025-01-30,-0.001659390204486022,-0.001137595747887743,-0.00209026430551551,-0.005798479506538223
2025-01-31,-0.003083832725687574,-0.006840631370153782,-0.003795357153903778,-0.010362842113028847
2025-02-01,-0.005071937018542694,-0.008584108150170189,-0.003738277247519406,-0.0064994838430809665
2025-02-02,0.004587321728841465,0.001399053116100557,0.0012602392929788042,0.0015422024560620695
2025-02-03,0.011275224941386552,0.0031869928749799215,0.002969440259539935,0.005368736019807807
2025-02-04,0.009080268014838966,0.007297608644211806,-0.0022275622057514877,0.009174716514315229
2025-02-05,3.0074670956059535e-05,-0.005375539862121248,-0.003949895976993134,-0.009562349398610226
2025-02-06,-0.013331388324514748,-0.0073916577836841135,-0.010106181744278686,-0.0062448956757097385
2025-02-07,-0.00524602623877557,0.0021693979905124117,0.000201008517727308,0.0031806150799167376
2025-02-08,0.0028295058226530667,0.003859067581587272,0.0063853746429962666,0.005336231790313617
2025-02-09,-0.00016361274452436625,0.0014200055744588713,0.0041907334839828,0.0016046862605905154
2025-02-10,-0.00699690649288498,-0.004382192036578303,-0.007562110078714435,-0.005721573197107088
2025-02-11,0.0002664091709292382,-0.003323534383768978,-0.00448080709600196,-0.005626197221729412
2025-02-12,0.004493493099093637,0.0011413117687861796,0.0036900116012088535,0.003573493215855761
2025-02-13,0.013416200669284395,0.007948930378913088,0.007277701514844859,0.00481299130414703
2025-02-14,-0.00639060903730293,-0.005947757921020647,-0.004465638491191193,-0.005814524777688956
2025-02-15,0.00044479782660311606,-0.0012948848419052084,0.0018741047340480321,0.00016342656300349923
2025-02-16,-0.006404239937864875,-0.0026250599131667496,-0.006102509082102858,-0.0021131139635075513
2025-02-17,0.0006529465147337987,0.003744128933836688,0.0014289384842023356,0.0026442994403690356
2025-02-18,-0.007854219669907625,-0.008486574196285845,-0.008902157085160067,-0.01111945919191093
2025-02-19,-0.009485656814374965,-0.007642022374028445,-0.010776197965506551,-0.007820476686974831
2025-02-20,-0.0017497525020939708,-0.003245856089869714,0.0027059695595836875,-0.0005386274604781693
2025-02-21,0.016932054343274716,0.014540144801491461,0.01187095636086588,0.007675046327262791
2025-02-22,-0.004956661976492027,-0.005862323717923057,-0.00707999356750133,-0.008540030394832199
2025-02-23,0.008222303959767752,0.007178047951868161,0.009050553853111154,0.006375825225630072
2025-02-24,-0.00934872794300834,-0.006796064667571322,-0.006212948609364721,-0.0037555920933304288
2025-02-25,-0.005225549538393048,-0.00673281412408655,-0.014782426912216096,-0.005203860968735929
2025-02-26,0.010633610817787131,0.005790018860448276,0.01347606661528844,0.012780947949306398
2025-02-27,0.0009544423470928542,0.0024924112949207267,0.0016233218907339975,0.0013523881710995056
2025-02-28,-0.002741332126244167,-0.0009279637022505671,0.0008376438657409224,-0.0036102404769046137
2025-03-01,-0.007510620923617095,-0.0034520056874962624,-0.00012426567697132462,0.0043392540037778815
2025-03-02,0.013410350913816815,0.010943775059707006,0.0010459391362021009,0.006854595660207741
2025-03-03,0.010112083842044317,0.029326568528185604,0.013289285553657493,0.014540887361240484
2025-03-04,-0.018107988976751033,-0.021179058456385236,-0.019266670296029798,-0.018999832358645552
2025-03-05,-0.0063012425980868425,-0.004643790021926608,-0.0027443515236222904,-0.004777707233369788
2025-03-06,-0.0025397154380780718,-0.004570628535568555,-0.002287262766648035,-0.0015792414002240296
2025-03-07,0.0010528126163027451,0.00035687513632942647,-0.0001458755261457556,0.0014751837121578237
2025-03-08,0.0012603955165901848,0.0023342804772406023,0.0008882550543318768,0.00035819327401953593
2025-03-09,-0.0025377332089046023,-0.0008552215185345657,-0.0019334835017076335,-0.0035254379661404656
2025-03-10,0.0009090790814094696,0.0021354449947004195,0.00025700834962405494,-0.0008185408008877237
2025-03-11,-0.0037161179021233393,-0.0013926420886085644,-0.00325292565053914,-0.002947258940320552
2025-03-12,0.0,0.0,0.0,0.0
2025-03-13,0.0,0.0,0.0,0.0
2025-03-14,0.0,0.0,0.0,0.0
2025-03-15,0.0,0.0,0.0,0.0
2025-03-16,0.0,0.0,0.0,0.0
2025-03-17,0.0,0.0,0.0,0.0
2025-03-18,0.0,0.0,0.0,0.0
2025-03-19,0.0,0.0,0.0,0.0
2025-03-20,0.0,0.0,0.0,0.0
2025-03-21,0.0,0.0,0.0,0.0
2025-03-22,0.0,0.0,0.0,0.0
2025-03-23,0.0,0.0,0.0,0.0
2025-03-24,0.0,0.0,0.0,0.0
2025-03-25,0.0,0.0,0.0,0.0
2025-03-26,0.0,0.0,0.0,0.0
2025-03-27,0.0,0.0,0.0,0.0
2025-03-28,0.0,0.0,0.0,0.0
2025-03-29,0.0,0.0,0.0,0.0
2025-03-30,0.0,0.0,0.0,0.0
2025-03-31,0.0,0.0,0.0,0.0
2025-04-01,0.0,0.0,0.0,0.0
2025-04-02,0.0,0.0,0.0,0.0
2025-04-03,0.0,0.0,0.0,0.0
2025-04-04,0.0,0.0,0.0,0.0
2025-04-05,0.0,0.0,0.0,0.0
2025-04-06,0.0,0.0,0.0,0.0
2025-04-07,0.0,0.0,0.0,0.0
2025-04-08,0.0,0.0,0.0,0.0
2025-04-09,0.0,0.0,0.0,0.0
2025-04-10,0.0,0.0,0.0,0.0
2025-04-11,0.0,0.0,0.0,0.0
2025-04-12,0.0,0.0,0.0,0.0
2025-04-13,0.0,0.0,0.0,0.0
2025-04-14,0.0,0.0,0.0,0.0
2025-04-15,0.0,0.0,0.0,0.0
2025-04-16,0.0,0.0,0.0,0.0
2025-04-17,0.0,0.0,0.0,0.0
2025-04-18,0.0,0.0,0.0,0.0
2025-04-19,0.0,0.0,0.0,0.0
2025-04-20,0.0,0.0,0.0,0.0
2025-04-21,0.0,0.0,0.0,0.0
2025-04-22,0.0,0.0,0.0,0.0
2025-04-23,0.0,0.0,0.0,0.0
2025-04-24,0.0,0.0,0.0,0.0
2025-04-25,0.0,0.0,0.0,0.0
2025-04-26,0.0,0.0,0.0,0.0
2025-04-27,0.0,0.0,0.0,0.0
2025-04-28,0.0,0.0,0.0,0.0
2025-04-29,-0.00013522801112642036,-0.00018650801894848357,-0.00013760590717992738,-0.0001882756802241703
2025-04-30,0.002880014374199824,0.003357739095541934,0.002450557284138677,0.0034953460719939766
2025-05-01,0.0011051225598504022,0.002466941161775482,0.00017332317586937762,0.0008500620110669654
2025-05-02,-0.008423856809593677,-0.008900432201084829,-0.007655955100408507,-0.008627245297273212
2025-05-03,0.005238782726962876,0.005184032587389753,0.005930477007004331,0.004143321917226439
2025-05-04,-0.0018784878162299012,0.0012100558294123598,-0.001023808511926183,0.002558211522693865
2025-05-05,0.000970718379345259,0.002529330012533304,0.00012252796039557978,0.002423640407674732
2025-05-06,0.00127752366335665,0.0007108059050178195,0.0016844610710182728,0.0009999020912836443
2025-05-07,0.0028525225848639035,0.002804439751067811,0.0009680508678484578,-0.0036122847756793197
2025-05-08,0.0017199233897913224,-0.000136291403944222,0.002048122879442449,0.0033920860796130547
2025-05-09,-0.0066825944262083325,0.002005434141582718,-0.0058302130443167455,-0.0038540817820611473
2025-05-10,0.0028784538071708887,0.00233759923777499,0.0006346851313379087,-0.0015034803341289482
2025-05-11,-0.0036785027074671683,-0.001392982869220849,-0.0026721894372658817,-0.00936768710364344
2025-05-12,-0.00015022717417323417,-0.0029923855838392965,-0.0006943272242435627,0.0026666103771753047
2025-05-13,-0.0007661077058860322,0.00024774546228578664,-0.0008096557054134701,-0.005015458864676026
2025-05-14,-0.0031570874218788125,-0.006738430137166129,-0.005495325527789419,-0.004604005953078749
2025-05-15,0.006292587398567306,0.005550049171647364,0.0029195414343219372,0.003704209206702558
2025-05-16,0.008071955953815158,0.009159622306385673,0.00146125764572691,0.009016076578774124
2025-05-17,0.003305303171391216,0.002931676077605694,-0.00074354976753499,0.00031554592466731535
2025-05-18,0.0035415063161250426,0.0053411285391935515,0.0013835985614849555,0.003627299321996569
2025-05-19,-0.0035946269371197603,-0.010022270974928027,-0.0005285178392707701,-0.0009576551900465358
2025-05-20,0.0006486161384928746,0.0020723593780309635,-0.011722035087751603,-0.01038272172097543
2025-05-21,0.000668464385838341,-0.0003167085211923659,0.006388806446109951,0.00511773993426301
2025-05-22,-0.0026872132446627006,-0.0011477501610775986,0.00023213565821333937,0.015243738594716394
2025-05-23,0.007630629465012584,0.004501523793304152,0.0026741662343754413,-0.0011399954257760303
2025-05-24,-0.010287948346580866,-0.009557879838845262,0.003120446557612011,0.0036442080889798056
2025-05-25,-0.0013133305965985498,-0.0018376519329124097,0.0004990824823818407,0.002044049552464733
2025-05-26,-0.005970422560121258,-0.004581677623825775,0.0015519141547626347,0.00264091464466909
2025-05-27,0.0014990188632373336,0.001263695550151711,0.001271407050399409,-0.00023566320842494104
2025-05-28,0.004014093909263883,0.0009580076132122972,0.0071172919417086256,0.0018272998236590343
2025-05-29,0.02130147304120822,0.02099848985656161,0.021532928945239282,0.019073221749970504
2025-05-30,0.0001495807731022314,-0.001787401131522648,0.0019495411883170277,-0.0010464201025329745
2025-05-31,-0.0071892543206586446,-0.010901004208106024,-0.010697913481689802,-0.011803636626987024
2025-06-01,0.008014946784463906,0.008078843184685436,0.006755071256430378,0.005501931273753868
2025-06-02,-0.011418857667711557,-0.008289766641655483,-0.008885695692272932,-0.005895601970297815
2025-06-03,7.784000849175854e-05,0.0008908852576443582,-0.0027192594161723482,-0.0013607670436384112
2025-06-04,0.001383861143355869,-0.0014080783450682866,9.075695259652683e-05,-0.0007449959988666821
2025-06-05,-0.0019448096610840127,-0.0014033737166653237,-0.0015483059379982622,-0.00330340160349174
2025-06-06,-0.0008264300315400375,-0.0008729110796430462,-0.0008534829672949273,-0.007539216297905549
2025-06-07,-0.0006423319945745298,-0.002531958290173719,-0.0012482559161536289,0.002126869891679428
2025-06-08,0.004426554393224036,0.004143123423923756,0.003337936933844876,0.0007931229707596188
2025-06-09,0.0009339848335412348,-0.0010018253593065962,8.626110142229138e-05,0.0027163139776313905
2025-06-10,-0.005809890341238244,-0.003647871235080591,-0.006276847089980553,-0.006114546320645675
2025-06-11,-0.005252444115576349,-0.006468305545730191,-0.004185405966925182,-0.006244349873465227
2025-06-12,-0.0006420490643399557,0.0023895586624418375,-0.0030733837853381685,0.0004400721345891867
2025-06-13,0.006431358767180484,0.00549042289260826,0.0008289688734202105,0.0035247876224107078
2025-06-14,0.004251833445220177,0.0006648533485000829,0.0035048820712291207,0.0016835289131746922
2025-06-15,-0.0014548946737863444,-0.0013601231536913838,-0.0004553807726107584,-0.00169744545468975
2025-06-16,0.004332045865873324,0.004267964361727161,0.0031123570615443352,0.0038689427300646617
2025-06-17,-0.0038535996985390453,-0.002332087775229863,-0.003956778408055306,-0.0035645431800159777
2025-06-18,0.00019056633602998474,0.003500946371494118,0.0009704930838270176,0.0011637378707134438
2025-06-19,0.0003469756258400736,0.0009058471011413882,0.001139785801969495,-0.0003551949000206722
2025-06-20,0.007170497359815009,0.006700514626762688,0.008895262540307813,0.006721346888292956
2025-06-21,0.0029645978575674192,0.005106062125245003,0.0017039764578354877,0.0016001294443301894
2025-06-22,0.0048221456672479235,0.005243565343252987,0.00350808645432088,0.002493181255182053
2025-06-23,-0.000900190698375325,0.003194455048150857,0.0019224171627691966,0.0036374773869776167
2025-06-24,-0.0066036844053734,-0.009116511830882912,-0.007172496019104524,-0.005711983897784156
2025-06-25,0.001467150356722291,0.00037526222859307623,0.0011260490422126956,-0.0009263832459145416
2025-06-26,-0.00493900595516461,-0.007667371796045264,-0.0030383393468195186,0.0030732206498653714
2025-06-27,-0.0010988142152297264,-0.0026726774206661252,-0.004729549060710547,-0.001466702731813263
2025-06-28,0.00021542725549772435,0.001699729893836821,0.0005182418918434628,0.0015083355231018114
2025-06-29,-0.00075409696280615,-0.00017770228978419844,-0.00037004538883589344,-0.00245723358137262
2025-06-30,0.00620665481782523,0.007972821332130176,0.0005932679805211727,-0.0008263718519194718
2025-07-01,-0.004647242019454878,-0.005460064638516449,-0.0005063372665986554,0.001191838803649814
2025-07-02,0.0014180470755240648,0.0018283803535215082,-0.003044926422122951,0.0012650190458673993
2025-07-03,-0.0037376838974227944,-0.00285404363198416,0.0006200767587754008,-0.006079594652985909
2025-07-04,-0.003023047873555895,-0.001917931022354713,-0.006377261022679437,-0.00629801223949511
2025-07-05,-0.00015714725304827315,-0.0006371462674344963,-0.0035334419152049934,0.00022530041509849497
2025-07-06,0.0008030475531866088,0.0004201763890154808,0.0007301041487568494,-0.0005879743673175009
2025-07-07,0.0035693571053194706,0.002397550423065997,0.004174252347423302,0.002171907401937956
2025-07-08,0.0036475449149526717,0.003598265650458954,0.005147599571476702,0.0041568097995881015
2025-07-09,0.002944463945423692,0.0008042875913201186,0.004726671279259076,-0.0006097615499476294
2025-07-10,0.016109376304499268,0.007497198760386459,0.01257472517796887,0.0037470575687814645
2025-07-11,0.00725025811971336,0.0024202032652533845,0.002225228254767897,-0.0021837898116888743
2025-07-12,0.019152274625434895,0.011682032908973516,0.013037300344584946,0.011102405922010172
2025-07-13,0.002219573740736447,0.0004834093103849302,0.0013355107732673233,0.002452116409338956
2025-07-14,0.028633256723260114,0.01960895469673396,0.02662587047390086,0.016883394009324704
2025-07-15,-0.012475497793937751,-0.011162206221069781,-0.007759275936268795,-0.009829632671110033
2025-07-16,-0.004532021669183872,0.0020606217351428757,0.0010697767791969515,-0.0027371044210507955
2025-07-17,-0.0018074637161850093,-0.01129099924409438,-0.002225262960818375,0.0006986124640477875
2025-07-18,0.0035903525353710997,-0.0157670249547327,-0.015981019589710654,-0.011020661508737262
2025-07-19,-0.012547304756229782,-0.01266797733511238,0.007306785545120542,0.0031305994176953345
2025-07-20,-0.008941000237470575,-0.00831444164822237,-0.008001599355233813,-0.01643987116894763
2025-07-21,0.006499545048656907,0.0007450913527946579,0.008894220176810963,-0.003282304250448176
2025-07-22,-0.0010891374518176011,0.0013434034209389711,-0.000979688225270836,0.005233326862431609
2025-07-23,-0.0006277946750626873,0.003251351595432661,-0.0012769688101078591,-0.0023955961188408814
2025-07-24,0.006880843415190796,0.0074118206540660925,0.013431907741174198,0.013963424847726946
2025-07-25,-0.008091360002423498,-0.007789044159883574,-0.0009550612245352585,-0.002870532990392416
2025-07-26,0.010952756347217818,0.012204916592520876,0.011625242448759954,0.010428220195013882
2025-07-27,-0.000468628449732611,0.0021248181799842225,0.0002821520568632163,0.004375550086306745
2025-07-28,0.006919341264681522,0.006859294815754868,0.006131853843667878,0.006135321308287978
2025-07-29,-0.002824289979841299,-0.001537353340432035,0.0011918787469791248,0.0009697660319640811
2025-07-30,0.001974654241375884,0.00024165627833538927,-0.005412786678798742,-0.0050854773273306675
2025-07-31,-0.002505626789363391,-0.005619035683190665,0.009739741538415503,0.003605630806678528
2025-08-01,0.0066268013420356375,0.003455859159004815,-0.00036571885566394347,-0.0006025964400361294
2025-08-02,-0.0008612536914087698,0.0009935464173429498,-0.0003304970666088147,-0.0020390355588219
2025-08-03,-0.0017596089772307089,-0.002605967468351844,-0.00011302172271021593,-0.0017107408024004123
2025-08-04,-0.0026852369845761226,0.0013111067501907492,-0.0005845042604946116,0.0019586684688848166
2025-08-05,-0.01585284822700228,-0.01476572619924088,-0.0032053982956449234,-0.004462903194884071
2025-08-06,0.005058088525656146,-0.001502127708681189,0.004796861284651399,0.00025091548693656485
2025-08-07,0.005728769287008495,0.007180949411919935,0.005486604430838593,0.00799393084407396
2025-08-08,0.016027824678059188,0.021259605739602616,0.017243326895553412,0.017958684443754258
2025-08-09,0.0025754161963991162,0.005229767118081652,0.0028490433316945563,0.00412001918931848
2025-08-10,0.012144290326663754,0.015896135854928994,0.012379485145877611,0.01580531214258496
2025-08-11,0.0016793803101431415,-0.0043710590792902515,-0.0009126239008810932,-0.0029346801184590987
2025-08-12,-0.013501976655520664,-0.017565005415149826,-0.01306188499407035,-0.014619883063602956
2025-08-13,-0.004703191392297135,-0.0066730946467875585,-0.003931839105416168,0.0017910116076458316
2025-08-14,-0.0011268047087320543,0.004065159871622592,0.0045761709584346555,0.004514718573429777
2025-08-15,0.007489590442610439,0.010234686320621744,-0.007073589506118805,-0.002872091557546641
2025-08-16,0.0035207303683821856,0.007261197827975074,0.0033607925160792362,0.001594800587699119
2025-08-17,-0.0075843809793338934,-0.007404059860343093,-0.003267917281022048,-0.001996278943968366
2025-08-18,-0.0044738344564732024,-0.0067458830138446,-0.00020297680781256044,-0.002194823758403963
2025-08-19,-0.0008621719058302668,-0.005479613272306838,-0.003851378096039415,-0.004542937294102489
2025-08-20,0.005836353465886068,0.0016536133959681454,0.0007867266604142387,0.005824697868352935
2025-08-21,0.0008162184143232221,0.003296801239426328,0.0054450816698075055,0.0028973400556253637
2025-08-22,-0.0002967916751075439,-0.00012403794088122755,-0.002911547861588426,-0.0042307917635396874
2025-08-23,-0.006760713929326423,-0.00546684138700626,-0.005843067450564621,-0.008767829542996042
2025-08-24,0.002252551085590637,0.002336058911553307,0.0019326481828869646,0.0016051546003430506
2025-08-25,-2.6782675927927713e-05,-0.001591737265022486,0.003335584410899317,0.002781904373352573
2025-08-26,0.003361977544938277,-0.0015383702324722748,0.007126084744032424,0.006376216374448518
2025-08-27,-0.006948130822277965,-0.006296591930955775,-0.007917032724475193,-0.006442709593158402
2025-08-28,-0.00267772771097885,-0.001989299958734314,-0.0010289209612202033,-0.0009907477333557235
2025-08-29,0.007915671686104853,0.008831320869812531,0.007739237482813133,0.006221334813193202
2025-08-30,0.008465421679621388,0.007994542599844001,0.008350767509113677,0.00584994499037661
2025-08-31,0.009318558466893112,0.007010446832965922,0.006925930068409691,0.005846899534857952
2025-09-01,0.011052396951630294,0.0077151919673053015,0.010100795551665431,0.006619558732900543
2025-09-02,0.005312192077532973,0.0002948935346629433,0.007342618767544273,0.001878273270347952
2025-09-03,-0.0045359245538753035,-0.006081761194844715,-0.002033116580844263,-0.005642400584653484
2025-09-04,0.003358364463073249,0.00045908816212336667,0.0013145252214101788,-0.00030207460155318167
2025-09-05,0.005112886386810178,0.004314841106702438,0.005624834992130623,0.004579035391590214
2025-09-06,0.002581668369246115,-6.216059738950452e-05,0.0017249372404308794,-0.00023705112280070217
2025-09-07,-0.0010879577252613792,-0.0005411391666345633,0.0012829881442546487,-0.0002875123351135933
2025-09-08,0.0011201270621872261,0.001205335296784904,-0.00040585463311249015,0.0012734641709823968
2025-09-09,0.0035891880150553668,0.0011768785638868184,-2.96703342838045e-05,-0.0001380350482026449
2025-09-10,-0.003400903867369909,-0.004819265351257762,0.0004919799765017441,-0.0038062485889843733
2025-09-11,-0.01138121933197589,-0.010315679604572248,-0.0113262638384376,-0.009459383397564247
2025-09-12,0.0003628675473050791,0.001259210202988914,-0.0009270519609040351,-7.971072572399152e-05
2025-09-13,0.008215790452798633,0.0038358402084339716,0.002257617564537906,0.003845168208451488
2025-09-14,-0.0009758311321801383,-0.0049486131706192316,-0.006161443467513017,-0.006596017619718064
2025-09-15,0.00016132832085613558,0.00202297061131107,0.0009696783465051872,2.203391643673669e-05
2025-09-16,-0.002289699883987306,0.0019331847689740833,0.0018272863899166936,0.0012126739045021928
2025-09-17,-0.010903213190228911,-0.009753847891302514,-0.00415745486009822,-0.006656036483483674
2025-09-18,0.009056862218176587,0.004730033226249208,0.005004459374183812,-0.001830609921144144
2025-09-19,-0.0021833449669698135,0.0008962082409382788,-0.002801729441351486,-0.0022420179917183036
2025-09-20,0.0016652385316933138,0.0017614846247522298,0.0046487215378518965,0.008462160980775346
2025-09-21,0.0036436322137241017,0.0025217683371570043,0.010008640228765797,0.005726810921965253
2025-09-22,-0.0009210383263946742,0.0024647267493187464,0.004347899386912379,0.005635979451901418
2025-09-23,0.005397568003253639,0.006510448157000193,0.00892192519371382,0.005984444252081111
2025-09-24,0.0022722545407887207,0.004702205897306522,0.001319170957194693,0.003532818380667546
2025-09-25,-0.0022925492278900172,-0.001996028393666305,0.0005366766958834202,-0.003281459023539157
2025-09-26,0.007093397567986548,0.009111049534121562,0.002967331505806081,0.0036565045433234467
2025-09-27,-0.0023537682966752183,-0.001127202449862419,-0.002842712890667065,-0.0015456448169333115
2025-09-28,0.0009490150965025812,0.0013273797885748895,9.677920234651971e-05,-1.9434191991907213e-05
2025-09-29,-0.004569648018660888,-0.004626460878748628,-0.0019358348702075423,-0.003791198408854224
2025-09-30,-0.012282420695184038,-0.007260143651196427,-0.007892958119533278,-0.004594359720593522
2025-10-01,0.012518341370505892,0.00842954371147342,0.011847826270133588,0.006582144860248995
2025-10-02,-0.010992273191220092,-0.006140001208671753,-0.009009661665334678,-0.004615438344582112
2025-10-03,-0.013127982135536675,-0.009891126953865181,-0.011856985147895016,-0.008371111866090408
2025-10-04,0.0056662537022036386,0.0040829675543661015,0.0058772126539037295,0.005027455070304887
2025-10-05,-0.002903101237631045,-0.0004901118310817187,-0.0018247842169925033,0.0008593151800599941
2025-10-06,0.007111453986478722,0.006428905528975237,0.007228103731331759,0.008468428211993118
2025-10-07,0.0029985054073424777,0.009383950841961086,-9.336512905888661e-05,0.0026999443649868837
2025-10-08,-0.009259785027632361,0.003713428334567226,-0.003686870535338782,-0.003628317094118705
2025-10-09,0.00202386783355446,-0.0024092736475490595,-0.0013387775445735661,-0.002577478701566105
2025-10-10,-0.005039517535591731,-0.003376581478109597,-0.00372675752054219,-0.005117274930752425
2025-10-11,0.011781975749712181,0.021797143933262042,0.0005050213208406262,0.01258505966481649
2025-10-12,0.0010196011988896636,-0.0004098030765666838,0.0016533113839249935,0.007183687081713019
2025-10-13,0.02261237495432966,0.018925714019270012,0.003038606313521708,0.01776297644848146
2025-10-14,0.01574999830625412,0.008750133945850891,-0.0004566553477177715,0.011773139203286487
2025-10-15,0.0011701916648914068,-0.00026534565019498135,0.0018681798900888058,0.00033917860389021115
2025-10-16,0.0021595912623102453,0.0012942991704105733,0.0022491002181455055,0.0019423297273881701
2025-10-17,0.002255246703286584,0.0006167971811135153,0.001993792437275488,0.0010505999392020904
2025-10-18,-0.0015179851593798421,-0.0011679992534066042,-0.0005559035557153313,-0.00042237726172211776
2025-10-19,-0.000961171621947976,-0.00024895611445019394,-0.0012530646678865498,-0.0012308410991980212
2025-10-20,-0.0010969007244697737,1.3415702220687109e-05,-8.445980095006522e-05,-0.0004621372789034295
2025-10-21,-0.001527581813804968,-0.002030709241831241,-0.0009695266717009154,-0.0027520154546228914
2025-10-22,0.0014901391354615878,0.0007727524932588103,0.0013686307118980778,0.0010465652526807645
2025-10-23,0.00019396780601921293,0.0003377867773450838,-0.0002829776374746462,-0.0006209572211429704
2025-10-24,-0.0010186913345837656,-0.0012753056678973529,-0.0015856156510251074,-0.001810585061320369
2025-10-25,-0.0010422947831106866,-0.001403196033552434,-0.0011793651927568538,-0.0010696453293905783
2025-10-26,-0.0004564488172247305,-0.0005258650594470726,-0.0028062313213415013,-0.002250844913691985
2025-10-27,-0.00022126669257782616,-0.000671990188310212,-0.0021425932852200402,-0.0017885063332815365
2025-10-28,0.0005402197710655532,0.0002305485576339361,-0.00011819100657173287,-0.0003378863163554513
2025-10-29,0.0018367580597213884,0.0025443572880607945,0.0014912674014726512,0.0007570889854220386
2025-10-30,0.0012115485504162748,0.00023082630038051555,0.0006296439938853204,0.0008313994759605592
2025-10-31,0.0034699459490137308,0.004335348760499125,0.004098848684088496,0.0032581751005089643
2025-11-01,-0.0022483056585379524,-0.00174520204260864,-0.002386002119647568,-0.0008938522508847857
2025-11-02,0.0019428897004687418,-0.0017605621986268583,0.0021694769770346234,0.004105816946395446
2025-11-03,-0.000981400592692916,-0.0006380289729184252,-0.0018099139684903953,0.0022855390131915065
2025-11-04,0.0005045433435049151,0.0010809393564379377,0.0014095764163144509,0.0007952347756110534
2025-11-05,0.012633754304537392,0.009384206456086286,0.005924159056762468,0.010058902204121756
2025-11-06,0.004867991201454203,0.0037615686232934653,0.0006423669301174328,0.0007042459853523475
2025-11-07,0.0023851450150238485,0.0019138751920992902,0.0010989035559898497,0.004359855183713179
2025-11-08,0.01300376047415197,0.01631430027866454,0.01162274172915656,0.01044044361981955
2025-11-09,0.0020414423947130445,0.000848044444554219,-0.0015980512271632774,0.0013004128758127287
2025-11-10,-0.009648599457012574,-0.008892751421678335,-0.007889802495384957,-0.01053461722132809
2025-11-11,8.695303906725016e-05,0.0009513421398898991,0.0016198394379023373,-0.0008635884666681193
2025-11-12,0.0,0.0,0.0,0.0
2025-11-13,0.0,0.0,0.0,0.0
2025-11-14,0.0,0.0,0.0,0.0
2025-11-15,0.0,0.0,0.0,0.0
2025-11-16,0.0,0.0,0.0,0.0
2025-11-17,0.0,0.0,0.0,0.0
2025-11-18,0.0,0.0,0.0,0.0
2025-11-19,0.0,0.0,0.0,0.0
2025-11-20,0.0,0.0,0.0,0.0
2025-11-21,0.0,0.0,0.0,0.0
2025-11-22,0.0,0.0,0.0,0.0
2025-11-23,0.0,0.0,0.0,0.0
2025-11-24,0.0,0.0,0.0,0.0
2025-11-25,0.0,0.0,0.0,0.0
2025-11-26,0.0,0.0,0.0,0.0
2025-11-27,0.0,0.0,0.0,0.0
2025-11-28,0.0,0.0,0.0,0.0
2025-11-29,0.0,0.0,0.0,0.0
2025-11-30,0.0,0.0,0.0,0.0
2025-12-01,0.0,0.0,0.0,0.0
2025-12-02,0.0,0.0,0.0,0.0
2025-12-03,0.0,0.0,0.0,0.0
2025-12-04,0.0,0.0,0.0,0.0
2025-12-05,0.0,0.0,0.0,0.0
2025-12-06,0.0,0.0,0.0,0.0
2025-12-07,0.0,0.0,0.0,0.0
2025-12-08,0.0,0.0,0.0,0.0
2025-12-09,0.0,0.0,0.0,0.0
2025-12-10,0.0,0.0,0.0,0.0
2025-12-11,0.0,0.0,0.0,0.0
2025-12-12,0.0,0.0,0.0,0.0
2025-12-13,0.0,0.0,0.0,0.0
2025-12-14,0.0,0.0,0.0,0.0
2025-12-15,0.0,0.0,0.0,0.0
2025-12-16,0.0,0.0,0.0,0.0
2025-12-17,0.0,0.0,0.0,0.0
2025-12-18,0.0,0.0,0.0,0.0
2025-12-19,0.0,0.0,0.0,0.0
2025-12-20,0.0,0.0,0.0,0.0
2025-12-21,0.0,0.0,0.0,0.0
2025-12-22,0.0,0.0,0.0,0.0
2025-12-23,0.0,0.0,0.0,0.0
2025-12-24,0.0,0.0,0.0,0.0
2025-12-25,0.0,0.0,0.0,0.0
2025-12-26,0.0,0.0,0.0,0.0
2025-12-27,0.0,0.0,0.0,0.0
2025-12-28,0.0,0.0,0.0,0.0
2025-12-29,0.0,0.0,0.0,0.0
2025-12-30,0.0,0.0,0.0,0.0
2025-12-31,0.0,0.0,0.0,0.0
2026-01-01,0.0,0.0,0.0,0.0
2026-01-02,0.0,0.0,0.0,0.0
2026-01-03,0.0,0.0,0.0,0.0
2026-01-04,0.0,0.0,0.0,0.0
2026-01-05,0.0,0.0,0.0,0.0
2026-01-06,0.0,0.0,0.0,0.0
2026-01-07,0.0,0.0,0.0,0.0
2026-01-08,0.0,0.0,0.0,0.0
2026-01-09,0.0,0.0,0.0,0.0
2026-01-10,0.0,0.0,0.0,0.0
2026-01-11,0.0,0.0,0.0,0.0
2026-01-12,0.0,0.0,0.0,0.0
2026-01-13,0.0,0.0,0.0,0.0
2026-01-14,0.0,0.0,0.0,0.0
2026-01-15,0.0,0.0,0.0,0.0
2026-01-16,0.0,0.0,0.0,0.0
2026-01-17,0.0,0.0,0.0,0.0
2026-01-18,0.0,0.0,0.0,0.0
2026-01-19,0.0,0.0,0.0,0.0
2026-01-20,0.0,0.0,0.0,0.0
2026-01-21,0.0,0.0,0.0,0.0
2026-01-22,0.0,0.0,0.0,0.0
2026-01-23,0.0,0.0,0.0,0.0
2026-01-24,0.0,0.0,0.0,0.0
2026-01-25,0.0,0.0,0.0,0.0
2026-01-26,0.0,0.0,0.0,0.0
2026-01-27,0.0,0.0,0.0,0.0
2026-01-28,0.0,0.0,0.0,0.0
2026-01-29,0.0,0.0,0.0,0.0
2026-01-30,0.0,0.0,0.0,0.0
2026-01-31,0.0,0.0,0.0,0.0
2026-02-01,0.0,0.0,0.0,0.0
2026-02-02,0.0,0.0,0.0,0.0
2026-02-03,0.0,0.0,0.0,0.0
2026-02-04,0.0,0.0,0.0,0.0
2026-02-05,0.0,0.0,0.0,0.0
2026-02-06,0.0,0.0,0.0,0.0
2026-02-07,0.0,0.0,0.0,0.0
2026-02-08,0.0,0.0,0.0,0.0
2026-02-09,0.0,0.0,0.0,0.0
2026-02-10,0.0,0.0,0.0,0.0
2026-02-11,0.0,0.0,0.0,0.0
2026-02-12,0.0,0.0,0.0,0.0
2026-02-13,0.0,0.0,0.0,0.0
2026-02-14,0.0,0.0,0.0,0.0
2026-02-15,0.0,0.0,0.0,0.0
2026-02-16,0.0,0.0,0.0,0.0
2026-02-17,0.0,0.0,0.0,0.0
2026-02-18,0.0,0.0,0.0,0.0
2026-02-19,0.0,0.0,0.0,0.0
2026-02-20,0.0,0.0,0.0,0.0
2026-02-21,0.0,0.0,0.0,0.0
2026-02-22,0.0,0.0,0.0,0.0
2026-02-23,0.0,0.0,0.0,0.0
2026-02-24,0.0,0.0,0.0,0.0
2026-02-25,0.0,0.0,0.0,0.0
2026-02-26,0.0,0.0,0.0,0.0
2026-02-27,0.0,0.0,0.0,0.0
2026-02-28,0.0,0.0,0.0,0.0
2026-03-01,0.0,0.0,0.0,0.0
2026-03-02,0.0,0.0,0.0,0.0
2026-03-03,0.0,0.0,0.0,0.0
2026-03-04,0.0,0.0,0.0,0.0
2026-03-05,0.0,0.0,0.0,0.0
2026-03-06,0.0,0.0,0.0,0.0
2026-03-07,0.0,0.0,0.0,0.0
2026-03-08,0.0,0.0,0.0,0.0
2026-03-09,0.0,0.0,0.0,0.0
2026-03-10,0.0,0.0,0.0,0.0
2026-03-11,0.0,0.0,0.0,0.0
2026-03-12,0.0,0.0,0.0,0.0
2026-03-13,0.0,0.0,0.0,0.0
2026-03-14,0.0,0.0,0.0,0.0
2026-03-15,0.0,0.0,0.0,0.0
2026-03-16,0.0,0.0,0.0,0.0
2026-03-17,0.0,0.0,0.0,0.0
2026-03-18,0.0,0.0,0.0,0.0
2026-03-19,0.0,0.0,0.0,0.0
2026-03-20,0.0,0.0,0.0,0.0
2026-03-21,0.0,0.0,0.0,0.0
2026-03-22,0.0,0.0,0.0,0.0
2026-03-23,0.0,0.0,0.0,0.0
2026-03-24,0.0,0.0,0.0,0.0
2026-03-25,0.0,0.0,0.0,0.0
2026-03-26,0.0,0.0,0.0,0.0
2026-03-27,0.0,0.0,0.0,0.0
2026-03-28,0.0,0.0,0.0,0.0
2026-03-29,0.0,0.0,0.0,0.0
2026-03-30,0.0,0.0,0.0,0.0
2026-03-31,0.0,0.0,0.0,0.0
2026-04-01,0.0,0.0,0.0,0.0
2026-04-02,0.0,0.0,0.0,0.0
2026-04-03,0.0,0.0,0.0,0.0
2026-04-04,0.0,0.0,0.0,0.0
2026-04-05,0.0,0.0,0.0,0.0
2026-04-06,0.0,0.0,0.0,0.0
2026-04-07,0.0,0.0,0.0,0.0
2026-04-08,0.0,0.0,0.0,0.0
2026-04-09,0.0,0.0,0.0,0.0
2026-04-10,0.0,0.0,0.0,0.0
2026-04-11,0.0,0.0,0.0,0.0
2026-04-12,0.0,0.0,0.0,0.0
2026-04-13,0.0,0.0,0.0,0.0
2026-04-14,0.0,0.0,0.0,0.0
2026-04-15,0.0,0.0,0.0,0.0
2026-04-16,0.0,0.0,0.0,0.0
2026-04-17,0.0,0.0,0.0,0.0
2026-04-18,0.0,0.0,0.0,0.0
2026-04-19,0.0,0.0,0.0,0.0
2026-04-20,0.0,0.0,0.0,0.0
2026-04-21,0.0,0.0,0.0,0.0
2026-04-22,0.0,0.0,0.0,0.0
2026-04-23,0.0,0.0,0.0,0.0
2026-04-24,0.0,0.0,0.0,0.0
2026-04-25,0.0,0.0,0.0,0.0
2026-04-26,0.0,0.0,0.0,0.0
2026-04-27,0.0,0.0,0.0,0.0
2026-04-28,0.0,0.0,0.0,0.0
2026-04-29,0.0,0.0,0.0,0.0
2026-04-30,0.0,0.0,0.0,0.0
2026-05-01,0.0,0.0,0.0,0.0
2026-05-02,0.0,0.0,0.0,0.0
2026-05-03,0.0,0.0,0.0,0.0
2026-05-04,0.0,0.0,0.0,0.0
2026-05-05,0.0,0.0,0.0,0.0
2026-05-06,0.0,0.0,0.0,0.0
2026-05-07,0.0,0.0,0.0,0.0
2026-05-08,0.0,0.0,0.0,0.0
2026-05-09,0.0,0.0,0.0,0.0
2026-05-10,0.0,0.0,0.0,0.0
2026-05-11,0.0,0.0,0.0,0.0
2026-05-12,0.0,0.0,0.0,0.0
2026-05-13,0.0,0.0,0.0,0.0
2026-05-14,0.0,0.0,0.0,0.0
2026-05-15,0.0,0.0,0.0,0.0
2026-05-16,0.0,0.0,0.0,0.0
2026-05-17,0.0,0.0,0.0,0.0
2026-05-18,0.0,0.0,0.0,0.0
2026-05-19,0.0,0.0,0.0,0.0
2026-05-20,0.0,0.0,0.0,0.0
2026-05-21,0.0,0.0,0.0,0.0
2026-05-22,0.0,0.0,0.0,0.0
2026-05-23,0.0,0.0,0.0,0.0
2026-05-24,0.0,0.0,0.0,0.0
2026-05-25,0.0,0.0,0.0,0.0
2026-05-26,0.0,0.0,0.0,0.0
2026-05-27,0.0,0.0,0.0,0.0
2026-05-28,0.0,0.0,0.0,0.0
2026-05-29,0.0,0.0,0.0,0.0
2026-05-30,0.0,0.0,0.0,0.0
2026-05-31,0.0,0.0,0.0,0.0
2026-06-01,0.0,0.0,0.0,0.0
2026-06-02,0.0,0.0,0.0,0.0
2026-06-03,0.0,0.0,0.0,0.0
2026-06-04,0.0,0.0,0.0,0.0
2026-06-05,0.0,0.0,0.0,0.0
2026-06-06,0.0,0.0,0.0,0.0
2026-06-07,0.0,0.0,0.0,0.0
2026-06-08,0.0,0.0,0.0,0.0
2026-06-09,0.0,0.0,0.0,0.0
2026-06-10,0.0,0.0,0.0,0.0
2026-06-11,0.0,0.0,0.0,0.0
2026-06-12,0.0,0.0,0.0,0.0
2026-06-13,0.0,0.0,0.0,0.0
2026-06-14,0.0,0.0,0.0,0.0
2026-06-15,0.0,0.0,0.0,0.0
2026-06-16,0.0,0.0,0.0,0.0
